[?25l[0m[38;2;255;255;255;48;2;255;255;255m▀▀▀▀▀▀▀▀▀▀▀▀▀▀▀▀▀▀▀▀▀▀▀▀▀▀▀▀▀▀▀▀▀▀[48;2;254;255;255m▀[38;2;253;255;255;48;2;254;254;255m▀[38;2;169;160;163;48;2;166;158;161m▀[38;2;221;214;215;48;2;216;211;211m▀[38;2;254;250;245;48;2;247;246;240m▀[38;2;254;248;242;48;2;250;244;238m▀[38;2;155;145;141;48;2;153;142;139m▀[38;2;250;253;247;48;2;252;251;246m▀[38;2;253;255;251;48;2;254;254;250m▀[38;2;255;255;255;48;2;254;253;252m▀[38;2;255;254;255;48;2;252;250;248m▀[38;2;254;254;255;48;2;234;228;227m▀[38;2;255;254;255;48;2;213;206;206m▀[38;2;254;254;254;48;2;191;181;180m▀[38;2;254;255;255;48;2;177;166;166m▀[38;2;254;254;255;48;2;159;148;148m▀[38;2;254;255;254;48;2;162;152;152m▀[48;2;173;162;162m▀[38;2;254;254;254;48;2;182;170;171m▀[38;2;254;255;254;48;2;200;191;191m▀[38;2;254;254;254;48;2;223;217;216m▀[48;2;247;243;244m▀[38;2;254;255;253;48;2;254;253;251m▀[38;2;255;254;252;48;2;255;254;252m▀▀▀▀▀▀[38;2;255;255;253;48;2;255;255;253m▀▀▀▀▀▀▀▀▀[38;2;255;254;254;48;2;255;255;254m▀[38;2;252;254;253;48;2;246;250;251m▀[38;2;254;255;255;48;2;253;255;254m▀[48;2;254;255;255m▀▀▀▀▀[0m
[38;2;255;255;255;48;2;255;255;255m▀▀▀▀▀▀▀▀▀▀▀▀▀▀▀▀▀▀▀▀▀▀▀▀[48;2;254;255;255m▀▀[38;2;254;254;254;48;2;253;253;253m▀[48;2;176;176;176m▀[48;2;183;184;182m▀[48;2;253;253;252m▀[38;2;255;255;255;48;2;255;255;255m▀▀▀[38;2;254;255;255m▀[38;2;183;216;233;48;2;184;221;239m▀[38;2;242;251;251;48;2;178;215;234m▀[38;2;220;217;214;48;2;193;229;244m▀[38;2;195;190;184;48;2;156;205;237m▀[38;2;249;250;237;48;2;141;198;229m▀[38;2;251;248;239;48;2;227;239;239m▀[38;2;172;160;158;48;2;235;224;222m▀[38;2;152;142;138;48;2;140;127;127m▀[38;2;110;99;97;48;2;238;222;222m▀[38;2;91;79;78;48;2;254;240;240m▀[38;2;98;80;80;48;2;254;242;240m▀[38;2;113;95;93;48;2;252;243;238m▀[38;2;136;118;116;48;2;249;247;240m▀[38;2;157;141;139;48;2;250;248;241m▀[38;2;165;153;149;48;2;253;245;240m▀[38;2;173;161;158;48;2;254;244;240m▀[38;2;174;162;159m▀[38;2;168;156;153;48;2;255;244;242m▀[38;2;150;136;134;48;2;253;245;239m▀[38;2;79;59;58;48;2;250;241;236m▀[38;2;106;85;83;48;2;183;173;169m▀[38;2;91;73;72;48;2;184;175;173m▀[38;2;67;49;48;48;2;232;223;222m▀[38;2;106;90;90;48;2;165;149;149m▀[38;2;154;142;143;48;2;155;139;137m▀[38;2;209;203;202;48;2;124;109;106m▀[38;2;251;248;247;48;2;83;67;67m▀[38;2;253;253;251;48;2;117;107;105m▀[38;2;254;254;252;48;2;197;190;189m▀[38;2;254;254;253;48;2;252;248;248m▀[38;2;255;255;253;48;2;254;254;252m▀[48;2;255;255;253m▀▀▀▀▀▀[48;2;255;255;255m▀[38;2;253;255;254;48;2;252;254;254m▀[38;2;236;245;248;48;2;227;241;246m▀[38;2;251;254;255;48;2;248;254;255m▀[38;2;254;255;255;48;2;254;255;255m▀▀▀▀▀[0m
[38;2;255;255;255;48;2;255;255;255m▀▀▀▀▀▀▀▀[48;2;255;255;253m▀▀[48;2;255;255;255m▀▀▀▀▀▀▀▀▀▀▀▀▀[38;2;254;255;255;48;2;254;255;255m▀[38;2;249;253;254;48;2;232;229;231m▀[38;2;245;243;245;48;2;131;90;103m▀[38;2;134;108;116;48;2;196;104;135m▀[38;2;152;78;102;48;2;207;103;139m▀[38;2;120;60;78;48;2;211;180;195m▀[38;2;169;156;156;48;2;215;225;233m▀[38;2;252;253;253;48;2;231;236;238m▀[38;2;251;254;254;48;2;236;239;242m▀[38;2;246;252;251;48;2;121;191;236m▀[38;2;196;230;242;48;2;89;177;237m▀[38;2;126;197;235;48;2;100;181;238m▀[38;2;85;178;240;48;2;101;183;238m▀[38;2;84;177;242;48;2;130;198;241m▀[38;2;83;178;243;48;2;205;234;245m▀[38;2;106;183;224;48;2;236;246;251m▀[38;2;212;222;226;48;2;242;240;241m▀[38;2;159;150;149;48;2;196;187;185m▀[38;2;172;162;161;48;2;192;184;180m▀[38;2;237;226;225;48;2;205;195;192m▀[38;2;253;240;239;48;2;230;217;216m▀[38;2;253;240;240;48;2;176;164;163m▀[38;2;248;234;234;48;2;179;168;168m▀[38;2;203;193;191;48;2;219;209;207m▀[38;2;170;161;159;48;2;250;240;238m▀[38;2;168;161;158;48;2;250;246;241m▀[38;2;182;178;174;48;2;247;251;245m▀[38;2;238;240;245;48;2;133;192;227m▀[38;2;233;233;238;48;2;171;212;235m▀[38;2;170;169;158;48;2;253;252;243m▀[38;2;164;159;152;48;2;254;252;247m▀[38;2;177;172;169;48;2;238;234;235m▀[38;2;197;191;192;48;2;196;189;195m▀[38;2;167;160;159;48;2;162;155;158m▀[38;2;244;237;237;48;2;140;133;133m▀[38;2;200;193;193;48;2;172;165;165m▀[38;2;197;189;188;48;2;211;205;204m▀[38;2;253;247;244;48;2;184;179;176m▀[38;2;211;205;202;48;2;252;246;243m▀[38;2;128;115;114;48;2;253;246;244m▀[38;2;86;65;67;48;2;247;235;234m▀[38;2;160;146;148;48;2;169;149;150m▀[38;2;244;240;241;48;2;85;62;62m▀[38;2;254;253;252;48;2;159;144;145m▀[38;2;254;254;252;48;2;247;243;242m▀[38;2;255;255;253;48;2;255;255;253m▀▀▀[38;2;254;254;254;48;2;255;255;255m▀[38;2;250;254;255;48;2;248;255;254m▀[38;2;219;241;244;48;2;209;241;244m▀[38;2;246;254;254;48;2;245;253;253m▀[38;2;253;255;255;48;2;253;255;255m▀[38;2;255;255;255;48;2;255;255;255m▀▀▀▀[0m
[38;2;255;255;255;48;2;255;255;255m▀▀▀▀▀▀▀[38;2;254;254;254;48;2;254;254;254m▀[38;2;254;254;251;48;2;230;239;242m▀[38;2;254;254;252;48;2;248;250;249m▀[38;2;255;254;253;48;2;255;253;254m▀▀[38;2;255;255;255;48;2;255;255;255m▀▀▀▀▀▀[48;2;255;255;254m▀[48;2;255;255;253m▀[48;2;254;255;252m▀[38;2;254;255;254;48;2;254;255;255m▀[38;2;249;254;254;48;2;241;239;240m▀[38;2;233;230;232;48;2;139;96;111m▀[38;2;139;91;107;48;2;208;108;142m▀[38;2;205;109;141;48;2;208;106;141m▀[38;2;211;100;142;48;2;190;135;159m▀[38;2;191;153;171;48;2;199;230;233m▀[38;2;185;222;242;48;2;101;177;231m▀[38;2;109;180;233;48;2;174;217;240m▀[38;2;207;210;213;48;2;237;239;240m▀[38;2;219;223;227;48;2;250;251;252m▀[38;2;167;209;239;48;2;248;247;249m▀[38;2;207;229;241;48;2;250;247;248m▀[38;2;244;247;247;48;2;251;247;247m▀[38;2;210;232;242;48;2;241;244;245m▀[38;2;118;181;232;48;2;109;191;232m▀[38;2;237;251;244;48;2;116;196;234m▀[38;2;244;252;252;48;2;105;184;240m▀[38;2;220;239;246;48;2;90;177;242m▀[38;2;240;249;246;48;2;190;220;242m▀[38;2;221;218;209;48;2;169;155;156m▀[38;2;189;179;172;48;2;201;190;185m▀[38;2;213;203;198;48;2;175;165;162m▀[38;2;249;239;236;48;2;134;123;119m▀[38;2;254;244;240;48;2;129;118;115m▀[38;2;253;241;240;48;2;156;147;145m▀[38;2;252;239;238;48;2;238;226;225m▀[38;2;249;246;243;48;2;253;249;246m▀[38;2;229;246;241;48;2;199;230;236m▀[38;2;91;182;238;48;2;86;181;238m▀[38;2;124;198;231;48;2;135;204;235m▀[38;2;252;249;247;48;2;251;249;249m▀[38;2;252;246;248;48;2;253;248;253m▀[38;2;242;235;243;48;2;251;245;253m▀[38;2;241;233;246;48;2;242;232;246m▀[38;2;245;233;250;48;2;236;225;246m▀[38;2;249;239;250;48;2;246;237;249m▀[38;2;244;239;237;48;2;252;249;246m▀[38;2;174;169;166;48;2;253;249;245m▀[38;2;150;143;140;48;2;252;246;242m▀[38;2;146;138;136;48;2;199;191;188m▀[38;2;240;230;228;48;2;150;141;139m▀[38;2;241;227;223;48;2;210;198;193m▀[38;2;241;225;219;48;2;229;214;207m▀[38;2;239;223;216;48;2;230;213;205m▀[38;2;158;140;135;48;2;227;211;203m▀[38;2;85;64;64;48;2;207;190;184m▀[38;2;204;195;195;48;2;72;50;48m▀[38;2;253;253;251;48;2;139;125;126m▀[38;2;253;254;252;48;2;243;245;245m▀[38;2;253;254;253;48;2;244;248;247m▀[38;2;234;248;253;48;2;193;236;252m▀[38;2;194;235;253;48;2;182;233;254m▀[38;2;213;242;253;48;2;183;236;254m▀[38;2;251;254;254;48;2;222;246;253m▀[38;2;254;255;255;48;2;250;254;255m▀[38;2;255;255;255;48;2;251;255;255m▀[38;2;255;255;254;48;2;252;255;255m▀[38;2;255;255;255;48;2;255;255;255m▀[0m
[38;2;255;255;255;48;2;255;255;255m▀▀▀▀▀▀[48;2;254;255;255m▀[38;2;254;255;255m▀[38;2;168;211;234;48;2;210;235;244m▀[38;2;183;220;238;48;2;119;185;226m▀[38;2;252;252;254;48;2;240;246;250m▀[38;2;253;252;253;48;2;239;245;248m▀[38;2;255;254;253;48;2;251;255;254m▀[38;2;254;254;252;48;2;254;255;251m▀[48;2;254;254;252m▀[38;2;255;255;253m▀[38;2;253;254;251;48;2;226;239;246m▀[38;2;252;254;251;48;2;148;203;242m▀[38;2;238;246;250;48;2;97;178;243m▀[38;2;230;241;246;48;2;95;175;242m▀[38;2;246;246;246;48;2;192;225;239m▀[38;2;174;156;161;48;2;193;180;185m▀[38;2;113;72;83;48;2;112;62;72m▀[38;2;198;108;138;48;2;144;65;85m▀[38;2;207;105;140;48;2;195;112;140m▀[38;2;199;127;155;48;2;222;217;228m▀[38;2;213;224;234;48;2;119;194;234m▀[38;2;104;184;228;48;2;98;183;243m▀[38;2;137;195;233;48;2;226;240;247m▀[38;2;242;251;252;48;2;251;254;253m▀[38;2;247;253;251;48;2;175;213;234m▀[38;2;204;229;239;48;2;130;188;225m▀[38;2;230;247;246;48;2;172;218;242m▀[38;2;176;223;241;48;2;86;178;238m▀[38;2;125;201;238;48;2;89;179;238m▀[38;2;90;183;237;48;2;102;186;237m▀[38;2;81;181;243;48;2;138;201;237m▀[38;2;79;181;244;48;2;186;223;242m▀[38;2;83;181;242;48;2;154;206;233m▀[38;2;120;200;242;48;2;185;225;238m▀[38;2;232;242;245;48;2;249;252;251m▀[38;2;239;232;235;48;2;253;244;246m▀[38;2;168;161;161;48;2;224;217;217m▀[38;2;252;247;244;48;2;177;172;170m▀[38;2;255;252;246;48;2;253;252;247m▀[38;2;255;251;248;48;2;254;253;248m▀[38;2;217;213;209;48;2;253;253;248m▀[38;2;138;130;127;48;2;254;252;247m▀[38;2;172;169;164;48;2;249;251;248m▀[38;2;163;212;232;48;2;127;197;233m▀[38;2;82;179;239;48;2;86;179;242m▀[38;2;170;217;237;48;2;207;234;242m▀[38;2;251;252;249;48;2;251;253;248m▀[38;2;252;252;249;48;2;252;253;248m▀[38;2;253;252;250;48;2;253;253;249m▀[38;2;253;250;252;48;2;253;252;248m▀[38;2;252;247;246;48;2;255;252;246m▀[38;2;254;251;247;48;2;255;254;248m▀[38;2;255;252;248;48;2;255;252;248m▀[38;2;255;252;247;48;2;255;252;247m▀[38;2;255;251;247;48;2;254;251;245m▀[38;2;254;248;244;48;2;255;249;242m▀[38;2;235;226;223;48;2;250;241;235m▀[38;2;177;165;161;48;2;221;210;203m▀[38;2;170;157;152;48;2;208;191;185m▀[38;2;223;208;201;48;2;150;135;128m▀[38;2;223;207;199;48;2;212;194;188m▀[38;2;222;205;197;48;2;216;198;191m▀[38;2;210;193;185;48;2;213;197;190m▀[38;2;99;77;75;48;2;200;182;175m▀[38;2;91;76;84;48;2;138;117;112m▀[38;2;192;222;230;48;2;94;71;67m▀[38;2;188;239;253;48;2;196;211;224m▀[38;2;181;235;253;48;2;184;234;245m▀[38;2;178;235;252;48;2;193;233;246m▀[38;2;203;237;247;48;2;236;248;254m▀[38;2;224;241;249;48;2;252;255;255m▀[38;2;229;243;249;48;2;254;255;255m▀[38;2;241;249;251m▀[38;2;252;254;254m▀[0m
[38;2;255;255;255;48;2;255;255;255m▀▀▀▀[38;2;187;216;239;48;2;198;223;239m▀[38;2;223;237;245;48;2;143;192;230m▀[38;2;250;253;253;48;2;229;245;249m▀[38;2;251;253;253;48;2;164;215;236m▀[38;2;231;247;249;48;2;98;185;241m▀[38;2;107;187;238;48;2;83;178;244m▀[38;2;106;184;234;48;2;81;178;246m▀[38;2;92;179;237;48;2;113;190;239m▀[38;2;219;241;240;48;2;237;247;246m▀[38;2;253;253;250;48;2;250;254;249m▀[38;2;244;252;249;48;2;155;209;237m▀[38;2;169;216;239;48;2;96;183;238m▀[38;2;97;180;239;48;2;177;218;244m▀[38;2;106;185;242;48;2;241;248;249m▀[38;2;164;214;241;48;2;248;254;250m▀[38;2;148;208;240;48;2;244;253;250m▀[38;2;104;181;232;48;2;137;198;235m▀[38;2;203;228;236;48;2;120;187;229m▀[38;2;191;136;149;48;2;221;226;222m▀[38;2;180;103;122;48;2;118;86;93m▀[38;2;131;103;108;48;2;213;208;210m▀[38;2;171;214;242;48;2;137;189;234m▀[38;2;92;176;237;48;2;157;207;238m▀[38;2;199;227;244;48;2;251;252;248m▀[38;2;253;252;252;48;2;240;247;249m▀[38;2;204;234;246;48;2;114;182;241m▀[38;2;92;177;237;48;2;137;198;237m▀[38;2;197;226;243;48;2;251;252;247m▀[38;2;231;244;245;48;2;252;251;246m▀[38;2;204;232;239;48;2;252;251;247m▀[38;2;231;243;243;48;2;253;251;247m▀[38;2;247;252;248;48;2;244;246;244m▀[38;2;229;231;226;48;2;217;219;217m▀[38;2;224;223;216;48;2;215;231;236m▀[38;2;222;237;238;48;2;163;214;244m▀[38;2;130;193;234;48;2;88;183;247m▀[38;2;231;246;246;48;2;94;180;237m▀[38;2;228;240;241;48;2;119;191;232m▀[38;2;253;251;249;48;2;249;250;248m▀[38;2;175;173;170;48;2;247;248;244m▀[38;2;222;221;217;48;2;149;146;143m▀[38;2;254;252;248;48;2;250;247;243m▀[38;2;255;252;248;48;2;250;246;242m▀[38;2;255;253;248;48;2;251;247;243m▀[38;2;238;249;249;48;2;210;237;242m▀[38;2;101;184;236;48;2;89;178;239m▀[38;2;100;184;241;48;2;124;195;238m▀[38;2;211;220;227;48;2;237;238;243m▀[38;2;219;214;212;48;2;127;114;118m▀[38;2;246;244;234;48;2;190;176;168m▀[38;2;253;253;244;48;2;228;219;205m▀[38;2;254;253;248;48;2;235;230;221m▀[38;2;254;254;248;48;2;252;248;242m▀[38;2;254;254;249;48;2;254;254;247m▀[38;2;254;252;247;48;2;254;252;247m▀[38;2;255;252;247;48;2;255;252;247m▀[38;2;255;251;246;48;2;255;250;245m▀[38;2;255;247;240;48;2;255;246;240m▀[38;2;254;243;234;48;2;254;243;234m▀[38;2;247;231;223;48;2;251;236;228m▀[38;2;213;194;188;48;2;225;205;199m▀[38;2;212;191;186;48;2;205;183;179m▀[38;2;148;129;124;48;2;208;187;182m▀[38;2;202;183;177;48;2;147;128;123m▀[38;2;209;191;184;48;2;201;181;176m▀[38;2;209;189;183;48;2;202;180;176m▀[38;2;184;164;160;48;2;205;180;177m▀[38;2;165;140;139;48;2;162;137;133m▀[38;2;87;70;72;48;2;186;158;150m▀[38;2;194;214;215;48;2;92;72;73m▀[38;2;236;250;252;48;2;242;239;241m▀[38;2;253;252;253;48;2;254;249;251m▀[38;2;254;254;255;48;2;255;254;254m▀[38;2;254;255;255;48;2;255;255;255m▀▀▀[0m
[38;2;255;255;255;48;2;255;255;255m▀▀[38;2;253;254;253;48;2;250;252;253m▀[38;2;253;253;253;48;2;179;219;236m▀[38;2;224;243;247;48;2;97;183;239m▀[38;2;98;184;238;48;2;82;178;244m▀[38;2;87;182;244;48;2;82;178;243m▀[38;2;80;180;247;48;2;157;216;237m▀[38;2;93;181;243;48;2;227;248;249m▀[38;2;137;203;244;48;2;249;254;251m▀[38;2;114;185;235;48;2;176;217;241m▀[38;2;183;222;242;48;2;118;186;236m▀[38;2;253;255;255;48;2;251;253;252m▀[38;2;250;253;251;48;2;254;254;252m▀[38;2;177;211;227;48;2;239;242;238m▀[38;2;102;183;238;48;2;145;203;238m▀[38;2;217;237;241;48;2;133;196;234m▀[38;2;241;242;236;48;2;225;243;247m▀[38;2;236;243;244;48;2;166;211;239m▀[38;2;234;244;246;48;2;99;179;236m▀[38;2;154;215;242;48;2;89;179;239m▀[38;2;87;178;239;48;2;126;200;237m▀[38;2;150;202;235;48;2;97;179;234m▀[38;2;241;246;242;48;2;196;225;239m▀[38;2;252;253;249;48;2;251;252;248m▀[38;2;206;227;231;48;2;252;251;248m▀[38;2;248;249;249;48;2;246;246;246m▀[38;2;253;254;253;48;2;235;237;240m▀[38;2;162;208;239;48;2;100;181;228m▀[38;2;98;179;234;48;2;191;225;243m▀[38;2;127;191;230;48;2;154;204;231m▀[38;2;245;250;246;48;2;195;224;236m▀[38;2;254;253;245;48;2;251;251;243m▀[38;2;253;251;246;48;2;242;245;243m▀[38;2;195;226;239;48;2;111;186;235m▀[38;2;145;202;232;48;2;107;185;236m▀[38;2;106;183;239;48;2;130;196;234m▀[38;2;91;177;240;48;2;156;208;242m▀[38;2;92;178;238;48;2;191;225;242m▀[38;2;88;177;241;48;2;218;237;244m▀[38;2;105;184;234;48;2;110;186;236m▀[38;2;210;233;243;48;2;231;244;245m▀[38;2;252;252;250;48;2;253;252;250m▀[38;2;254;250;249;48;2;254;250;249m▀[38;2;180;175;172;48;2;243;236;234m▀[38;2;216;210;208;48;2;155;147;146m▀[38;2;247;240;238;48;2;248;239;238m▀[38;2;250;245;242;48;2;251;245;243m▀[38;2;176;220;244;48;2;139;202;239m▀[38;2;88;179;241;48;2;90;180;239m▀[38;2;162;212;242;48;2;201;231;243m▀[38;2;250;252;252;48;2;252;253;252m▀[38;2;249;243;243;48;2;252;252;247m▀[38;2;143;128;123;48;2;237;228;221m▀[38;2;179;167;161;48;2;143;129;126m▀[38;2;228;215;211;48;2;181;168;165m▀[38;2;217;206;202;48;2;225;211;208m▀[38;2;229;221;216;48;2;220;206;203m▀[38;2;251;248;243;48;2;193;181;178m▀[38;2;254;251;246;48;2;231;224;219m▀[38;2;255;247;241;48;2;254;245;239m▀[38;2;255;244;238;48;2;255;243;237m▀[38;2;252;239;232;48;2;249;236;230m▀[38;2;247;232;226;48;2;241;226;221m▀[38;2;235;217;213;48;2;234;216;212m▀[38;2;203;184;180;48;2;206;187;183m▀[38;2;202;181;178;48;2;198;175;172m▀[38;2;204;183;180;48;2;198;174;172m▀[38;2;143;124;121m▀[38;2;200;177;175;48;2;145;122;120m▀[38;2;200;176;174;48;2;198;174;172m▀[38;2;197;171;170;48;2;197;172;170m▀[38;2;164;138;135;48;2;155;129;126m▀[38;2;168;139;138;48;2;200;172;169m▀[38;2;122;106;106;48;2;131;103;102m▀[38;2;251;249;250;48;2;171;158;160m▀[38;2;254;253;254;48;2;254;253;254m▀[38;2;254;254;254;48;2;254;254;254m▀[38;2;255;255;255m▀▀[0m
[38;2;255;255;255;48;2;255;255;255m▀[38;2;254;254;255;48;2;253;255;254m▀[38;2;181;219;240;48;2;228;245;244m▀[38;2;100;174;237;48;2;226;244;243m▀[38;2;143;196;240;48;2;247;254;249m▀[38;2;199;228;246;48;2;254;254;246m▀[38;2;126;194;235;48;2;209;233;240m▀[38;2;157;209;236;48;2;102;181;235m▀[38;2;250;253;254;48;2;218;236;247m▀[38;2;249;254;254;48;2;239;246;249m▀[38;2;233;248;250;48;2;166;208;243m▀[38;2;102;181;240;48;2;93;180;240m▀[38;2;195;223;237;48;2;117;191;231m▀[38;2;225;219;223;48;2;204;190;192m▀[38;2;122;102;101;48;2;174;103;123m▀[38;2;207;229;239;48;2;222;191;198m▀[38;2;94;180;239;48;2;131;199;238m▀[38;2;105;185;240;48;2;93;180;242m▀[38;2;101;182;239;48;2;213;241;247m▀[38;2;158;210;242;48;2;186;187;183m▀[38;2;213;237;233;48;2;219;225;225m▀[38;2;234;254;250;48;2;159;206;239m▀[38;2;151;211;241;48;2;92;178;245m▀[38;2;102;183;241;48;2;88;176;243m▀[38;2;228;244;246;48;2;135;200;230m▀[38;2;250;244;242;48;2;213;210;217m▀[38;2;171;168;170;48;2;242;241;241m▀[38;2;233;234;237;48;2;250;251;250m▀[38;2;145;203;228;48;2;246;249;246m▀[38;2;248;251;251;48;2;252;253;247m▀[38;2;206;230;236;48;2;243;248;246m▀[38;2;129;191;228;48;2;113;183;231m▀[38;2;220;220;221;48;2;203;233;238m▀[38;2;221;222;217;48;2;251;252;249m▀[38;2;236;237;232;48;2;190;188;187m▀[38;2;238;237;236;48;2;242;241;239m▀[38;2;250;251;253;48;2;235;243;245m▀[38;2;252;253;254;48;2;214;236;238m▀[38;2;229;232;232;48;2;213;231;235m▀[38;2;200;203;203;48;2;236;244;246m▀[38;2;161;209;236;48;2;219;238;246m▀[38;2;171;214;237;48;2;121;186;227m▀[38;2;252;254;253;48;2;250;253;253m▀[38;2;254;253;250;48;2;254;253;250m▀[38;2;250;242;238;48;2;248;240;235m▀[38;2;154;142;139;48;2;181;171;166m▀[38;2;248;234;235;48;2;223;210;214m▀[38;2;246;247;249;48;2;233;242;246m▀[38;2;106;190;243;48;2;88;183;246m▀[38;2;98;183;240;48;2;119;193;241m▀[38;2;242;244;248;48;2;243;243;244m▀[38;2;253;254;252;48;2;249;246;246m▀[38;2;253;253;250;48;2;253;251;248m▀[38;2;248;244;238;48;2;253;252;247m▀[38;2;220;209;203;48;2;223;213;206m▀[38;2;136;122;118;48;2;214;199;192m▀[38;2;204;190;185;48;2;123;109;104m▀[38;2;228;213;208;48;2;229;214;208m▀[38;2;213;202;196;48;2;235;222;216m▀[38;2;197;188;182;48;2;194;184;178m▀[38;2;216;203;197;48;2;222;211;205m▀[38;2;241;229;223;48;2;221;208;202m▀[38;2;243;230;224;48;2;223;210;204m▀[38;2;237;222;217;48;2;232;217;212m▀[38;2;226;210;205;48;2;220;204;199m▀[38;2;212;192;189;48;2;212;192;188m▀[38;2;196;172;170;48;2;198;173;171m▀[38;2;197;171;170;48;2;197;171;170m▀[38;2;201;176;175;48;2;202;175;174m▀[38;2;188;163;162;48;2;213;187;186m▀[38;2;142;119;117;48;2;175;152;151m▀[38;2;194;168;167;48;2;152;129;127m▀[38;2;173;146;145;48;2;193;167;166m▀[38;2;180;152;150;48;2;158;132;129m▀[38;2;196;170;169;48;2;193;167;166m▀[38;2;101;78;78;48;2;176;151;149m▀[38;2;230;222;222;48;2;120;101;100m▀[38;2;253;253;254;48;2;254;250;251m▀[38;2;254;254;254;48;2;254;254;254m▀▀[0m
[38;2;255;255;255;48;2;255;255;255m▀▀▀[38;2;255;255;253;48;2;255;255;253m▀[38;2;254;255;251;48;2;254;255;251m▀[38;2;254;255;250;48;2;255;255;251m▀[38;2;250;253;251;48;2;254;254;252m▀[38;2;145;201;239;48;2;224;239;247m▀[38;2;111;190;241;48;2;89;178;242m▀[38;2;105;189;242;48;2;120;195;241m▀[38;2;87;176;236;48;2;211;229;244m▀[38;2;117;196;236;48;2;231;217;231m▀[38;2;97;181;234;48;2;154;206;234m▀[38;2;191;225;239;48;2;119;192;234m▀[38;2;208;145;167;48;2;218;203;212m▀[38;2;203;124;145;48;2;114;51;71m▀[38;2;205;224;234;48;2;197;166;181m▀[38;2;88;178;245;48;2;138;197;242m▀[38;2;160;213;241;48;2;87;179;241m▀[38;2;209;237;248;48;2;96;181;237m▀[38;2;114;188;242;48;2;122;194;242m▀[38;2;90;177;244;48;2;196;227;243m▀[38;2;107;181;236;48;2;237;244;245m▀[38;2;169;219;245;48;2;232;233;231m▀[38;2;98;178;233;48;2;161;208;236m▀[38;2;187;222;241;48;2;109;185;235m▀[38;2;251;253;246;48;2;245;250;245m▀[38;2;253;253;248;48;2;248;252;245m▀[38;2;253;254;248;48;2;254;253;247m▀[38;2;253;254;247;48;2;253;254;249m▀[38;2;248;251;246;48;2;180;179;173m▀[38;2;156;208;237;48;2;215;235;240m▀[38;2;141;200;235;48;2;99;179;234m▀[38;2;248;249;245;48;2;225;239;241m▀[38;2;176;174;174;48;2;185;183;184m▀[38;2;253;251;250;48;2;254;253;253m▀[38;2;141;197;237;48;2;249;250;250m▀[38;2;88;177;239;48;2;215;235;243m▀[38;2;83;179;235;48;2;170;215;245m▀[38;2;170;214;243;48;2;217;229;248m▀[38;2;249;252;252;48;2;231;239;244m▀[38;2;126;194;226;48;2;101;179;224m▀[38;2;211;235;237;48;2;211;235;236m▀[38;2;253;252;249;48;2;252;252;248m▀[38;2;249;242;235;48;2;193;190;182m▀[38;2;214;204;198;48;2;234;227;223m▀[38;2;189;178;181;48;2;162;158;161m▀[38;2;202;228;238;48;2;176;218;237m▀[38;2;90;178;242;48;2;90;179;244m▀[38;2;155;210;244;48;2;194;228;244m▀[38;2;240;235;231;48;2;242;234;227m▀[38;2;236;229;225;48;2;232;221;215m▀[38;2;253;250;245;48;2;239;227;223m▀[38;2;254;250;245;48;2;253;244;239m▀[38;2;237;227;220;48;2;249;239;231m▀[38;2;216;200;191;48;2;220;202;191m▀[38;2;203;186;178;48;2;213;196;186m▀[38;2;145;132;127;48;2;170;155;148m▀[38;2;241;227;220;48;2;202;189;182m▀[38;2;243;229;222;48;2;244;229;222m▀[38;2;175;164;161;48;2;233;220;217m▀[38;2;242;228;225;48;2;187;176;173m▀[38;2;236;221;216;48;2;245;231;226m▀[38;2;211;196;191;48;2;243;228;223m▀[38;2;216;198;194;48;2;216;198;194m▀[38;2;208;190;186;48;2;204;186;182m▀[38;2;199;176;174;48;2;200;179;176m▀[38;2;197;173;171;48;2;196;173;171m▀[38;2;199;175;173;48;2;198;173;171m▀[38;2;220;197;195;48;2;228;205;203m▀[38;2;223;203;199;48;2;228;209;205m▀[38;2;191;173;170;48;2;232;215;210m▀[38;2;163;141;139;48;2;205;189;186m▀[38;2;155;129;126;48;2;130;109;107m▀[38;2;191;165;164;48;2;199;173;172m▀[38;2;195;169;168;48;2;196;170;169m▀[38;2;121;97;95;48;2;192;165;164m▀[38;2;209;200;201;48;2;118;102;103m▀[38;2;255;253;255;48;2;254;252;254m▀[48;2;255;253;255m▀[0m
[38;2;255;255;255;48;2;255;255;255m▀▀▀▀[38;2;255;255;253;48;2;255;255;253m▀▀[38;2;254;254;254;48;2;254;254;254m▀[38;2;253;254;254;48;2;251;254;253m▀[38;2;160;211;240;48;2;231;241;245m▀[38;2;103;182;238;48;2;104;183;236m▀[38;2;222;225;230;48;2;143;209;240m▀[38;2;217;194;206;48;2;157;209;240m▀[38;2;179;222;240;48;2;89;180;244m▀[38;2;85;178;242;48;2;98;185;240m▀[38;2;189;226;241;48;2;115;191;230m▀[38;2;146;104;120;48;2;207;196;204m▀[38;2;172;107;133;48;2;201;157;178m▀[38;2;215;230;234;48;2;233;228;234m▀[38;2;91;177;242;48;2;157;206;244m▀[38;2;108;187;243;48;2;86;175;242m▀[38;2;233;249;249;48;2;183;217;236m▀[38;2;235;225;225;48;2;235;225;225m▀[38;2;211;198;197;48;2;152;141;141m▀[38;2;173;167;164;48;2;248;243;241m▀[38;2;236;245;243;48;2;251;251;245m▀[38;2;119;188;233;48;2;236;246;243m▀[38;2;226;241;243;48;2;240;246;243m▀[38;2;246;250;245;48;2;252;253;246m▀[38;2;254;253;248;48;2;251;250;245m▀[38;2;219;218;214;48;2;158;155;152m▀[38;2;192;192;187;48;2;250;249;246m▀[38;2;248;251;248;48;2;253;253;249m▀[38;2;120;189;230;48;2;174;218;235m▀[38;2;167;213;235;48;2;132;195;227m▀[38;2;232;233;233;48;2;252;254;254m▀[38;2;254;253;253;48;2;255;254;251m▀[38;2;253;251;247;48;2;254;251;245m▀[38;2;229;226;222;48;2;183;177;172m▀[38;2;216;212;211;48;2;238;231;227m▀[38;2;250;246;247;48;2;249;245;243m▀[38;2;246;251;252;48;2;254;253;252m▀[38;2;174;209;234;48;2;252;253;252m▀[38;2;238;246;244;48;2;252;252;248m▀[38;2;253;252;247;48;2;252;251;244m▀[38;2;184;174;167;48;2;198;181;175m▀[38;2;244;234;226;48;2;239;229;219m▀[38;2;155;148;147;48;2;159;148;145m▀[38;2;200;228;242;48;2;242;245;245m▀[38;2;95;178;241;48;2;204;229;243m▀[38;2;227;242;246;48;2;245;243;237m▀[38;2;196;190;183;48;2;185;177;171m▀[38;2;239;228;222;48;2;227;215;209m▀[38;2;232;216;211;48;2;239;226;220m▀[38;2;243;229;224;48;2;230;214;209m▀[38;2;250;237;229;48;2;245;227;219m▀[38;2;223;208;198;48;2;228;212;203m▀[38;2;221;203;192;48;2;219;204;194m▀[38;2;224;207;199;48;2;225;208;198m▀[38;2;146;133;126;48;2;199;184;176m▀[38;2;246;232;225;48;2;176;163;157m▀[38;2;244;229;224;48;2;246;231;226m▀[38;2;188;175;170;48;2;242;229;223m▀[38;2;230;218;212;48;2;175;164;159m▀[38;2;244;229;224;48;2;247;232;227m▀[38;2;246;228;224;48;2;245;227;223m▀[38;2;220;201;197;48;2;246;228;224m▀[38;2;199;180;176;48;2;222;203;199m▀[38;2;197;176;173;48;2;200;179;176m▀[38;2;197;174;172;48;2;201;177;175m▀[38;2;227;207;203;48;2;224;204;200m▀[38;2;235;217;213;48;2;240;223;219m▀[38;2;235;220;215;48;2;240;225;220m▀[38;2;236;221;216;48;2;240;224;219m▀[38;2;229;211;208;48;2;242;224;220m▀[38;2;145;126;123;48;2;242;226;221m▀[38;2;187;161;160;48;2;178;161;158m▀[38;2;201;175;172;48;2;154;131;129m▀[38;2;118;95;94;48;2;181;157;156m▀[38;2;229;223;225;48;2;158;146;145m▀[38;2;254;252;255;48;2;253;252;254m▀[0m
[38;2;255;255;255;48;2;255;255;255m▀▀▀▀▀▀[38;2;252;254;253;48;2;252;254;253m▀[38;2;184;164;170;48;2;192;176;180m▀[38;2;186;143;158;48;2;142;82;94m▀[38;2;180;217;237;48;2;229;217;226m▀[38;2;90;177;242;48;2;118;192;241m▀[38;2;123;194;240;48;2;118;192;242m▀[38;2;218;231;241;48;2;205;202;204m▀[38;2;215;233;241;48;2;187;186;190m▀[38;2;102;178;237;48;2;154;208;244m▀[38;2;200;236;241;48;2;105;182;237m▀[38;2;167;213;237;48;2;90;177;238m▀[38;2;144;201;235;48;2;136;198;235m▀[38;2;230;243;248;48;2;238;246;249m▀[38;2;105;182;240;48;2;187;221;243m▀[38;2;96;182;242;48;2;82;178;248m▀[38;2;212;230;235;48;2;185;217;242m▀[38;2;214;210;209;48;2;254;251;250m▀[38;2;254;252;249;48;2;254;253;250m▀[38;2;252;251;246;48;2;254;253;248m▀[38;2;250;250;245;48;2;233;232;227m▀[38;2;236;238;234;48;2;250;249;245m▀[38;2;252;251;247;48;2;248;247;243m▀[38;2;192;187;184;48;2;148;138;137m▀[38;2;209;205;203;48;2;252;247;245m▀[38;2;254;253;249;48;2;250;246;242m▀[38;2;237;234;230;48;2;222;214;208m▀[38;2;227;238;234;48;2;208;199;196m▀[38;2;188;211;223;48;2;225;217;216m▀[38;2;252;251;248;48;2;221;215;212m▀[38;2;254;252;249;48;2;254;253;249m▀[38;2;252;248;243;48;2;217;213;209m▀[38;2;172;167;160;48;2;203;197;191m▀[38;2;236;229;221;48;2;236;229;221m▀[38;2;251;245;239;48;2;251;246;237m▀[38;2;254;254;248;48;2;255;252;247m▀[38;2;254;254;249;48;2;255;252;248m▀[38;2;252;252;247;48;2;254;253;246m▀[38;2;247;245;239;48;2;240;234;228m▀[38;2;186;174;167;48;2;180;169;163m▀[38;2;241;228;220;48;2;235;222;216m▀[38;2;158;146;144;48;2;164;153;151m▀[38;2;242;229;227;48;2;242;229;227m▀[38;2;213;202;196;48;2;191;179;174m▀[38;2;247;233;226;48;2;244;229;222m▀[38;2;239;229;221;48;2;243;230;222m▀[38;2;149;141;135;48;2;195;183;176m▀[38;2;240;228;222;48;2;118;105;100m▀[38;2;240;224;219;48;2;246;231;226m▀[38;2;233;216;208;48;2;242;225;219m▀[38;2;232;215;207;48;2;232;215;208m▀[38;2;224;207;199;48;2;229;212;204m▀[38;2;225;208;200;48;2;231;214;205m▀[38;2;237;222;214;48;2;239;222;214m▀[38;2;111;97;91;48;2;186;173;166m▀[38;2;213;200;195;48;2;69;52;48m▀[38;2;248;231;224;48;2;239;223;216m▀[38;2;197;186;181;48;2;244;229;224m▀[38;2;224;211;206;48;2;172;160;155m▀[38;2;246;228;224;48;2;246;228;224m▀▀[38;2;247;228;224;48;2;247;228;224m▀[38;2;229;210;206;48;2;248;229;225m▀[38;2;204;182;179;48;2;230;209;206m▀[38;2;221;201;198;48;2;221;201;198m▀[38;2;244;225;221;48;2;245;227;223m▀[38;2;244;226;222m▀[38;2;243;225;221;48;2;232;216;212m▀[38;2;244;226;222;48;2;149;132;128m▀[48;2;160;145;140m▀[48;2;200;184;180m▀[38;2;232;215;212;48;2;222;206;202m▀[38;2;162;144;142;48;2;233;220;217m▀[38;2;98;83;82;48;2;230;217;214m▀[38;2;250;244;242;48;2;179;168;166m▀[0m
[38;2;255;255;255;48;2;255;255;255m▀▀▀▀▀▀[38;2;254;254;254;48;2;254;254;254m▀▀[38;2;192;176;177;48;2;251;250;251m▀[38;2;131;96;101;48;2;116;93;94m▀[38;2;203;235;243;48;2;168;159;159m▀[38;2;92;179;240;48;2;157;207;234m▀[38;2;174;221;241;48;2;89;180;241m▀[38;2;179;223;242;48;2;84;178;240m▀[38;2;94;180;238;48;2;115;190;239m▀[38;2;90;177;238;48;2;206;233;244m▀[38;2;156;208;238;48;2;250;252;251m▀[38;2;235;241;241;48;2;230;222;217m▀[38;2;215;198;190;48;2;207;187;178m▀[38;2;236;229;227;48;2;207;185;175m▀[38;2;141;198;233;48;2;212;213;207m▀[38;2;186;217;236;48;2;246;253;251m▀[38;2;253;253;253;48;2;253;253;251m▀[38;2;254;253;252;48;2;254;253;252m▀[38;2;253;254;249;48;2;244;243;238m▀[38;2;225;223;219;48;2;229;226;222m▀[38;2;254;251;249;48;2;250;238;239m▀[38;2;186;175;174;48;2;148;125;129m▀[38;2;193;177;178;48;2;221;206;206m▀[38;2;253;248;246;48;2;253;248;242m▀[38;2;234;226;219;48;2;215;203;196m▀[38;2;208;195;188;48;2;197;181;174m▀[38;2;217;199;195;48;2;221;202;198m▀[38;2;211;193;192;48;2;223;202;199m▀[38;2;204;190;189;48;2;191;173;172m▀[38;2;254;250;247;48;2;233;225;223m▀[38;2;177;169;168;48;2;186;175;172m▀[38;2;238;229;225;48;2;235;224;220m▀[38;2;237;228;222;48;2;240;230;225m▀[38;2;252;247;241;48;2;254;247;242m▀[38;2;254;249;245;48;2;254;247;245m▀[38;2;255;250;244;48;2;254;248;242m▀[38;2;248;243;234;48;2;239;230;220m▀[38;2;240;230;220;48;2;238;227;218m▀[38;2;181;170;163;48;2;186;175;168m▀[38;2;214;200;195;48;2;182;171;166m▀[38;2;191;178;173;48;2;227;213;208m▀[38;2;243;228;225;48;2;243;228;225m▀[38;2;161;150;145;48;2;117;102;97m▀[38;2;239;226;221;48;2;126;111;106m▀[38;2;242;226;221;48;2;246;231;226m▀[38;2;245;230;225;48;2;243;226;222m▀[38;2;104;84;81;48;2;190;171;169m▀[38;2;159;137;136;48;2;168;134;136m▀[38;2;249;230;226;48;2;201;181;178m▀[38;2;239;220;216;48;2;246;228;224m▀[38;2;235;216;210;48;2;237;218;212m▀[38;2;236;217;211m▀[38;2;244;225;219;48;2;244;225;219m▀[38;2;243;226;219;48;2;246;228;222m▀[38;2;146;131;125;48;2;179;166;160m▀[38;2;142;129;123;48;2;216;205;197m▀[38;2;246;230;224;48;2;185;173;167m▀[38;2;183;171;165;48;2;236;222;215m▀[38;2;229;216;212;48;2;171;157;153m▀[38;2;246;228;224;48;2;246;228;224m▀[38;2;247;228;224;48;2;247;228;224m▀▀[38;2;248;227;224;48;2;248;227;223m▀[38;2;234;214;211;48;2;248;227;222m▀[38;2;247;228;224;48;2;248;229;223m▀[38;2;248;229;225;48;2;248;229;224m▀[38;2;244;227;222;48;2;246;228;224m▀[38;2;236;222;217;48;2;245;229;224m▀[38;2;145;129;125;48;2;162;146;142m▀[38;2;181;163;159;48;2;215;197;193m▀[38;2;163;145;141;48;2;216;198;194m▀[38;2;154;136;132;48;2;217;199;195m▀[38;2;125;107;105;48;2;205;187;185m▀[38;2;136;121;120;48;2;153;142;140m▀[0m
[38;2;255;255;255;48;2;255;255;255m▀▀▀▀▀▀▀▀[38;2;237;232;234;48;2;204;197;199m▀[38;2;135;118;120;48;2;180;164;171m▀[38;2;226;231;232;48;2;162;205;233m▀[38;2;134;196;236;48;2;116;188;240m▀[38;2;92;176;242;48;2;208;232;246m▀[38;2;162;211;242;48;2;217;236;243m▀[38;2;234;243;247;48;2;203;218;232m▀[38;2;233;232;233;48;2;241;238;240m▀[38;2;182;221;232;48;2;222;237;243m▀[38;2;164;214;234;48;2;102;184;221m▀[38;2;233;235;236;48;2;183;216;231m▀[38;2;162;140;137;48;2;156;145;149m▀[38;2;193;183;176;48;2;224;216;214m▀[38;2;253;253;246;48;2;252;254;248m▀[38;2;253;254;249;48;2;253;254;249m▀[38;2;255;252;249;48;2;254;251;248m▀[38;2;216;212;209;48;2;198;191;189m▀[38;2;244;240;236;48;2;250;243;240m▀[38;2;208;193;191;48;2;151;131;127m▀[38;2;164;139;137;48;2;203;178;172m▀[38;2;224;212;204;48;2;226;217;207m▀[38;2;244;239;229;48;2;226;216;207m▀[38;2;209;193;186;48;2;210;192;186m▀[38;2;190;170;164;48;2;186;162;158m▀[38;2;229;208;205;48;2;229;208;205m▀[38;2;229;210;206;48;2;230;210;206m▀[38;2;177;161;159;48;2;162;145;144m▀[38;2;174;161;159;48;2;183;170;167m▀[38;2;232;218;212;48;2;234;219;211m▀[38;2;235;223;215;48;2;234;221;213m▀[38;2;244;234;227;48;2;248;235;227m▀[38;2;252;242;237;48;2;251;238;232m▀[38;2;253;246;239;48;2;247;237;228m▀[38;2;242;233;224;48;2;236;226;215m▀[38;2;239;229;219;48;2;236;226;216m▀[38;2;192;184;175;48;2;179;171;162m▀[38;2;229;216;208;48;2;237;225;217m▀[38;2;167;156;149;48;2;174;163;156m▀[38;2;243;228;223;48;2;245;230;225m▀[38;2;246;229;225;48;2;246;229;225m▀[38;2;151;127;121;48;2;171;135;129m▀[38;2;170;122;118;48;2;243;163;155m▀[38;2;180;162;157;48;2;179;128;125m▀[38;2;225;212;207;48;2;193;176;171m▀[38;2;236;220;217;48;2;250;233;227m▀[38;2;177;161;157;48;2;194;183;178m▀[38;2;175;155;154;48;2;237;229;224m▀[38;2;223;211;207;48;2;158;147;144m▀[38;2;246;230;225;48;2;243;227;223m▀[38;2;237;219;215;48;2;242;224;220m▀[38;2;248;229;225;48;2;247;229;225m▀[38;2;248;230;226;48;2;247;231;226m▀[38;2;187;176;171;48;2;218;208;202m▀[38;2;246;239;231;48;2;215;208;201m▀[38;2;188;181;176;48;2;253;247;241m▀[38;2;226;218;214;48;2;174;168;163m▀[38;2;148;136;131;48;2;165;154;148m▀[38;2;244;228;223;48;2;204;188;184m▀[38;2;247;228;224;48;2;248;229;225m▀[38;2;247;228;223;48;2;247;228;223m▀[38;2;248;229;223;48;2;248;229;222m▀[38;2;248;229;222;48;2;248;229;221m▀[38;2;248;229;223;48;2;248;229;222m▀▀[38;2;247;228;222;48;2;247;228;222m▀▀[38;2;170;156;151;48;2;207;190;186m▀[38;2;219;200;196;48;2;195;178;174m▀[38;2;221;202;198;48;2;224;205;201m▀[38;2;222;203;199m▀[38;2;222;202;201;48;2;229;209;207m▀[38;2;135;118;117;48;2;133;115;115m▀[0m
[38;2;255;255;255;48;2;255;255;255m▀▀▀▀▀▀▀[38;2;254;254;254;48;2;254;254;254m▀[38;2;189;183;185;48;2;175;171;173m▀[38;2;228;217;219;48;2;243;236;237m▀[38;2;233;243;240;48;2;186;170;167m▀[38;2;212;225;220;48;2;165;140;133m▀[38;2;180;170;161;48;2;148;116;113m▀[38;2;201;228;228;48;2;207;213;215m▀[38;2;139;193;220;48;2;144;197;224m▀[38;2;225;224;231;48;2;231;227;231m▀[38;2;213;205;211;48;2;204;174;177m▀[38;2;210;237;245;48;2;206;186;186m▀[38;2;217;236;241;48;2;160;145;140m▀[38;2;199;186;185;48;2;197;178;168m▀[38;2;237;230;228;48;2;248;246;240m▀[38;2;251;255;248;48;2;252;254;248m▀[38;2;253;253;249;48;2;253;253;249m▀[38;2;242;239;236;48;2;205;201;198m▀[38;2;178;168;168;48;2;196;180;182m▀[38;2;233;221;220;48;2;213;190;190m▀[38;2;145;123;119;48;2;153;130;126m▀[38;2;204;181;175;48;2;201;176;171m▀[38;2;226;215;206;48;2;224;209;202m▀[38;2;215;200;193;48;2;208;190;183m▀[38;2;210;192;186;48;2;209;192;186m▀[38;2;184;160;157;48;2;181;158;154m▀[38;2;226;206;202;48;2;228;207;204m▀[38;2;229;208;206;48;2;213;194;192m▀[38;2;159;143;141;48;2;190;173;172m▀[38;2;234;216;213;48;2;236;218;215m▀[38;2;236;219;212;48;2;237;220;214m▀[38;2;238;223;216;48;2;242;227;221m▀[38;2;247;232;226;48;2;240;225;220m▀[38;2;244;229;223;48;2;238;223;218m▀[38;2;237;224;216;48;2;242;229;221m▀[38;2;241;229;221;48;2;195;187;178m▀[38;2;181;173;165;48;2;213;201;193m▀[38;2;238;226;218;48;2;241;227;220m▀[38;2;190;180;172;48;2;173;161;154m▀[38;2;224;213;205;48;2;242;229;221m▀[38;2;246;231;226;48;2;245;230;225m▀[38;2;245;230;225m▀[38;2;174;135;132;48;2;177;143;140m▀[38;2;235;177;169;48;2;155;112;106m▀[38;2;148;124;115;48;2;225;219;205m▀[38;2;165;147;142;48;2;246;239;227m▀[38;2;238;225;217;48;2;169;161;153m▀[38;2;238;229;220;48;2;244;235;226m▀[38;2;196;190;183;48;2;186;179;172m▀[38;2;237;231;224;48;2;251;244;237m▀[38;2;172;163;159;48;2;189;180;176m▀[38;2;245;231;226;48;2;218;209;203m▀[38;2;247;231;226;48;2;248;232;227m▀[38;2;249;231;227;48;2;249;231;227m▀[38;2;243;231;225;48;2;248;234;228m▀[38;2;199;191;185;48;2;186;177;171m▀[38;2;253;247;240;48;2;253;248;241m▀[38;2;228;221;215;48;2;253;246;240m▀[38;2;162;147;143;48;2;175;160;157m▀[38;2;149;133;129;48;2;122;100;98m▀[38;2;250;232;228;48;2;249;230;226m▀[38;2;246;228;222;48;2;246;229;223m▀[38;2;247;229;222;48;2;246;230;222m▀[38;2;248;229;222;48;2;248;229;222m▀▀▀[38;2;248;229;223;48;2;248;229;223m▀[38;2;247;228;222m▀[38;2;235;218;214;48;2;248;231;226m▀[38;2;174;157;153;48;2;158;142;138m▀[38;2;229;210;206;48;2;231;212;208m▀[48;2;230;211;207m▀[38;2;232;212;211;48;2;232;212;211m▀[38;2;135;116;115;48;2;140;121;120m▀[0m
[38;2;255;255;255;48;2;255;255;255m▀▀▀▀▀▀▀[38;2;254;254;254;48;2;254;254;254m▀[38;2;179;176;177;48;2;188;185;185m▀[38;2;243;237;238;48;2;234;231;232m▀[38;2;243;235;236;48;2;253;249;251m▀[38;2;179;153;154;48;2;236;226;229m▀[38;2;140;106;106;48;2;147;119;119m▀[38;2;164;136;140;48;2;139;110;110m▀[38;2;235;227;223;48;2;204;184;176m▀[38;2;211;196;192;48;2;198;179;171m▀[38;2;200;178;174;48;2;200;176;171m▀[38;2;201;176;172;48;2;167;144;139m▀[38;2;137;116;108;48;2;160;139;132m▀[38;2;198;181;171;48;2;196;181;172m▀[38;2;253;251;241;48;2;254;249;240m▀[38;2;253;253;246;48;2;254;250;244m▀[38;2;253;253;247;48;2;253;250;243m▀[38;2;183;164;165;48;2;166;145;146m▀[38;2;212;191;193;48;2;203;179;182m▀[38;2;170;145;144;48;2;146;121;121m▀[38;2;185;158;153;48;2;202;175;171m▀[38;2;200;176;170;48;2;201;178;174m▀[38;2;210;192;186;48;2;206;187;181m▀[38;2;206;189;182;48;2;210;191;185m▀[38;2;209;193;186;48;2;212;193;187m▀[38;2;176;152;149;48;2;185;164;160m▀[38;2;229;209;205;48;2;183;167;164m▀[38;2;171;152;151;48;2;216;198;196m▀[38;2;236;216;215;48;2;232;212;211m▀[38;2;233;213;212;48;2;237;217;216m▀[38;2;237;220;214;48;2;238;220;216m▀[38;2;239;222;215m▀[38;2;236;222;216;48;2;238;223;218m▀[38;2;236;221;216;48;2;163;148;143m▀[38;2;194;183;180;48;2;134;121;118m▀[38;2;207;194;191;48;2;242;227;224m▀[38;2;240;225;220;48;2;222;208;203m▀[38;2;188;176;173;48;2;189;177;174m▀[38;2;228;216;210;48;2;243;228;223m▀[38;2;224;209;204;48;2;219;205;200m▀[38;2;236;222;216;48;2;214;201;196m▀[38;2;246;231;226;48;2;233;217;212m▀[38;2;137;109;107;48;2;155;126;125m▀[38;2;187;166;155;48;2;244;226;216m▀[38;2;253;251;233;48;2;230;227;211m▀[38;2;253;248;232;48;2;243;237;221m▀[38;2;227;223;212;48;2;253;248;232m▀[38;2;193;186;178;48;2;197;192;182m▀[38;2;221;213;206;48;2;225;217;210m▀[38;2;221;214;207;48;2;164;157;150m▀[38;2;252;244;237;48;2;184;176;168m▀[38;2;163;153;148;48;2;182;174;167m▀[38;2;247;234;229;48;2;202;192;188m▀[38;2;248;233;228;48;2;250;235;229m▀[38;2;247;233;227;48;2;251;235;230m▀[38;2;189;180;175;48;2;182;167;161m▀[38;2;254;250;241;48;2;203;188;181m▀[38;2;253;248;239;48;2;175;147;144m▀[38;2;247;238;234;48;2;177;143;142m▀[38;2;105;83;83;48;2;159;131;127m▀[38;2;234;219;215;48;2;204;185;182m▀[38;2;246;229;224;48;2;246;230;223m▀[38;2;247;229;222;48;2;246;230;222m▀[38;2;247;230;222m▀[48;2;240;224;215m▀[48;2;247;230;222m▀[38;2;248;229;223;48;2;248;229;223m▀▀[38;2;249;231;227;48;2;246;228;224m▀[38;2;138;121;117;48;2;154;136;133m▀[38;2;233;214;210;48;2;198;180;176m▀[48;2;236;217;213m▀[38;2;236;216;215;48;2;241;222;222m▀[38;2;145;125;124;48;2;145;130;130m▀[0m
[38;2;255;255;255;48;2;255;255;255m▀[38;2;254;255;255;48;2;253;254;254m▀[38;2;235;247;248;48;2;212;236;242m▀[38;2;229;244;246;48;2;105;178;225m▀[38;2;251;253;253;48;2;150;208;234m▀[38;2;253;254;253;48;2;228;243;246m▀[38;2;253;254;255;48;2;253;254;255m▀[38;2;254;254;254;48;2;254;254;254m▀[38;2;209;208;208;48;2;243;242;239m▀[38;2;214;211;212;48;2;185;182;183m▀[38;2;254;251;252;48;2;254;252;252m▀[38;2;248;241;241;48;2;228;222;221m▀[38;2;166;145;143;48;2;154;135;133m▀[38;2;158;133;130;48;2;186;162;159m▀[38;2;206;184;178;48;2;205;185;178m▀[38;2;205;183;177;48;2;208;184;178m▀[38;2;204;178;174;48;2;157;128;126m▀[38;2;86;61;58;48;2;85;56;54m▀[38;2;197;175;169;48;2;202;179;173m▀[38;2;200;184;176;48;2;196;179;171m▀[38;2;252;245;235;48;2;250;239;230m▀[38;2;253;245;237;48;2;251;240;233m▀[38;2;251;238;232;48;2;245;226;222m▀[38;2;156;134;132;48;2;150;126;125m▀[38;2;196;169;170;48;2;201;173;175m▀[38;2;146;122;123;48;2;151;125;127m▀[38;2;202;176;173;48;2;203;176;175m▀[38;2;204;180;176;48;2;206;180;178m▀[38;2;207;186;181;48;2;208;186;181m▀[38;2;211;192;186;48;2;212;191;186m▀[38;2;215;196;190;48;2;217;196;191m▀[38;2;197;175;171;48;2;175;158;153m▀[38;2;178;159;156;48;2;230;210;207m▀[38;2;235;214;211;48;2;212;191;188m▀[38;2;233;212;210;48;2;225;204;203m▀[38;2;236;215;214;48;2;238;218;217m▀[38;2;238;218;217;48;2;165;144;142m▀[38;2;228;210;209;48;2;134;115;113m▀[38;2;138;120;119;48;2;165;152;150m▀[38;2;106;89;87;48;2;210;197;194m▀[38;2;233;219;214;48;2;240;225;220m▀[38;2;235;222;217;48;2;159;148;143m▀[38;2;164;153;148;48;2;239;226;220m▀[38;2;243;229;224;48;2;245;230;225m▀[38;2;244;229;224m▀[38;2;240;227;221;48;2;242;228;222m▀[38;2;178;166;161;48;2;154;141;136m▀[38;2;211;197;192;48;2;247;234;228m▀[38;2;180;159;156;48;2;188;173;169m▀[38;2;251;240;229;48;2;220;214;204m▀[38;2;228;224;210;48;2;175;172;158m▀[38;2;218;210;198;48;2;176;169;156m▀[38;2;195;188;176;48;2;237;232;219m▀[38;2;184;178;167;48;2;253;248;237m▀[38;2;155;147;139;48;2;242;234;225m▀[38;2;196;188;181;48;2;175;165;157m▀[38;2;250;245;237;48;2;146;129;124m▀[38;2;252;247;239;48;2;88;55;55m▀[38;2;157;146;141;48;2;47;7;8m▀[38;2;206;185;182;48;2;127;82;84m▀[38;2;177;145;141;48;2;120;78;74m▀[38;2;60;22;20;48;2;58;13;9m▀[38;2;71;9;13;48;2;58;13;12m▀[38;2;89;8;14;48;2;101;51;53m▀[38;2;100;10;17;48;2;151;103;106m▀[38;2;106;19;21;48;2;196;165;165m▀[38;2;151;114;111;48;2;179;164;161m▀[38;2;222;201;195;48;2;250;233;229m▀[38;2;225;211;202;48;2;245;231;222m▀[38;2;240;227;217;48;2;245;232;223m▀[38;2;233;220;211;48;2;228;215;206m▀[38;2;245;231;222;48;2;245;231;222m▀[38;2;245;230;223;48;2;245;230;223m▀[38;2;247;230;223;48;2;247;230;223m▀[38;2;247;228;224;48;2;248;229;225m▀[38;2;233;215;211;48;2;246;228;224m▀[38;2;123;104;102;48;2;173;158;155m▀[38;2;237;218;214;48;2;196;179;175m▀[38;2;241;223;222;48;2;238;220;219m▀[38;2;152;138;137;48;2;158;145;144m▀[0m
[38;2;255;255;255;48;2;255;255;255m▀▀[38;2;250;253;252;48;2;253;254;254m▀[38;2;200;227;240m▀[38;2;98;183;239;48;2;235;248;247m▀[38;2;92;182;240;48;2;150;209;240m▀[38;2;149;208;242;48;2;94;180;238m▀[38;2;215;238;248;48;2;88;180;241m▀[38;2;247;253;244;48;2;133;196;235m▀[38;2;186;181;179;48;2;195;230;239m▀[38;2;252;252;253;48;2;246;252;250m▀[38;2;210;207;205;48;2;219;217;213m▀[38;2;148;130;125;48;2;150;130;126m▀[38;2;209;186;182;48;2;219;194;190m▀[38;2;208;184;180;48;2;211;184;179m▀[38;2;211;184;181;48;2;169;138;136m▀[38;2;85;52;53;48;2;92;52;56m▀[38;2;126;95;93;48;2;158;126;123m▀[38;2;202;179;171;48;2;202;179;172m▀[38;2;195;177;170;48;2;197;176;170m▀[38;2;245;231;223;48;2;234;218;210m▀[38;2;250;233;226;48;2;242;222;216m▀[38;2;237;213;209;48;2;225;199;195m▀[38;2;151;125;122;48;2;153;124;122m▀[38;2;204;174;174;48;2;203;172;173m▀[38;2;153;125;125;48;2;151;125;124m▀[38;2;208;178;176;48;2;207;178;176m▀[38;2;211;183;180;48;2;211;184;181m▀[38;2;211;189;184;48;2;211;188;183m▀[38;2;217;196;191;48;2;173;155;150m▀[38;2;174;155;151;48;2;212;191;187m▀[38;2;226;204;199;48;2;163;140;137m▀[38;2;232;208;206;48;2;126;102;101m▀[38;2;231;208;206;48;2;162;144;140m▀[38;2;148;128;124;48;2;225;204;195m▀[38;2;93;56;55;48;2;167;118;117m▀[38;2;167;129;130;48;2;132;86;87m▀[38;2;147;128;125;48;2;166;144;140m▀[38;2;194;184;179;48;2;168;154;147m▀[38;2;223;210;204;48;2;165;151;146m▀[38;2;159;148;142;48;2;243;230;224m▀[38;2;240;226;221;48;2;245;230;225m▀[38;2;245;230;225;48;2;246;231;226m▀▀[38;2;245;230;226;48;2;247;232;226m▀[38;2;221;207;202;48;2;251;236;230m▀[38;2;178;168;164;48;2;189;177;172m▀[38;2;238;225;219;48;2;228;217;212m▀[38;2;171;156;151;48;2;188;173;169m▀[38;2;208;199;188;48;2;250;244;232m▀[38;2;251;249;234;48;2;251;251;234m▀[38;2;254;250;237;48;2;247;245;229m▀[38;2;253;252;237;48;2;157;141;130m▀[38;2;237;236;222;48;2;63;21;19m▀[38;2;144;126;120;48;2;50;4;4m▀[38;2;69;34;32;48;2;46;7;4m▀[38;2;83;43;41;48;2;58;23;31m▀[38;2;60;7;6;48;2;78;46;63m▀[38;2;63;13;15;48;2;69;43;65m▀[38;2;68;31;35;48;2;57;42;64m▀[38;2;66;34;37;48;2;158;141;156m▀[38;2;139;95;101;48;2;127;81;96m▀[38;2;214;192;191;48;2;223;202;205m▀[38;2;222;202;203;48;2;227;210;212m▀[38;2;221;203;207;48;2;236;221;224m▀[38;2;233;218;219;48;2;245;234;233m▀[38;2;179;169;167;48;2;178;167;165m▀[38;2;248;234;229;48;2;248;235;230m▀[38;2;247;234;225;48;2;247;234;225m▀[38;2;244;231;222;48;2;238;225;216m▀[38;2;223;210;201;48;2;221;208;199m▀[38;2;244;231;222;48;2;244;231;222m▀[38;2;245;230;223;48;2;245;230;223m▀[48;2;244;229;222m▀[38;2;219;204;199;48;2;243;231;224m▀[38;2;228;214;210;48;2;125;110;105m▀[38;2;244;232;226;48;2;227;212;207m▀[38;2;141;130;124;48;2;238;226;220m▀[38;2;210;198;195;48;2;106;94;91m▀[38;2;185;177;175;48;2;223;218;214m▀[0m
[38;2;255;255;255;48;2;255;255;255m▀▀▀▀▀[38;2;254;255;255m▀[38;2;222;242;249;48;2;253;254;252m▀[38;2;143;203;238;48;2;251;254;252m▀[38;2;91;178;240;48;2;211;236;247m▀[38;2;83;179;246;48;2;141;201;235m▀[38;2;109;190;239;48;2;92;178;236m▀[38;2;174;219;237;48;2;81;179;247m▀[38;2;213;228;228;48;2;93;182;239m▀[38;2;234;227;222;48;2;142;201;230m▀[38;2;223;198;190;48;2;226;235;237m▀[38;2;116;75;80;48;2;101;57;78m▀[38;2;98;48;63;48;2;98;43;66m▀[38;2;181;148;146;48;2;197;165;163m▀[38;2;203;179;174;48;2;205;179;176m▀[38;2;201;178;174;48;2;204;179;177m▀[38;2;219;202;195;48;2;208;191;184m▀[38;2;231;210;205;48;2;222;202;197m▀[38;2;214;188;185;48;2;209;183;179m▀[38;2;156;128;126;48;2;158;130;128m▀[38;2;204;173;174;48;2;203;174;174m▀[38;2;157;132;131;48;2;156;132;131m▀[38;2;204;179;176;48;2;209;185;181m▀[38;2;151;127;124;48;2;204;181;176m▀[38;2;101;79;76;48;2;225;202;197m▀[38;2;148;125;121;48;2;223;203;197m▀[38;2;166;150;141;48;2;221;205;192m▀[38;2;114;83;76;48;2;180;140;125m▀[38;2;188;153;141;48;2;239;184;163m▀[38;2;225;202;195;48;2;190;169;160m▀[38;2;223;207;198;48;2;223;215;203m▀[38;2;118;73;69;48;2;173;135;130m▀[38;2;169;118;113;48;2;245;185;175m▀[38;2;200;155;143;48;2;243;185;166m▀[38;2;153;112;109;48;2;245;216;198m▀[38;2;203;184;181;48;2;152;135;128m▀[38;2;229;216;210;48;2;238;226;221m▀[38;2;248;233;228;48;2;249;234;229m▀[48;2;251;236;231m▀[38;2;250;236;228;48;2;254;240;233m▀[38;2;250;236;225;48;2;255;241;231m▀[38;2;252;238;228;48;2;255;241;230m▀[38;2;232;219;212;48;2;252;240;233m▀[38;2;194;186;182;48;2;176;165;161m▀[38;2;190;177;172;48;2;207;195;190m▀[38;2;248;245;232;48;2;244;238;226m▀[38;2;231;222;204;48;2;195;153;147m▀[38;2;109;62;57;48;2;106;33;38m▀[38;2;56;7;4;48;2;129;79;81m▀[38;2;55;7;9;48;2;80;40;47m▀[38;2;94;68;80;48;2;149;143;152m▀[38;2;100;82;102;48;2;181;177;191m▀[38;2;105;95;117;48;2;90;87;108m▀[38;2;84;75;102;48;2;57;51;76m▀[38;2;72;47;78;48;2;88;54;89m▀[38;2;111;71;105;48;2;152;85;129m▀[38;2;126;82;107;48;2;166;89;126m▀[38;2;76;31;44;48;2;110;52;72m▀[38;2;230;211;218;48;2;210;192;202m▀[38;2;250;243;247;48;2;254;251;254m▀[38;2;251;244;246;48;2;254;249;248m▀[38;2;254;247;247;48;2;254;250;248m▀[38;2;177;168;166;48;2;179;170;166m▀[38;2;248;235;229;48;2;248;235;228m▀[38;2;248;235;226;48;2;248;234;225m▀[38;2;228;215;206;48;2;206;192;184m▀[38;2;222;209;200;48;2;219;206;197m▀[38;2;244;231;222;48;2;244;231;222m▀[38;2;245;230;223;48;2;245;231;223m▀[38;2;245;231;223;48;2;245;231;224m▀[38;2;244;231;224;48;2;240;228;219m▀[38;2;121;94;92;48;2;117;88;86m▀[38;2;119;94;93;48;2;146;117;116m▀[38;2;175;157;155;48;2;141;117;115m▀[38;2;235;222;218;48;2;95;80;77m▀[38;2;162;157;150;48;2;167;159;154m▀[0m
[38;2;255;255;255;48;2;255;255;255m▀▀▀▀▀▀▀[38;2;254;254;254;48;2;254;254;254m▀[38;2;210;207;210;48;2;180;174;178m▀[38;2;236;231;236;48;2;228;219;226m▀[38;2;226;238;244;48;2;229;216;225m▀[38;2;161;207;230;48;2;198;181;190m▀[38;2;103;182;230;48;2;215;222;226m▀[38;2;84;178;243;48;2;180;220;236m▀[38;2;189;214;236;48;2;223;227;244m▀[38;2;139;96;127;48;2;134;80;106m▀[38;2;94;44;63;48;2;92;43;59m▀[38;2;205;174;170;48;2;210;180;179m▀[38;2;205;180;179;48;2;207;180;182m▀[38;2;205;181;180;48;2;205;182;183m▀[38;2;203;184;180;48;2;202;183;179m▀[38;2;214;194;190;48;2;206;184;181m▀[38;2;200;175;172;48;2;201;176;173m▀[38;2;160;132;130;48;2;154;126;124m▀[38;2;205;178;175;48;2;208;181;178m▀[38;2;155;130;127;48;2;157;134;130m▀[38;2;212;187;183;48;2;214;189;185m▀[38;2;216;192;188;48;2;218;194;190m▀[38;2;222;198;194;48;2;223;199;195m▀[38;2;227;204;199;48;2;228;204;200m▀[38;2;197;173;163;48;2;177;150;141m▀[38;2;225;176;159;48;2;247;197;180m▀[38;2;250;194;173;48;2;251;195;173m▀[38;2;181;146;136;48;2;221;175;160m▀[38;2;227;222;207;48;2;212;203;189m▀[38;2;147;115;109;48;2;174;154;146m▀[38;2;193;142;136;48;2;242;222;211m▀[38;2;195;169;150;48;2;251;248;231m▀[38;2;186;187;162;48;2;251;251;234m▀[38;2;184;175;164;48;2;253;250;238m▀[38;2;141;129;121;48;2;250;245;235m▀[38;2;235;224;216;48;2;167;161;152m▀[38;2;253;240;233;48;2;227;219;210m▀[38;2;253;241;233;48;2;253;242;234m▀[38;2;255;242;232;48;2;255;242;233m▀▀[38;2;254;240;233;48;2;254;241;233m▀[38;2;190;178;173;48;2;239;229;221m▀[38;2;208;198;191;48;2;167;154;148m▀[38;2;217;204;195;48;2;221;212;204m▀[38;2;197;179;168;48;2;254;247;235m▀[38;2;242;233;221;48;2;253;248;238m▀[38;2;232;206;208;48;2;253;249;246m▀[38;2;94;70;81;48;2;249;245;249m▀[38;2;116;107;115;48;2;254;250;253m▀[38;2;147;140;152;48;2;251;244;251m▀[38;2;56;43;62;48;2;122;97;117m▀[38;2;55;40;64;48;2;85;48;77m▀[38;2;83;42;76;48;2;135;81;117m▀[38;2;194;116;162;48;2;237;155;203m▀[38;2;213;118;160;48;2;238;158;198m▀[38;2;150;80;102;48;2;138;81;97m▀[38;2;213;197;203;48;2;240;232;235m▀[38;2;253;251;251;48;2;254;254;250m▀[38;2;255;251;247;48;2;254;253;245m▀[38;2;254;248;243;48;2;254;246;237m▀[38;2;180;172;165;48;2;178;171;164m▀[38;2;249;235;227;48;2;250;236;228m▀[38;2;250;234;227;48;2;240;223;216m▀[38;2;170;154;148;48;2;167;149;143m▀[38;2;230;217;208;48;2;233;219;210m▀[38;2;245;232;223;48;2;245;232;223m▀[38;2;246;232;224;48;2;247;232;225m▀[38;2;246;232;225;48;2;247;233;226m▀[38;2;223;213;204;48;2;192;181;173m▀[38;2;126;95;94;48;2;146;114;113m▀[38;2;148;120;119;48;2;159;130;130m▀[38;2;135;112;112;48;2;123;102;101m▀[38;2;186;179;176;48;2;244;241;238m▀[38;2;254;252;248;48;2;254;253;253m▀[0m
[38;2;255;255;255;48;2;255;255;255m▀▀▀▀▀▀▀[38;2;252;250;251;48;2;244;241;242m▀[38;2;176;170;174;48;2;181;172;177m▀[38;2;230;219;225;48;2;229;218;224m▀[38;2;234;212;224;48;2;217;199;207m▀[38;2;136;87;107;48;2;136;78;99m▀[38;2;165;131;140;48;2;166;132;143m▀[38;2;211;197;201;48;2;171;140;149m▀[38;2;157;120;135;48;2;161;87;112m▀[38;2;127;63;88;48;2;137;61;87m▀[38;2;88;43;57;48;2;89;46;56m▀[38;2;212;185;184;48;2;210;182;184m▀[38;2;207;181;185;48;2;208;181;186m▀[38;2;206;183;184;48;2;205;183;185m▀[38;2;205;182;182;48;2;206;182;182m▀[38;2;206;182;181;48;2;207;181;181m▀[38;2;209;182;180;48;2;209;182;181m▀[38;2;148;120;118;48;2;149;122;120m▀[38;2;208;182;178;48;2;209;183;179m▀[38;2;156;133;129;48;2;157;134;130m▀[38;2;216;191;187;48;2;217;192;188m▀[38;2;221;197;193;48;2;223;199;195m▀[38;2;226;202;198;48;2;229;205;201m▀[38;2;233;209;205;48;2;238;214;209m▀[38;2;176;150;141;48;2;167;137;128m▀[38;2;248;199;182;48;2;172;126;111m▀[38;2;252;199;181;48;2;119;64;57m▀[38;2;249;198;184;48;2;80;24;22m▀[38;2;170;146;137;48;2;60;15;11m▀[38;2;179;160;152;48;2;134;101;96m▀[38;2;214;203;191;48;2;49;12;10m▀[38;2;218;208;198;48;2;47;7;8m▀[38;2;231;221;212;48;2;46;5;6m▀[38;2;247;237;228;48;2;45;5;6m▀[38;2;252;246;236;48;2;77;30;34m▀[38;2;251;248;237;48;2;152;100;106m▀[38;2;177;175;164;48;2;216;195;190m▀[38;2;206;197;189;48;2;204;201;190m▀[38;2;253;243;236;48;2;169;163;156m▀[38;2;253;243;233;48;2;245;237;228m▀[38;2;254;245;230;48;2;254;245;232m▀[38;2;254;245;232;48;2;254;245;230m▀[38;2;169;158;149;48;2;235;228;218m▀[38;2;220;212;205;48;2;192;183;177m▀[38;2;255;247;237;48;2;255;246;237m▀[38;2;255;248;237m▀[38;2;254;251;245;48;2;255;248;240m▀[38;2;254;251;249;48;2;254;251;245m▀[38;2;253;251;252;48;2;246;241;239m▀[38;2;229;221;226;48;2;107;66;77m▀[38;2;172;119;144;48;2;196;117;145m▀[38;2;210;147;181;48;2;248;189;215m▀[38;2;238;184;216;48;2;247;208;228m▀[38;2;245;185;221;48;2;205;168;187m▀[38;2;198;147;175;48;2;184;166;177m▀[38;2;176;153;162;48;2;252;250;252m▀[38;2;253;251;252;48;2;253;253;252m▀[38;2;253;252;250;48;2;215;205;204m▀[38;2;205;200;193;48;2;203;195;189m▀[38;2;211;202;194;48;2;196;187;179m▀[38;2;203;195;187;48;2;237;228;219m▀[38;2;252;239;230;48;2;243;230;221m▀[38;2;185;168;159;48;2;154;135;126m▀[38;2;208;188;178;48;2;220;199;187m▀[38;2;238;222;212;48;2;242;226;216m▀[38;2;246;233;224;48;2;248;234;225m▀[38;2;248;233;226;48;2;249;234;227m▀[38;2;248;234;227;48;2;249;235;227m▀[38;2;154;142;134;48;2;160;152;144m▀[38;2;95;71;67;48;2;251;245;235m▀[38;2;127;99;97;48;2;155;143;137m▀[38;2;147;131;131;48;2;120;104;101m▀[38;2;255;254;251;48;2;252;251;251m▀[38;2;254;254;254;48;2;254;254;254m▀[0m
[38;2;255;255;255;48;2;255;255;255m▀▀▀▀▀▀[38;2;254;254;254;48;2;254;254;254m▀[38;2;211;208;211;48;2;191;188;191m▀[38;2;211;200;206;48;2;231;223;228m▀[38;2;235;222;229;48;2;235;221;229m▀[38;2;193;163;176;48;2;165;131;145m▀[38;2;163;85;112;48;2;159;78;105m▀[38;2;170;133;140;48;2;165;130;133m▀[38;2;158;117;123;48;2;157;106;114m▀[38;2;211;105;136;48;2;214;106;137m▀[38;2;195;92;125;48;2;213;107;140m▀[38;2;98;47;59;48;2;127;61;79m▀[38;2;198;172;174;48;2;186;161;162m▀[38;2;208;185;188;48;2;209;187;190m▀[38;2;207;184;186;48;2;209;184;187m▀[38;2;207;182;183;48;2;207;182;184m▀[38;2;207;182;181;48;2;207;181;181m▀[38;2;209;182;181;48;2;209;182;180m▀[38;2;142;115;114;48;2;147;120;119m▀[38;2;212;185;182;48;2;215;189;185m▀[38;2;156;133;130;48;2;171;148;144m▀[38;2;221;196;192;48;2;209;185;181m▀[38;2;222;198;194;48;2;221;198;193m▀[38;2;227;208;202;48;2;225;209;202m▀[38;2;221;206;198;48;2;232;220;211m▀[38;2;127;64;64;48;2;107;40;39m▀[38;2;111;15;12;48;2;134;40;36m▀[38;2;94;10;10;48;2;152;89;84m▀[38;2;80;13;19;48;2;166;132;130m▀[38;2;72;18;20;48;2;196;161;163m▀[38;2;75;30;30;48;2;137;93;99m▀[38;2;75;40;44;48;2;99;72;83m▀[38;2;66;43;51;48;2;151;150;162m▀[38;2;78;58;67;48;2;116;109;133m▀[38;2;73;54;66;48;2;67;51;86m▀[38;2;92;72;79;48;2;64;48;74m▀[38;2;159;130;134;48;2;102;58;80m▀[38;2;238;226;220;48;2;176;151;152m▀[38;2;250;247;236;48;2;253;249;239m▀[38;2;245;238;230;48;2;253;250;237m▀[38;2;173;167;158;48;2;253;249;236m▀[38;2;176;169;161;48;2;238;233;223m▀[38;2;245;242;231;48;2;172;166;157m▀[38;2;254;247;238;48;2;166;159;153m▀[38;2;187;181;174;48;2;212;205;197m▀[38;2;237;230;222;48;2;177;169;163m▀[38;2;253;246;237;48;2;245;238;228m▀[38;2;255;248;237;48;2;255;247;236m▀[38;2;255;248;239;48;2;255;248;237m▀[38;2;253;251;244;48;2;251;246;236m▀[38;2;216;201;202;48;2;197;178;175m▀[38;2;126;93;100;48;2;188;169;168m▀[38;2;120;90;98;48;2;201;187;185m▀[38;2;207;201;202;48;2;191;174;174m▀[38;2;249;253;253;48;2;162;137;139m▀[38;2;254;252;253;48;2;111;102;101m▀[38;2;232;228;229;48;2;167;160;158m▀[38;2;156;150;147;48;2;239;231;226m▀[38;2;217;210;207;48;2;254;246;240m▀[38;2;253;246;241;48;2;252;244;239m▀[38;2;185;177;173;48;2;187;178;174m▀[38;2;250;241;232;48;2;209;199;191m▀[38;2;145;130;122;48;2;121;102;96m▀[38;2;155;133;123;48;2;179;158;148m▀[38;2;218;199;187;48;2;221;201;190m▀[38;2;250;235;222;48;2;251;236;223m▀[38;2;247;237;224;48;2;248;238;225m▀[38;2;248;236;226;48;2;249;236;227m▀[38;2;245;234;224;48;2;204;194;184m▀[38;2;160;150;142;48;2;120;102;94m▀[38;2;165;151;146;48;2;175;146;139m▀[38;2;210;192;176;48;2;245;211;190m▀[38;2;190;178;170;48;2;241;224;210m▀[38;2;160;154;152;48;2;124;109;107m▀[38;2;252;252;253;48;2;252;250;249m▀[0m
[38;2;255;255;255;48;2;255;255;255m▀▀▀▀▀▀[38;2;254;254;254;48;2;254;254;254m▀[38;2;178;175;176;48;2;177;175;176m▀[38;2;249;243;247;48;2;252;248;252m▀[38;2;238;224;231;48;2;236;224;231m▀[38;2;133;97;112;48;2;144;91;111m▀[38;2;160;84;110;48;2;205;108;140m▀[38;2;165;133;139;48;2;168;120;132m▀[38;2;153;89;105;48;2;162;83;105m▀[38;2;214;106;138;48;2;214;106;138m▀[38;2;213;107;140;48;2;214;106;139m▀[38;2;172;94;116;48;2;199;110;136m▀[38;2;173;139;144;48;2;151;110;117m▀[38;2;210;187;191;48;2;212;187;191m▀[38;2;210;185;188;48;2;208;185;188m▀[38;2;207;182;184;48;2;207;182;184m▀[38;2;207;181;181;48;2;207;181;180m▀[38;2;208;181;180;48;2;207;181;179m▀[38;2;159;132;130;48;2;190;163;161m▀[38;2;204;177;174;48;2;172;147;144m▀[38;2;206;181;177;48;2;218;193;189m▀[38;2;178;155;152;48;2;165;142;139m▀[38;2;227;204;200;48;2;220;198;193m▀[38;2;225;207;201;48;2;223;203;197m▀[38;2;224;203;196;48;2;242;219;213m▀[38;2;172;142;129;48;2;182;154;141m▀[38;2;248;208;190;48;2;248;209;193m▀[38;2;231;195;186;48;2;236;206;196m▀[38;2;214;201;199;48;2;224;210;209m▀[38;2;222;203;209;48;2;235;223;229m▀[38;2;220;199;206;48;2;253;252;253m▀[38;2;86;50;63;48;2;185;183;183m▀[38;2;132;117;127;48;2;181;176;174m▀[38;2;107;96;111;48;2;225;220;220m▀[38;2;57;34;63;48;2;110;92;103m▀[38;2;58;35;68;48;2;64;43;69m▀[38;2;108;66;95;48;2;117;75;104m▀[38;2;115;71;82;48;2;153;101;113m▀[38;2;251;247;234;48;2;226;219;205m▀[38;2;254;251;232;48;2;253;252;231m▀[38;2;255;251;233;48;2;254;251;232m▀[38;2;255;250;235;48;2;255;251;233m▀[38;2;255;250;237;48;2;255;250;234m▀[38;2;254;250;237;48;2;255;250;235m▀[38;2;215;210;198;48;2;254;250;235m▀[38;2;180;173;163;48;2;254;251;235m▀[38;2;190;184;174m▀[38;2;255;249;236;48;2;255;250;234m▀[38;2;255;250;238;48;2;255;250;235m▀[38;2;254;248;237;48;2;255;249;235m▀[38;2;254;247;237;48;2;254;248;235m▀[38;2;208;194;185;48;2;253;248;233m▀[38;2;177;152;147;48;2;254;247;232m▀[38;2;168;140;137;48;2;253;248;232m▀[38;2;216;206;197;48;2;253;247;232m▀[38;2;248;242;233;48;2;253;245;230m▀[38;2;253;246;236;48;2;254;245;228m▀[38;2;255;246;233;48;2;247;237;221m▀[38;2;255;246;235;48;2;254;245;231m▀[38;2;215;208;201;48;2;187;180;173m▀[38;2;209;200;197;48;2;172;164;160m▀[38;2;175;163;158;48;2;252;244;239m▀[38;2;185;172;164;48;2;175;162;155m▀[38;2;205;186;176;48;2;219;201;193m▀[38;2;225;208;197;48;2;233;217;208m▀[38;2;251;238;227;48;2;251;240;228m▀[38;2;249;239;227;48;2;249;240;227m▀[38;2;247;238;227;48;2;246;237;228m▀[38;2;162;148;138;48;2;156;136;127m▀[38;2;240;208;192;48;2;248;212;191m▀[38;2;203;168;145;48;2;215;176;149m▀[38;2;246;208;181;48;2;253;209;179m▀[38;2;244;220;201;48;2;224;199;181m▀[38;2;131;117;112;48;2;149;137;134m▀[38;2;251;248;248;48;2;254;252;253m▀[0m
[38;2;255;255;255;48;2;255;255;255m▀▀▀▀▀[38;2;253;255;255;48;2;251;254;254m▀[38;2;245;250;248;48;2;232;244;240m▀[38;2;178;174;177;48;2;179;172;176m▀[38;2;253;247;252;48;2;254;247;252m▀[38;2;234;221;227;48;2;206;190;197m▀[38;2;159;88;113;48;2;186;96;127m▀[38;2;214;103;140;48;2;216;104;140m▀[38;2;160;94;112;48;2;152;77;97m▀[38;2;173;89;112;48;2;172;94;114m▀[38;2;215;105;137;48;2;212;105;137m▀[38;2;214;105;137m▀[38;2;206;108;138;48;2;208;105;139m▀[38;2;140;88;98;48;2;143;80;94m▀[38;2;216;191;195;48;2;208;178;184m▀[38;2;208;186;189;48;2;207;187;189m▀[38;2;207;182;184;48;2;209;183;185m▀[38;2;207;182;182;48;2;206;181;181m▀[38;2;206;183;181;48;2;205;182;180m▀[38;2;211;186;185;48;2;211;187;185m▀[38;2;143;120;117;48;2;118;93;91m▀[38;2;217;192;187;48;2;218;193;189m▀[38;2;169;147;143;48;2;210;187;183m▀[38;2;227;203;199;48;2;183;162;158m▀[38;2;233;212;207;48;2;233;212;206m▀[38;2;241;221;215;48;2;241;222;217m▀[38;2;163;135;127;48;2;87;58;54m▀[38;2;250;210;196;48;2;174;133;125m▀[38;2;247;211;193;48;2;250;209;184m▀[38;2;243;228;220;48;2;252;235;218m▀[38;2;254;252;251;48;2;254;252;248m▀[38;2;253;253;254;48;2;253;254;251m▀[38;2;253;255;253;48;2;254;255;251m▀[38;2;252;255;251;48;2;253;254;252m▀[38;2;250;252;248;48;2;213;203;206m▀[38;2;179;136;151;48;2;140;87;106m▀[38;2;207;128;162;48;2;246;177;207m▀[38;2;223;163;194;48;2;251;200;227m▀[38;2;193;149;162;48;2;169;136;147m▀[38;2;217;208;199;48;2;241;233;227m▀[38;2;254;251;232;48;2;255;251;232m▀[38;2;255;251;231;48;2;255;251;231m▀[38;2;255;251;232m▀▀▀▀▀▀▀▀[38;2;255;251;231m▀[38;2;255;250;232;48;2;255;251;232m▀[38;2;254;248;231;48;2;254;248;230m▀[38;2;254;247;231;48;2;254;245;228m▀[38;2;246;227;212;48;2;243;222;206m▀[38;2;251;238;222;48;2;250;235;218m▀[38;2;240;226;209;48;2;241;224;205m▀[38;2;254;238;220;48;2;253;235;217m▀[38;2;238;224;208;48;2;245;234;218m▀[38;2;236;229;214;48;2;172;167;156m▀[38;2;139;131;124;48;2;243;239;230m▀[38;2;248;242;236;48;2;254;247;239m▀[38;2;254;247;240;48;2;254;246;238m▀[38;2;166;153;146;48;2;163;147;141m▀[38;2;220;202;195;48;2;223;204;197m▀[38;2;243;230;219;48;2;251;240;229m▀[38;2;251;241;229;48;2;252;241;229m▀▀[38;2;196;189;180;48;2;158;150;140m▀[38;2;169;148;140;48;2;249;239;230m▀[38;2;211;176;157;48;2;243;229;219m▀[38;2;245;204;174;48;2;183;167;155m▀[38;2;236;206;184;48;2;156;147;144m▀[38;2;134;121;114;48;2;243;241;242m▀[38;2;243;238;239;48;2;253;253;254m▀[38;2;254;253;253;48;2;254;254;254m▀[0m
[38;2;255;255;255;48;2;255;255;255m▀▀▀[48;2;254;254;254m▀[38;2;253;253;252;48;2;254;255;251m▀[38;2;251;253;253;48;2;234;246;252m▀[38;2;219;243;243;48;2;204;238;247m▀[38;2;181;170;175;48;2;183;174;180m▀[38;2;251;250;252;48;2;241;243;243m▀[38;2;168;151;157;48;2;202;196;198m▀[38;2;192;111;134;48;2;117;83;91m▀[38;2;208;108;137;48;2;115;56;70m▀[38;2;166;83;106;48;2;142;67;85m▀[38;2;166;86;107;48;2;143;65;85m▀[38;2;208;105;135;48;2;200;100;129m▀[48;2;206;105;135m▀[38;2;208;105;136;48;2;208;106;137m▀[38;2;182;102;125;48;2;199;109;135m▀[38;2;164;130;136;48;2;138;96;105m▀[38;2;206;189;190;48;2;213;194;196m▀[38;2;208;185;188;48;2;207;187;189m▀[38;2;206;181;182;48;2;207;182;183m▀[38;2;206;182;180;48;2;206;182;180m▀[38;2;208;184;182m▀[38;2;111;87;85;48;2;131;106;105m▀[38;2;180;156;153;48;2;103;79;75m▀[38;2;223;197;194;48;2;224;198;195m▀[38;2;162;144;139;48;2;205;185;180m▀[38;2;233;215;208;48;2;188;171;165m▀[38;2;239;222;216;48;2;236;221;214m▀[38;2;182;168;163;48;2;177;169;161m▀[38;2;116;93;88;48;2;240;232;223m▀[38;2;177;148;133;48;2;86;73;65m▀[38;2;252;239;221;48;2;196;183;172m▀[38;2;254;249;241;48;2;255;249;240m▀[38;2;254;251;245;48;2;254;250;243m▀[38;2;250;251;246;48;2;251;249;243m▀[38;2;250;252;248;48;2;224;210;204m▀[38;2;251;248;248;48;2;249;246;241m▀[38;2;145;118;126;48;2;251;251;247m▀[38;2;138;92;107;48;2;228;225;221m▀[38;2;222;205;209;48;2;196;183;178m▀[38;2;238;233;227;48;2;240;232;223m▀[38;2;253;247;236;48;2;253;247;234m▀[38;2;255;251;233;48;2;255;251;232m▀[38;2;255;251;231m▀[48;2;255;251;231m▀[48;2;255;251;232m▀▀▀▀▀[48;2;255;251;231m▀▀▀[48;2;255;250;232m▀[38;2;255;249;232;48;2;255;249;231m▀[38;2;254;246;231;48;2;255;248;231m▀[38;2;247;229;212;48;2;254;247;230m▀[38;2;249;234;218m▀[38;2;250;238;221;48;2;254;247;231m▀[38;2;254;244;227m▀[38;2;254;246;232;48;2;255;247;233m▀[38;2;255;247;234m▀[38;2;255;247;233;48;2;255;248;232m▀[38;2;255;247;235;48;2;255;247;233m▀[38;2;248;242;232;48;2;218;210;201m▀[38;2;160;144;138;48;2;188;172;166m▀[38;2;235;220;213;48;2;249;238;230m▀[38;2;254;240;232;48;2;254;243;234m▀[38;2;253;241;231;48;2;254;242;234m▀[38;2;222;213;204;48;2;155;143;136m▀[38;2;91;81;74;48;2;239;235;231m▀[38;2;157;148;143;48;2;253;252;252m▀[38;2;165;158;157;48;2;254;254;254m▀[38;2;224;222;221;48;2;253;253;254m▀[38;2;254;254;254;48;2;254;254;254m▀▀[38;2;255;253;255;48;2;255;253;255m▀▀[0m
[38;2;255;255;255;48;2;255;255;255m▀[38;2;254;255;254;48;2;254;255;254m▀[38;2;248;253;251;48;2;247;252;250m▀[38;2;240;251;251;48;2;238;248;248m▀[38;2;231;247;252;48;2;226;246;251m▀[38;2;189;234;250;48;2;187;233;250m▀[38;2;183;233;251;48;2;181;233;252m▀[38;2;160;188;191;48;2;188;215;223m▀[38;2;224;224;225;48;2;194;193;195m▀[38;2;253;252;253;48;2;254;251;252m▀[38;2;247;237;238;48;2;253;248;249m▀[38;2;168;158;159;48;2;175;168;168m▀[38;2;199;184;187;48;2;253;250;250m▀[38;2;121;101;103;48;2;194;189;187m▀[38;2;144;113;118;48;2;243;242;239m▀[38;2;126;101;104;48;2;250;253;248m▀[38;2;121;98;101;48;2;250;254;249m▀[38;2;119;93;97;48;2;251;254;249m▀[38;2;106;80;83;48;2;251;247;244m▀[38;2;190;177;177;48;2;139;131;130m▀[38;2;206;190;191;48;2;224;212;212m▀[38;2;206;185;186;48;2;202;185;185m▀[38;2;205;183;184;48;2;205;182;183m▀[38;2;206;182;182;48;2;206;182;182m▀[38;2;159;135;134;48;2;188;163;161m▀[38;2;99;76;72;48;2;119;95;92m▀[38;2;200;176;172;48;2;128;105;101m▀[38;2;228;203;199;48;2;230;204;200m▀[38;2;169;153;148;48;2;224;205;200m▀[38;2;235;222;215;48;2;174;163;156m▀[38;2;177;169;161;48;2;207;195;187m▀[38;2;240;233;223;48;2;209;201;192m▀[38;2;203;194;184;48;2;247;238;228m▀[38;2;61;35;33;48;2;144;120;116m▀[38;2;228;215;208;48;2;110;79;77m▀[38;2;253;250;240;48;2;245;235;225m▀[38;2;254;250;240;48;2;252;249;238m▀[38;2;207;186;180;48;2;253;245;234m▀[38;2;146;119;115;48;2;253;244;230m▀[38;2;122;93;90;48;2;245;237;221m▀[38;2;166;151;143;48;2;249;245;228m▀[38;2;236;235;221;48;2;251;250;229m▀[38;2;255;249;237;48;2;255;250;233m▀[38;2;255;250;236;48;2;255;250;235m▀[38;2;255;250;234;48;2;255;250;234m▀[38;2;255;251;232m▀[48;2;255;251;232m▀[48;2;255;250;234m▀[38;2;255;250;233;48;2;255;250;235m▀[38;2;255;250;235;48;2;255;250;236m▀[38;2;255;250;236m▀[48;2;253;249;237m▀[38;2;226;224;209;48;2;162;158;149m▀[38;2;248;245;230;48;2;250;246;234m▀[38;2;255;250;234;48;2;255;250;235m▀[38;2;255;251;232;48;2;255;251;233m▀[38;2;255;250;231;48;2;255;250;231m▀[38;2;255;249;230;48;2;255;249;230m▀▀▀[38;2;255;250;231;48;2;255;250;231m▀▀[38;2;255;249;233;48;2;255;249;233m▀[48;2;255;248;232m▀[38;2;253;247;232;48;2;254;245;233m▀[38;2;254;248;236;48;2;173;159;149m▀[38;2;171;162;152;48;2;91;79;70m▀[38;2;229;215;206;48;2;251;242;233m▀[38;2;254;244;235;48;2;254;245;236m▀[38;2;254;245;236;48;2;253;245;237m▀[38;2;214;208;200;48;2;150;146;142m▀[38;2;192;187;184;48;2;249;250;249m▀[38;2;252;252;252;48;2;243;249;252m▀[38;2;255;253;255;48;2;254;252;254m▀[38;2;254;254;254;48;2;255;253;255m▀[48;2;255;254;251m▀[38;2;254;254;251;48;2;241;237;226m▀[38;2;255;255;253;48;2;254;254;251m▀[38;2;254;254;254;48;2;254;254;254m▀▀[0m
[38;2;255;255;255;48;2;255;255;255m▀▀[38;2;254;254;252;48;2;254;254;252m▀▀[38;2;252;254;252m▀[38;2;228;248;253;48;2;247;254;254m▀[38;2;200;237;250;48;2;220;241;246m▀[38;2;236;247;250;48;2;250;254;254m▀[38;2;174;171;173;48;2;172;169;171m▀[38;2;254;252;253;48;2;253;251;252m▀[38;2;254;251;252;48;2;253;253;252m▀[38;2;175;171;170;48;2;176;175;173m▀[38;2;254;253;251;48;2;254;254;252m▀[38;2;244;240;239m▀[38;2;192;186;184;48;2;211;206;206m▀[38;2;254;253;249;48;2;238;234;233m▀[38;2;255;254;250;48;2;255;254;250m▀[38;2;254;255;250;48;2;254;255;250m▀[38;2;251;252;248;48;2;251;253;248m▀[38;2;132;121;121;48;2;175;163;163m▀[38;2;187;178;177;48;2;123;109;110m▀[38;2;216;204;204;48;2;235;229;227m▀[38;2;203;183;184;48;2;217;203;203m▀[38;2;206;182;182;48;2;204;183;183m▀[38;2;212;186;184;48;2;212;187;186m▀[38;2;115;91;88;48;2;126;102;101m▀[38;2;116;92;90;48;2;143;117;114m▀[38;2;187;164;160;48;2;107;85;82m▀[38;2;229;207;202;48;2;224;202;198m▀[38;2;199;183;177;48;2;233;213;208m▀[38;2;205;193;188;48;2;183;170;165m▀[38;2;112;101;96;48;2;150;137;133m▀[38;2;221;211;203;48;2;116;100;94m▀[38;2;240;229;221;48;2;189;179;171m▀[38;2;123;97;94;48;2;228;218;210m▀[38;2;188;167;160;48;2;155;140;132m▀[38;2;252;242;228;48;2;248;234;219m▀[38;2;247;235;220;48;2;240;224;208m▀[38;2;249;236;219;48;2;238;222;205m▀[38;2;248;235;217;48;2;244;227;209m▀[38;2;248;238;217;48;2;242;225;209m▀[38;2;254;249;229;48;2;253;246;227m▀[38;2;254;250;230;48;2;253;248;228m▀[38;2;255;250;231;48;2;254;249;230m▀[38;2;255;249;233;48;2;255;249;233m▀▀[38;2;254;250;234;48;2;222;218;202m▀[48;2;193;188;173m▀[38;2;254;249;235;48;2;254;248;235m▀[38;2;254;249;236;48;2;250;245;230m▀[38;2;251;249;234;48;2;202;197;182m▀[38;2;179;176;165;48;2;240;235;220m▀[38;2;239;236;225;48;2;254;250;235m▀[38;2;255;250;237;48;2;254;250;233m▀[38;2;255;250;234;48;2;255;250;234m▀[38;2;255;251;233;48;2;255;251;233m▀[38;2;255;250;231;48;2;255;250;231m▀[38;2;255;249;230;48;2;255;249;230m▀▀[48;2;255;250;231m▀[38;2;255;250;232;48;2;255;250;234m▀▀[38;2;254;250;234;48;2;211;205;192m▀[38;2;245;239;225;48;2;91;78;69m▀[38;2;127;111;103;48;2;118;96;87m▀[38;2;93;73;66;48;2;103;81;75m▀[38;2;160;149;141;48;2;218;208;201m▀[38;2;254;247;239;48;2;254;247;240m▀[38;2;254;244;238;48;2;217;209;204m▀[38;2;177;168;166;48;2;177;169;169m▀[38;2;221;218;218;48;2;252;251;253m▀[38;2;248;253;254;48;2;249;253;254m▀[38;2;233;244;248;48;2;222;240;246m▀[38;2;254;253;255;48;2;252;253;254m▀[38;2;254;254;254;48;2;255;255;253m▀[38;2;254;255;253;48;2;254;254;254m▀[38;2;244;234;209;48;2;238;228;175m▀[38;2;252;250;246;48;2;244;235;207m▀[38;2;255;255;255;48;2;255;255;252m▀[38;2;254;254;254;48;2;254;254;254m▀[0m
[38;2;255;255;255;48;2;255;255;255m▀▀▀▀[38;2;254;255;255;48;2;254;255;255m▀[38;2;249;254;255;48;2;252;255;255m▀[38;2;231;245;248;48;2;237;246;247m▀[38;2;251;254;254;48;2;250;254;255m▀[38;2;193;190;193;48;2;245;245;246m▀[38;2;227;225;227;48;2;174;172;174m▀[38;2;251;253;253;48;2;252;253;253m▀[38;2;185;179;181;48;2;192;184;187m▀[38;2;253;252;250;48;2;243;241;239m▀[38;2;254;253;251;48;2;254;253;252m▀[38;2;255;255;253;48;2;255;255;253m▀[38;2;254;254;254;48;2;254;254;253m▀[48;2;253;254;254m▀[38;2;245;249;251;48;2;231;240;245m▀[38;2;250;254;251;48;2;249;254;251m▀[38;2;194;186;187;48;2;211;206;204m▀[38;2;175;156;153;48;2;166;149;144m▀[38;2;133;122;118;48;2;185;168;158m▀[38;2;249;245;242;48;2;146;141;135m▀[38;2;216;207;205;48;2;251;251;247m▀[38;2;205;189;185;48;2;233;225;222m▀[38;2;155;136;132;48;2;203;184;183m▀[38;2;135;112;110;48;2;117;93;92m▀[38;2;119;92;91;48;2;117;89;89m▀[38;2;132;109;106;48;2;124;95;95m▀[38;2;233;214;209;48;2;161;143;139m▀[38;2;236;217;213;48;2;237;218;212m▀[38;2;182;166;162;48;2;240;221;215m▀[38;2;106;85;82;48;2;219;202;198m▀[38;2;132;106;103;48;2;149;123;120m▀[38;2;139;119;114;48;2;134;107;105m▀[38;2;178;165;158;48;2;166;150;144m▀[38;2;176;164;153;48;2;170;156;146m▀[38;2;252;240;223;48;2;142;131;120m▀[38;2;245;230;213;48;2;219;209;195m▀[38;2;250;239;220;48;2;253;245;228m▀[38;2;255;247;228;48;2;255;248;231m▀[38;2;254;249;230;48;2;254;250;231m▀[48;2;255;250;231m▀▀[38;2;255;249;233;48;2;255;249;233m▀▀[38;2;254;249;233;48;2;254;249;233m▀[38;2;235;230;214m▀[38;2;229;224;211;48;2;254;250;237m▀[38;2;250;248;231;48;2;254;251;235m▀[38;2;255;250;230;48;2;255;251;231m▀[48;2;255;250;230m▀[38;2;255;251;231;48;2;255;251;231m▀[38;2;255;251;232;48;2;255;251;232m▀[38;2;255;250;234;48;2;255;250;234m▀▀[38;2;255;250;231;48;2;255;250;231m▀[48;2;255;251;232m▀[38;2;253;250;231;48;2;254;250;234m▀[38;2;254;250;231;48;2;191;185;171m▀[38;2;245;240;225;48;2;85;63;57m▀[38;2;140;122;116;48;2;83;41;43m▀[38;2;88;62;61;48;2;126;99;101m▀[38;2;116;93;92;48;2;212;200;201m▀[38;2;153;136;131;48;2;242;237;235m▀[38;2;170;159;153;48;2;182;178;174m▀[38;2;251;247;241;48;2;247;242;239m▀[38;2;239;234;231;48;2;145;140;139m▀[38;2;148;142;141;48;2;243;243;244m▀[38;2;251;249;250;48;2;252;253;254m▀[38;2;252;253;255;48;2;252;253;255m▀[38;2;251;253;255;48;2;251;253;255m▀[38;2;213;237;244;48;2;211;237;245m▀[38;2;253;254;252;48;2;253;254;250m▀[38;2;253;254;249;48;2;251;251;241m▀[38;2;253;252;249;48;2;240;227;179m▀[38;2;241;232;171;48;2;245;238;161m▀[38;2;238;225;162;48;2;247;238;160m▀[38;2;250;248;220;48;2;238;219;148m▀[38;2;252;251;245;48;2;240;230;191m▀[0m
[38;2;255;255;255;48;2;255;255;255m▀▀▀▀▀[38;2;253;255;254;48;2;254;255;255m▀[38;2;248;252;252;48;2;252;254;255m▀[38;2;251;255;255m▀[38;2;250;253;254;48;2;251;254;255m▀[38;2;176;174;177;48;2;238;238;239m▀[38;2;242;241;243;48;2;179;176;179m▀[38;2;228;224;227;48;2;251;248;251m▀[38;2;213;208;210;48;2;187;180;183m▀[38;2;254;254;252;48;2;253;254;252m▀[38;2;255;255;253;48;2;255;255;253m▀▀[38;2;250;254;254;48;2;248;254;255m▀[38;2;223;238;245;48;2;221;238;248m▀[38;2;247;254;251;48;2;246;254;252m▀[38;2;219;216;213;48;2;224;222;219m▀[38;2;163;145;142;48;2;161;143;139m▀[38;2;205;185;180;48;2;206;184;181m▀[38;2;174;157;150;48;2;205;184;180m▀[38;2;157;152;145;48;2;172;154;148m▀[38;2;252;251;245;48;2;153;146;139m▀[38;2;250;245;242;48;2;252;251;245m▀[38;2;132;113;112;48;2;221;212;210m▀[38;2;138;107;109;48;2;125;95;96m▀[38;2;145;112;113;48;2;148;114;115m▀[38;2;98;66;67;48;2;120;87;89m▀[38;2;186;170;166;48;2;118;90;90m▀[38;2;245;234;226;48;2;188;179;171m▀[38;2;240;229;221;48;2;254;251;240m▀[38;2;228;217;209;48;2;253;249;238m▀[38;2;98;83;77;48;2;163;153;145m▀[38;2;234;224;218;48;2;74;60;55m▀[38;2;254;248;238;48;2;192;184;174m▀[38;2;253;246;232;48;2;253;249;236m▀[38;2;254;247;232;48;2;254;247;233m▀[38;2;254;249;231;48;2;254;249;232m▀[38;2;255;251;232;48;2;254;251;232m▀[48;2;255;252;233m▀▀▀[38;2;255;250;234;48;2;255;250;234m▀▀▀▀[38;2;255;250;236;48;2;255;250;235m▀[38;2;255;250;235;48;2;255;250;234m▀[38;2;255;250;230;48;2;255;250;232m▀[38;2;255;250;231;48;2;255;250;231m▀[38;2;255;251;232;48;2;255;251;232m▀▀[38;2;254;250;234;48;2;253;249;235m▀[48;2;206;199;187m▀[38;2;254;251;233;48;2;119;98;90m▀[38;2;221;216;201;48;2;79;38;35m▀[38;2;113;89;87;48;2;211;150;129m▀[38;2;129;86;79;48;2;246;165;143m▀[38;2;229;160;152;48;2;239;168;157m▀[38;2;120;85;82;48;2;129;101;97m▀[38;2;139;124;123;48;2;185;172;172m▀[38;2;137;128;126;48;2;222;208;209m▀[38;2;149;139;138;48;2;154;141;143m▀[38;2;234;226;225;48;2;125;111;112m▀[38;2;149;140;140;48;2;137;126;128m▀[38;2;240;237;237;48;2;234;230;232m▀[38;2;254;254;252;48;2;255;254;253m▀[38;2;253;255;254;48;2;254;254;253m▀[38;2;251;254;251;48;2;251;254;251m▀[38;2;242;252;250;48;2;218;244;249m▀[38;2;208;234;253;48;2;192;237;250m▀[38;2;239;242;236;48;2;228;243;245m▀[38;2;246;241;216;48;2;252;253;251m▀[38;2;239;227;164;48;2;253;252;247m▀[38;2;243;231;159;48;2;248;238;217m▀[38;2;245;238;165;48;2;238;219;150m▀[38;2;242;232;199;48;2;252;251;242m▀[38;2;254;253;245;48;2;253;254;248m▀[0m
[38;2;255;255;255;48;2;255;255;255m▀▀▀▀[48;2;254;255;255m▀▀[38;2;254;255;255m▀▀▀▀[38;2;182;181;182;48;2;250;251;251m▀[38;2;229;225;229;48;2;158;157;159m▀[38;2;190;183;187;48;2;237;231;235m▀[38;2;248;245;245;48;2;200;195;197m▀[38;2;255;255;253;48;2;255;255;253m▀▀[38;2;247;252;254;48;2;242;251;254m▀[38;2;212;238;249;48;2;195;237;248m▀[38;2;248;254;253;48;2;238;251;253m▀[38;2;230;225;222;48;2;231;226;227m▀[38;2;161;142;137;48;2;161;143;137m▀[38;2;205;185;177;48;2;205;185;176m▀[38;2;206;186;178;48;2;206;186;177m▀[38;2;202;182;174;48;2;202;182;173m▀[38;2;181;161;154;48;2;206;184;176m▀[38;2;142;128;123;48;2;153;132;126m▀[38;2;246;242;236;48;2;132;113;109m▀[38;2;153;136;135;48;2;201;192;187m▀[38;2;152;116;118;48;2;133;104;105m▀[38;2;117;83;85;48;2;116;84;83m▀[38;2;153;119;117;48;2;152;119;112m▀[38;2;118;92;85;48;2;153;119;109m▀[38;2;163;154;148;48;2;130;102;97m▀[38;2;252;251;247;48;2;135;120;122m▀[38;2;254;250;243;48;2;245;241;243m▀[38;2;209;204;197;48;2;253;251;251m▀[38;2;91;76;70;48;2;254;248;245m▀[38;2;74;53;49;48;2;216;206;203m▀[38;2;152;135;129;48;2;143;125;122m▀[38;2;213;204;193;48;2;74;54;51m▀[38;2;252;245;233;48;2;45;23;19m▀[38;2;253;247;234;48;2;83;61;56m▀[38;2;253;248;233;48;2;115;94;90m▀[38;2;254;250;234;48;2;143;123;117m▀[38;2;253;250;234;48;2;161;144;138m▀[48;2;167;152;145m▀[38;2;254;251;233;48;2;163;150;143m▀[38;2;254;251;234;48;2;153;140;133m▀[38;2;254;251;233;48;2;132;119;111m▀[38;2;254;250;232;48;2;104;91;85m▀[38;2;254;251;235;48;2;68;52;47m▀[38;2;244;239;224;48;2;73;56;52m▀[38;2;195;187;175;48;2;124;109;105m▀[38;2;134;119;113;48;2;188;179;178m▀[38;2;79;63;59;48;2;206;194;194m▀[38;2;121;110;106;48;2;125;108;108m▀[38;2;132;107;102;48;2;121;93;88m▀[38;2;212;150;141;48;2;214;146;131m▀[38;2;240;167;134;48;2;243;167;147m▀[38;2;243;168;147;48;2;199;150;141m▀[38;2;192;143;135;48;2;189;168;167m▀[38;2;189;169;168;48;2;225;210;213m▀[38;2;227;212;215;48;2;221;206;212m▀[38;2;139;125;130;48;2;197;182;191m▀[38;2;152;137;144;48;2;225;208;218m▀[38;2;226;209;217;48;2;222;205;215m▀[38;2;216;201;208;48;2;223;206;214m▀[38;2;140;128;130;48;2;228;209;214m▀[38;2;162;157;154;48;2;195;174;177m▀[38;2;248;247;244;48;2;132;110;112m▀[38;2;223;241;250;48;2;167;189;206m▀[38;2;185;234;249;48;2;184;234;252m▀[38;2;185;235;249;48;2;184;235;251m▀[38;2;187;235;250;48;2;184;235;252m▀[38;2;228;245;253;48;2;194;235;252m▀[38;2;252;253;254;48;2;203;238;251m▀[38;2;251;252;246;48;2;219;238;247m▀[38;2;239;228;190;48;2;228;233;231m▀[38;2;254;254;245;48;2;245;246;240m▀[38;2;254;255;249;48;2;254;255;250m▀[0m
[38;2;255;255;255;48;2;255;255;255m▀▀▀[38;2;254;255;255;48;2;255;254;253m▀[38;2;253;253;250;48;2;233;232;211m▀[38;2;252;253;253;48;2;252;253;249m▀[38;2;254;255;255;48;2;254;255;255m▀▀▀▀[38;2;254;254;254;48;2;254;254;254m▀[38;2;236;236;236m▀[38;2;166;162;166;48;2;225;226;226m▀[38;2;197;189;193;48;2;155;151;155m▀[38;2;241;237;241;48;2;186;182;188m▀[38;2;239;253;253;48;2;209;239;241m▀[38;2;201;238;247;48;2;176;240;247m▀[38;2;182;233;253;48;2;180;234;254m▀[38;2;198;233;245;48;2;179;234;251m▀[38;2;218;224;230;48;2;186;210;225m▀[38;2;161;144;137;48;2;162;146;139m▀[38;2;206;186;177;48;2;205;185;176m▀[48;2;206;186;177m▀[38;2;205;185;174;48;2;194;175;165m▀[38;2;166;146;136;48;2;178;159;147m▀[38;2;207;186;172;48;2;212;192;177m▀[38;2;221;198;186;48;2;217;196;182m▀[38;2;165;144;137;48;2;223;199;188m▀[38;2;136;114;112;48;2;224;197;191m▀[38;2;92;62;60;48;2;116;89;86m▀[38;2;159;127;120;48;2;110;82;77m▀[38;2;156;123;115;48;2;148;118;111m▀[38;2;156;123;117;48;2;165;133;124m▀[38;2;150;119;113;48;2;165;132;123m▀[38;2;114;91;92;48;2;173;141;132m▀[38;2;205;197;201;48;2;120;94;91m▀[38;2;253;251;248;48;2;116;103;102m▀[38;2;253;252;243;48;2;227;222;217m▀[38;2;255;251;244;48;2;255;251;243m▀[38;2;253;248;242;48;2;255;251;242m▀[38;2;138;128;124;48;2;233;228;222m▀[38;2;209;201;196;48;2;152;148;143m▀[38;2;187;167;168;48;2;253;251;247m▀[38;2;170;145;150;48;2;254;252;251m▀[38;2;150;130;130;48;2;252;254;249m▀[38;2;136;124;120;48;2;252;254;248m▀[38;2;142;132;126;48;2;251;254;247m▀[38;2;156;146;140;48;2;252;255;247m▀[38;2;181;172;170;48;2;251;254;252m▀[38;2;211;204;207;48;2;252;253;254m▀[38;2;243;238;236;48;2;254;253;250m▀[38;2;254;252;247;48;2;238;234;231m▀[38;2;251;248;245;48;2;128;117;116m▀[38;2;154;143;143;48;2;203;187;192m▀[38;2;160;145;150;48;2;228;212;221m▀[38;2;171;146;146;48;2;176;142;141m▀[38;2;182;134;125;48;2;237;183;168m▀[38;2;201;149;132;48;2;223;175;161m▀[38;2;203;166;151;48;2;168;150;143m▀[38;2;178;159;158;48;2;225;210;215m▀[38;2;228;209;217;48;2;228;208;220m▀[38;2;226;209;216;48;2;227;208;219m▀[38;2;225;208;216;48;2;225;208;218m▀[38;2;225;208;218m▀[38;2;224;206;218;48;2;224;206;218m▀[38;2;226;206;216;48;2;226;206;216m▀[38;2;226;206;213;48;2;217;194;200m▀[38;2;217;192;197;48;2;211;186;191m▀[38;2;208;182;186;48;2;216;190;194m▀[38;2;224;195;201;48;2;165;142;142m▀[38;2;106;83;91;48;2;196;140;137m▀[38;2;148;148;162;48;2;147;101;100m▀[38;2;190;234;246;48;2;99;93;103m▀[38;2;182;238;247;48;2;206;234;243m▀[38;2;210;243;252;48;2;237;252;253m▀[38;2;238;248;253;48;2;253;254;254m▀[38;2;241;251;253;48;2;247;254;252m▀[38;2;239;249;252;48;2;237;247;249m▀[38;2;254;254;252;48;2;255;255;253m▀[48;2;254;254;252m▀[0m
[38;2;255;255;255;48;2;255;255;255m▀▀▀[48;2;255;255;254m▀[38;2;247;239;218;48;2;248;231;196m▀[38;2;250;246;236;48;2;244;227;191m▀[38;2;253;255;252;48;2;254;254;252m▀[48;2;253;255;252m▀[38;2;254;255;255;48;2;254;255;255m▀▀[38;2;255;255;255;48;2;255;255;255m▀[38;2;254;254;254;48;2;254;255;255m▀[38;2;243;245;247;48;2;244;249;249m▀[38;2;233;235;236;48;2;243;249;249m▀[38;2;160;160;163;48;2;249;253;253m▀[38;2;122;126;132;48;2;241;244;244m▀[38;2;160;194;206;48;2;166;183;188m▀[38;2;184;227;244;48;2;143;170;185m▀[38;2;184;230;246;48;2;190;225;234m▀[38;2;183;198;212;48;2;202;206;212m▀[38;2;164;148;141;48;2;172;155;149m▀[38;2;205;186;176;48;2;207;187;178m▀[38;2;208;188;180;48;2;160;142;134m▀[38;2;155;138;130;48;2;200;182;170m▀[38;2;210;194;180;48;2;208;192;179m▀[38;2;210;194;179;48;2;234;226;217m▀[38;2;216;196;182;48;2;228;217;206m▀[38;2;222;201;188;48;2;222;202;189m▀[38;2;229;204;193;48;2;229;207;196m▀[38;2;162;141;132;48;2;159;141;132m▀[38;2;237;216;205;48;2;237;217;206m▀[38;2;187;161;151;48;2;241;219;208m▀[38;2;173;146;135;48;2;221;199;186m▀[38;2;180;151;140;48;2;199;174;160m▀[38;2;184;155;144;48;2;199;175;161m▀[38;2;181;152;141;48;2;206;182;169m▀[38;2;118;100;96;48;2;124;111;105m▀[38;2;162;153;150;48;2;253;251;251m▀[38;2;144;137;133;48;2;250;247;247m▀[38;2;203;196;189;48;2;197;192;190m▀[38;2;252;248;243;48;2;152;148;144m▀[38;2;227;221;218;48;2;160;156;153m▀[38;2;174;170;167;48;2;183;178;175m▀[38;2;253;252;248;48;2;182;179;176m▀[38;2;253;253;249;48;2;247;245;241m▀[38;2;253;254;250;48;2;254;254;251m▀[38;2;248;251;249;48;2;242;247;247m▀[38;2;250;254;253;48;2;251;254;255m▀[38;2;251;254;254;48;2;253;253;254m▀[38;2;252;253;254;48;2;232;229;229m▀[38;2;229;224;222;48;2;137;123;124m▀[38;2;131;119;120;48;2;240;227;230m▀[38;2;218;205;208;48;2;235;224;226m▀[38;2;222;209;215;48;2;227;217;222m▀[38;2;215;197;205;48;2;193;171;170m▀[38;2;198;158;149;48;2;238;196;180m▀[38;2;233;187;172;48;2;164;140;134m▀[38;2;163;139;135;48;2;219;207;213m▀[38;2;224;208;213;48;2;223;208;218m▀[38;2;223;208;217;48;2;224;208;218m▀[38;2;226;209;219;48;2;224;209;219m▀[48;2;224;210;219m▀[38;2;227;209;219;48;2;226;209;219m▀[38;2;226;209;219m▀[38;2;224;206;218;48;2;219;197;204m▀[38;2;222;200;207;48;2;204;180;184m▀[38;2;206;182;186;48;2;219;199;203m▀[38;2;213;189;194;48;2;156;137;140m▀[38;2;163;137;140;48;2;185;132;130m▀[38;2;196;142;138;48;2;222;169;165m▀[38;2;224;156;152;48;2;209;165;159m▀[38;2;230;162;161;48;2;180;139;132m▀[38;2;158;107;107;48;2;184;129;126m▀[38;2;151;140;143;48;2;108;66;65m▀[38;2;251;253;252;48;2;238;239;234m▀[38;2;251;254;250;48;2;252;253;249m▀[38;2;243;251;252;48;2;239;249;249m▀[38;2;228;244;250;48;2;220;240;250m▀[38;2;253;255;254;48;2;253;255;255m▀[38;2;254;255;255;48;2;254;255;255m▀[0m
[38;2;255;255;255;48;2;255;255;255m▀▀▀[38;2;255;255;254;48;2;254;254;253m▀[38;2;244;230;186;48;2;242;227;182m▀[38;2;248;245;167;48;2;252;249;169m▀[38;2;240;236;199;48;2;243;238;162m▀[38;2;245;239;220;48;2;242;230;159m▀[38;2;242;235;214;48;2;240;231;201m▀[38;2;243;239;221;48;2;253;253;251m▀[38;2;255;255;255;48;2;255;255;255m▀[38;2;255;255;253;48;2;255;255;253m▀[38;2;239;248;248;48;2;232;246;249m▀[38;2;239;248;249;48;2;236;247;248m▀[38;2;252;255;253;48;2;251;255;251m▀[38;2;251;255;252;48;2;253;255;254m▀[38;2;248;253;253;48;2;252;253;252m▀[38;2;209;235;244;48;2;212;237;242m▀[38;2;239;252;254;48;2;241;252;253m▀[38;2;207;200;201;48;2;194;186;187m▀[38;2;185;166;161;48;2;197;177;174m▀[38;2;192;172;163;48;2;130;111;105m▀[38;2;151;131;123;48;2;204;183;173m▀[38;2;209;189;180;48;2;235;223;216m▀[38;2;237;229;222;48;2;253;251;244m▀[38;2;253;251;247;48;2;253;253;248m▀[38;2;251;249;243;48;2;253;252;247m▀[38;2;224;212;203;48;2;250;245;240m▀[38;2;226;209;200;48;2;203;192;185m▀[38;2;159;141;134;48;2;185;169;162m▀[38;2;237;217;207;48;2;236;218;207m▀[38;2;240;221;207;48;2;239;222;208m▀[38;2;243;224;210;48;2;240;225;209m▀[38;2;245;226;211;48;2;243;229;212m▀[38;2;229;211;195;48;2;245;230;214m▀[38;2;227;208;194;48;2;246;232;216m▀[38;2;122;109;103;48;2;133;123;117m▀[38;2;251;249;250;48;2;245;243;242m▀[38;2;255;255;255;48;2;255;255;255m▀▀[38;2;255;255;252;48;2;254;255;255m▀▀[38;2;220;220;218;48;2;240;241;242m▀[38;2;202;201;200;48;2;247;249;250m▀[38;2;182;180;178;48;2;252;253;252m▀[38;2;238;239;239;48;2;248;254;253m▀[38;2;230;241;246;48;2;224;238;244m▀[38;2;252;253;254;48;2;251;253;254m▀[38;2;253;252;251;48;2;228;224;221m▀[38;2;180;163;165;48;2;162;140;143m▀[38;2;234;208;211;48;2;236;212;214m▀[38;2;254;252;253;48;2;245;235;235m▀[38;2;254;250;251;48;2;233;218;213m▀[38;2;251;245;245;48;2;219;200;193m▀[38;2;172;154;153;48;2;142;119;116m▀[38;2;183;150;145;48;2;162;134;134m▀[38;2;213;194;193;48;2;215;195;194m▀[38;2;234;216;216;48;2;224;207;205m▀[38;2;227;209;213;48;2;228;211;211m▀[38;2;222;207;214;48;2;244;233;237m▀[38;2;223;211;218;48;2;254;248;252m▀[38;2;225;215;221;48;2;254;250;253m▀[38;2;235;220;226;48;2;241;230;232m▀[38;2;231;211;215;48;2;225;204;202m▀[38;2;217;198;199;48;2;229;216;212m▀[38;2;229;215;217;48;2;140;130;127m▀[38;2;148;135;136;48;2;223;210;208m▀[38;2;210;194;193;48;2;191;176;174m▀[38;2;187;172;165;48;2;205;191;185m▀[38;2;211;193;186;48;2;209;192;184m▀[38;2;203;185;177;48;2;249;228;217m▀[38;2;253;230;218;48;2;252;227;217m▀[38;2;253;226;215;48;2;254;227;216m▀[38;2;202;175;167;48;2;252;227;216m▀[38;2;163;157;153;48;2;138;119;115m▀[38;2;251;251;249;48;2;251;252;251m▀[38;2;233;248;251;48;2;227;246;252m▀[38;2;212;239;251;48;2;206;236;252m▀[38;2;253;255;255;48;2;253;255;255m▀[38;2;254;255;255;48;2;254;255;255m▀[0m
[38;2;254;255;254;48;2;254;254;253m▀[38;2;254;254;253;48;2;245;241;232m▀[38;2;254;253;250;48;2;244;239;220m▀[38;2;237;224;186;48;2;244;234;213m▀[38;2;247;236;158;48;2;243;229;193m▀[38;2;248;243;164;48;2;241;222;183m▀[38;2;250;243;168;48;2;243;223;159m▀[38;2;244;227;189;48;2;253;250;246m▀[38;2;254;253;255;48;2;254;253;255m▀[38;2;255;255;255;48;2;254;255;254m▀[48;2;254;254;254m▀[38;2;254;255;253;48;2;254;254;253m▀[38;2;225;244;252;48;2;220;243;253m▀[38;2;228;246;252;48;2;223;246;253m▀[38;2;254;255;255;48;2;254;255;255m▀[38;2;255;255;255;48;2;255;255;255m▀[38;2;253;253;254;48;2;252;253;254m▀[38;2;215;238;245;48;2;215;240;244m▀[38;2;246;252;254;48;2;252;249;253m▀[38;2;172;158;164;48;2;125;107;112m▀[38;2;168;147;146;48;2;167;149;147m▀[38;2;171;150;145;48;2;201;185;183m▀[38;2;227;212;205;48;2;251;248;243m▀[38;2;254;250;243;48;2;253;251;246m▀[38;2;254;253;248;48;2;254;253;248m▀▀▀[38;2;254;252;246;48;2;255;251;247m▀[38;2;177;170;165;48;2;153;142;139m▀[38;2;222;206;200;48;2;241;230;225m▀[38;2;235;218;206;48;2;246;235;226m▀[38;2;239;222;208;48;2;238;222;208m▀[38;2;239;226;210;48;2;239;225;209m▀[38;2;241;229;212;48;2;241;229;213m▀[38;2;240;230;214;48;2;241;232;217m▀[38;2;244;232;216;48;2;242;232;218m▀[38;2;151;137;132;48;2;165;148;143m▀[38;2;231;226;226;48;2;217;212;212m▀[38;2;254;254;254;48;2;254;254;254m▀[38;2;255;255;255m▀[48;2;255;255;255m▀▀[38;2;224;242;251;48;2;221;241;252m▀[38;2;241;248;251;48;2;220;242;251m▀[38;2;253;252;250;48;2;220;242;249m▀[38;2;224;246;251;48;2;188;234;249m▀[38;2;202;235;250;48;2;183;234;253m▀[38;2;236;248;252;48;2;179;205;215m▀[38;2;146;125;123;48;2;156;119;114m▀[38;2;170;147;146;48;2;170;143;138m▀[38;2;227;205;203;48;2;185;167;161m▀[38;2;226;207;201;48;2;152;130;126m▀[38;2;197;178;173;48;2;76;45;44m▀[38;2;148;127;123;48;2;137;96;96m▀[38;2;111;87;84;48;2;183;125;132m▀[38;2;169;153;148;48;2;146;102;106m▀[38;2;207;191;190;48;2;167;132;133m▀[38;2;228;208;208;48;2;179;148;151m▀[38;2;225;209;209;48;2;179;161;162m▀[38;2;225;210;209;48;2;218;204;204m▀[38;2;229;214;214;48;2;227;210;208m▀[38;2;236;223;222;48;2;224;203;198m▀[38;2;221;202;200;48;2;214;201;197m▀[38;2;224;209;206;48;2;140;128;124m▀[38;2;139;122;116;48;2;240;222;215m▀[38;2;234;217;210;48;2;248;228;221m▀[38;2;245;228;224;48;2;211;195;188m▀[38;2;174;162;158;48;2;164;149;143m▀[38;2;192;178;172;48;2;249;229;221m▀[38;2;249;227;218;48;2;251;225;216m▀[38;2;251;227;217;48;2;254;227;218m▀[38;2;254;226;218m▀[38;2;255;228;219;48;2;255;228;219m▀[38;2;255;227;218;48;2;255;227;218m▀[38;2;157;136;130;48;2;203;176;168m▀[38;2;242;242;242;48;2;204;199;196m▀[38;2;223;243;251;48;2;219;241;250m▀[38;2;205;235;251;48;2;203;235;251m▀[38;2;253;255;255;48;2;253;254;255m▀[38;2;254;255;255;48;2;254;255;255m▀[0m
[38;2;254;254;252;48;2;255;254;250m▀[38;2;254;255;248;48;2;254;255;250m▀[38;2;253;254;251;48;2;253;255;252m▀[38;2;252;255;252;48;2;254;255;252m▀[38;2;253;255;254;48;2;253;255;254m▀[38;2;253;254;251;48;2;253;255;253m▀[38;2;236;215;180;48;2;248;245;235m▀[38;2;253;251;250;48;2;248;241;228m▀[38;2;254;254;253;48;2;254;254;253m▀[38;2;254;254;254;48;2;254;254;254m▀[48;2;255;255;255m▀[48;2;254;255;255m▀[38;2;215;242;252;48;2;213;241;252m▀[38;2;219;243;252;48;2;217;242;251m▀[38;2;254;255;255;48;2;254;255;255m▀[48;2;255;254;255m▀[38;2;252;254;254;48;2;254;254;254m▀[38;2;229;242;248;48;2;242;246;249m▀[38;2;242;239;243;48;2;184;180;181m▀[38;2;149;140;140;48;2;223;217;216m▀[38;2;177;159;159;48;2;188;174;173m▀[38;2;244;234;231;48;2;253;252;247m▀[38;2;254;251;246;48;2;255;252;247m▀[38;2;255;252;247m▀▀▀[38;2;254;252;247;48;2;254;252;247m▀[38;2;241;236;232;48;2;181;174;171m▀[38;2;140;124;123;48;2;168;144;145m▀[38;2;245;241;237;48;2;251;250;244m▀[38;2;253;252;248;48;2;254;253;248m▀[38;2;247;238;230;48;2;250;244;237m▀[38;2;239;227;211;48;2;241;232;218m▀[38;2;241;230;215;48;2;252;248;239m▀[38;2;241;231;217;48;2;247;242;231m▀[38;2;242;232;217;48;2;246;238;225m▀[38;2;180;161;158;48;2;197;179;175m▀[38;2;206;195;198;48;2;191;179;183m▀[38;2;255;255;255;48;2;254;254;254m▀[38;2;254;254;254;48;2;255;255;255m▀▀[38;2;253;254;254;48;2;254;255;255m▀[38;2;208;241;249;48;2;208;241;249m▀[38;2;226;248;252;48;2;226;248;252m▀[38;2;241;251;253;48;2;249;254;253m▀[38;2;198;239;251;48;2;241;252;254m▀[38;2;187;234;251;48;2;199;224;234m▀[38;2;127;123;133;48;2;144;109;112m▀[38;2;194;141;145;48;2;143;109;108m▀[38;2;141;112;110;48;2;174;158;153m▀[38;2;189;174;171;48;2;142;131;127m▀[38;2;140;128;126;48;2;181;171;168m▀[38;2;147;126;126;48;2;204;193;190m▀[38;2;124;91;92;48;2;148;134;131m▀[38;2;105;69;69;48;2;168;153;149m▀[38;2;124;98;97;48;2;192;184;178m▀[38;2;168;151;150;48;2;176;163;161m▀[38;2;245;222;222;48;2;118;100;99m▀[38;2;211;193;193;48;2;207;185;185m▀[38;2;134;113;112;48;2;244;218;217m▀[38;2;155;139;136;48;2;229;209;206m▀[38;2;189;176;170;48;2;191;171;167m▀[38;2;150;133;129;48;2;203;181;179m▀[38;2;250;232;228;48;2;179;157;155m▀[38;2;251;230;225;48;2;172;150;146m▀[38;2;251;228;223;48;2;186;166;162m▀[38;2;156;138;131;48;2;161;144;136m▀[38;2;224;205;195;48;2;251;229;218m▀[38;2;253;226;217;48;2;254;226;216m▀[38;2;254;225;217;48;2;255;227;216m▀[38;2;253;227;218;48;2;255;227;217m▀[38;2;255;226;218m▀[48;2;255;226;218m▀▀[38;2;236;213;205;48;2;251;227;218m▀[38;2;180;172;168;48;2;171;163;160m▀[38;2;216;241;249;48;2;212;240;251m▀[38;2;200;234;249;48;2;194;233;250m▀[38;2;251;253;253;48;2;244;251;253m▀[38;2;254;254;252;48;2;254;254;253m▀[0m
[38;2;255;255;253;48;2;255;255;253m▀▀▀▀[38;2;255;255;255;48;2;255;255;255m▀[38;2;255;254;253;48;2;254;255;253m▀[38;2;253;252;247;48;2;254;255;251m▀[38;2;248;248;246;48;2;253;253;252m▀[38;2;254;254;253;48;2;254;254;253m▀[38;2;254;254;254;48;2;254;254;254m▀[38;2;255;255;252;48;2;252;254;253m▀[38;2;253;255;253;48;2;225;245;251m▀[38;2;208;240;252;48;2;191;234;251m▀[38;2;212;242;253;48;2;191;235;252m▀[38;2;252;254;254;48;2;225;247;253m▀[38;2;255;255;255;48;2;249;253;253m▀[38;2;253;252;253;48;2;250;249;251m▀[38;2;227;224;225;48;2;177;171;173m▀[38;2;203;196;195;48;2;253;243;242m▀[38;2;187;180;179;48;2;180;172;170m▀[38;2;242;238;235;48;2;254;252;248m▀[38;2;254;253;248;48;2;254;253;248m▀[38;2;255;253;248;48;2;254;252;248m▀[38;2;254;253;249;48;2;254;253;249m▀▀▀[38;2;252;250;246;48;2;216;211;206m▀[38;2;142;138;135;48;2;164;159;154m▀[38;2;201;182;183;48;2;204;186;186m▀[38;2;253;251;247;48;2;253;251;246m▀[38;2;255;254;248;48;2;255;254;248m▀[38;2;250;246;240;48;2;250;246;240m▀[38;2;242;235;226;48;2;245;242;234m▀[38;2;253;254;248;48;2;254;255;249m▀[38;2;255;255;247;48;2;255;255;247m▀[38;2;255;255;246;48;2;255;255;246m▀[38;2;211;204;200;48;2;215;212;205m▀[38;2;176;169;169;48;2;173;170;167m▀[38;2;254;254;252;48;2;254;255;250m▀▀[38;2;252;254;254;48;2;234;250;254m▀[38;2;237;251;254;48;2;188;235;250m▀[38;2;198;239;251;48;2;186;235;253m▀[38;2;206;242;252;48;2;181;234;252m▀[38;2;242;252;254;48;2;199;236;250m▀[38;2;253;253;254;48;2;244;250;253m▀[38;2;158;163;166;48;2;142;117;115m▀[38;2;154;118;115;48;2;152;127;118m▀[38;2;230;213;208;48;2;157;138;133m▀[38;2;148;135;131;48;2;218;206;200m▀[38;2;198;189;181;48;2;251;241;230m▀[38;2;239;229;219;48;2;250;240;228m▀[38;2;210;201;192;48;2;248;242;233m▀[38;2;147;137;130;48;2;189;181;174m▀[38;2;101;90;86;48;2;169;160;155m▀[38;2;196;188;182;48;2;218;209;203m▀[38;2;219;212;206;48;2;251;245;237m▀[38;2;193;185;180;48;2;242;234;227m▀[38;2;154;137;135;48;2;205;195;189m▀[38;2;251;224;227;48;2;187;162;163m▀[38;2;251;225;224;48;2;174;151;149m▀[38;2;252;224;224;48;2;170;144;144m▀[38;2;251;224;223;48;2;229;186;191m▀[38;2;250;225;224;48;2;226;186;190m▀[38;2;248;222;221;48;2;200;172;171m▀[38;2;169;145;141;48;2;162;141;136m▀[38;2;224;203;192;48;2;253;229;220m▀[38;2;251;228;215;48;2;253;229;217m▀[38;2;254;228;215;48;2;254;228;215m▀[38;2;254;228;216m▀▀▀[38;2;254;227;216;48;2;254;227;216m▀[38;2;253;227;216;48;2;253;227;216m▀[38;2;252;230;218;48;2;252;229;216m▀[38;2;158;155;164;48;2;164;161;170m▀[38;2;183;235;249;48;2;182;236;252m▀[38;2;183;235;250;48;2;180;236;252m▀[38;2;189;233;249;48;2;183;235;251m▀[38;2;231;249;253;48;2;189;236;251m▀[0m
[38;2;255;255;253;48;2;255;255;253m▀▀▀▀[38;2;255;255;255;48;2;254;255;255m▀[48;2;251;255;255m▀[38;2;255;255;253;48;2;253;253;253m▀[48;2;247;251;252m▀[38;2;253;255;255;48;2;239;250;249m▀[38;2;251;255;254;48;2;227;248;246m▀[38;2;223;246;252;48;2;197;234;252m▀[38;2;186;232;252;48;2;190;235;254m▀[38;2;183;235;254;48;2;185;235;253m▀[38;2;183;234;254;48;2;183;236;254m▀[38;2;188;233;249;48;2;181;233;253m▀[38;2;229;247;251;48;2;197;234;245m▀[38;2;204;203;199;48;2;178;177;172m▀[38;2;223;218;214;48;2;252;247;238m▀[38;2;240;232;227;48;2;203;196;191m▀[38;2;195;191;187;48;2;233;228;224m▀[38;2;251;248;241;48;2;252;248;241m▀[38;2;255;253;246;48;2;253;251;244m▀[38;2;253;249;244;48;2;248;243;239m▀[48;2;254;251;246m▀[38;2;253;252;248;48;2;253;253;249m▀[38;2;251;249;244;48;2;222;218;213m▀[38;2;142;136;129;48;2;161;152;145m▀[38;2;225;216;208;48;2;228;215;207m▀[38;2;210;196;193;48;2;209;201;196m▀[38;2;254;251;247;48;2;254;251;247m▀[38;2;254;253;248;48;2;254;252;249m▀[38;2;250;247;242;48;2;251;246;243m▀[38;2;250;248;241;48;2;254;250;250m▀[38;2;254;255;249;48;2;255;254;252m▀[38;2;255;255;247;48;2;255;255;247m▀▀[38;2;217;215;210;48;2;216;214;208m▀[38;2;167;166;164;48;2;168;167;165m▀[38;2;229;246;248;48;2;227;246;248m▀[38;2;222;245;251;48;2;223;245;250m▀[38;2;202;242;253;48;2;202;242;253m▀[38;2;181;236;255;48;2;181;236;255m▀[38;2;182;237;255;48;2;182;237;255m▀[38;2;181;236;255;48;2;183;235;254m▀[38;2;180;235;251;48;2;186;234;251m▀[38;2;195;216;226;48;2;153;156;174m▀[38;2;138;97;97;48;2;181;137;137m▀[38;2;167;144;136;48;2;168;145;138m▀[38;2;152;130;119;48;2;201;175;161m▀[38;2;243;216;198;48;2;215;183;158m▀[38;2;243;211;192;48;2;209;173;154m▀[38;2;247;213;194;48;2;236;198;179m▀[38;2;253;228;213;48;2;252;211;191m▀[38;2;254;246;239;48;2;252;229;216m▀[38;2;171;155;147;48;2;183;160;147m▀[38;2;238;217;202;48;2;248;213;191m▀[38;2;246;219;202;48;2;225;192;174m▀[38;2;240;216;198;48;2;165;135;123m▀[38;2;245;226;214;48;2;159;128;118m▀[38;2;162;139;135;48;2;136;106;98m▀[38;2;182;153;148;48;2;142;106;99m▀[38;2;182;149;143;48;2;206;167;155m▀[38;2;182;148;144;48;2;251;219;208m▀[38;2;188;152;152;48;2;253;230;221m▀[38;2;212;189;186;48;2;217;198;194m▀[38;2;193;172;167;48;2;217;197;192m▀[38;2;251;227;219;48;2;251;226;220m▀[38;2;251;227;216;48;2;251;227;217m▀[38;2;254;228;215;48;2;254;227;216m▀▀[48;2;255;227;215m▀▀[38;2;254;227;216;48;2;254;227;216m▀▀[38;2;251;224;213;48;2;250;221;210m▀[38;2;173;169;176;48;2;177;171;176m▀[38;2;182;235;252;48;2;182;235;252m▀[38;2;179;236;253;48;2;179;236;253m▀[38;2;178;236;251;48;2;177;237;251m▀[38;2;177;237;250;48;2;174;239;253m▀[0m
[38;2;255;255;253;48;2;255;255;253m▀▀▀[38;2;254;255;253;48;2;254;255;253m▀[38;2;242;250;250;48;2;251;254;251m▀[38;2;228;244;246;48;2;250;254;251m▀[38;2;213;242;245;48;2;251;254;251m▀[38;2;203;239;245;48;2;251;254;254m▀[38;2;191;237;250;48;2;252;254;254m▀[38;2;191;234;253;48;2;249;253;254m▀[38;2;188;234;254;48;2;200;238;251m▀[38;2;185;233;253;48;2;182;232;253m▀[38;2;184;234;253;48;2;185;233;252m▀[38;2;182;234;254;48;2;184;234;253m▀[38;2;185;231;250;48;2;189;228;247m▀[38;2;156;176;183;48;2;171;175;173m▀[38;2;233;233;226;48;2;254;250;242m▀[38;2;253;248;239;48;2;254;250;244m▀[38;2;181;175;169;48;2;176;171;166m▀[38;2;252;246;240;48;2;254;251;246m▀[38;2;254;252;245;48;2;254;252;247m▀[38;2;249;246;241;48;2;251;246;242m▀[38;2;251;246;242;48;2;254;252;248m▀[38;2;255;254;249;48;2;254;253;249m▀[38;2;252;251;246;48;2;212;204;201m▀[38;2;129;114;111;48;2;57;30;28m▀[38;2;231;216;208;48;2;239;221;214m▀[38;2;234;218;211;48;2;241;225;218m▀[38;2;206;200;193;48;2;199;193;187m▀[38;2;254;250;247;48;2;254;251;247m▀[38;2;248;243;244;48;2;250;243;247m▀[38;2;248;240;248;48;2;249;239;249m▀[38;2;242;229;246;48;2;242;228;251m▀[38;2;250;244;249;48;2;250;242;251m▀[38;2;254;254;246;48;2;254;254;246m▀▀[38;2;213;209;205;48;2;206;201;197m▀[38;2;189;186;185;48;2;205;200;200m▀[38;2;255;255;255;48;2;255;255;255m▀▀[38;2;242;252;254;48;2;253;254;254m▀[38;2;194;238;251;48;2;236;250;252m▀[38;2;181;231;253;48;2;197;238;252m▀[38;2;188;233;252;48;2;205;242;252m▀[38;2;206;239;248;48;2;238;251;247m▀[38;2;157;135;146;48;2;172;124;120m▀[38;2;204;163;164;48;2;162;109;104m▀[38;2;145;120;118;48;2;187;157;153m▀[38;2;154;125;121;48;2;245;218;210m▀[38;2;180;147;141;48;2;254;226;219m▀[38;2;187;156;147;48;2;254;225;219m▀[38;2;171;139;131;48;2;254;226;218m▀[38;2;169;136;128;48;2;244;216;207m▀[38;2;198;169;159;48;2;206;177;166m▀[38;2;192;165;156;48;2;123;97;90m▀[38;2;171;144;135;48;2;211;184;177m▀[38;2;167;139;132;48;2;245;218;211m▀[38;2;227;201;190;48;2;248;221;214m▀[38;2;240;209;201;48;2;240;206;200m▀[38;2;240;207;200;48;2;236;193;190m▀[38;2;160;127;121;48;2;161;115;116m▀[38;2;165;133;127;48;2;113;67;70m▀[38;2;254;226;219;48;2;224;172;169m▀[38;2;254;227;223;48;2;241;205;199m▀[38;2;180;160;157;48;2;171;148;145m▀[38;2;245;226;221;48;2;250;228;223m▀[38;2;251;226;221;48;2;253;226;219m▀[38;2;251;226;219;48;2;253;226;218m▀[38;2;253;226;216;48;2;203;177;168m▀[38;2;253;226;215;48;2;175;148;140m▀[38;2;247;221;210;48;2;186;158;148m▀[38;2;197;170;159;48;2;236;207;197m▀[38;2;181;151;142;48;2;245;211;203m▀[38;2;182;147;142;48;2;240;199;194m▀[38;2;237;188;182;48;2;240;187;183m▀[38;2;183;166;171;48;2;185;166;170m▀[38;2;185;235;251;48;2;186;234;251m▀[38;2;182;236;254;48;2;183;236;254m▀[38;2;180;238;254;48;2;182;237;253m▀[38;2;181;237;254;48;2;200;243;253m▀[0m
[38;2;255;255;253;48;2;255;255;253m▀▀▀▀[38;2;254;254;252;48;2;254;254;252m▀▀▀[38;2;254;255;255;48;2;254;255;255m▀▀▀[38;2;235;249;254;48;2;252;253;254m▀[38;2;193;234;251;48;2;241;250;254m▀[38;2;189;235;253;48;2;201;237;253m▀[38;2;189;235;254;48;2;201;235;250m▀[38;2;152;173;188;48;2;174;172;177m▀[38;2;239;235;232;48;2;253;248;247m▀[38;2;255;250;246;48;2;255;250;247m▀[38;2;254;248;245;48;2;250;245;242m▀[38;2;183;177;174;48;2;179;172;170m▀[38;2;255;251;248;48;2;255;251;248m▀[38;2;255;251;246;48;2;255;253;250m▀[38;2;255;252;247;48;2;255;253;248m▀[38;2;253;252;249;48;2;253;252;248m▀[38;2;251;247;246;48;2;178;171;168m▀[38;2;131;123;122;48;2;214;208;207m▀[38;2;160;146;144;48;2;194;186;184m▀[38;2;232;218;211;48;2;222;210;204m▀[38;2;241;228;222;48;2;242;228;221m▀[38;2;188;182;177;48;2;195;189;184m▀[38;2;254;252;247;48;2;254;252;247m▀[38;2;254;253;247;48;2;254;253;248m▀[38;2;253;250;250;48;2;254;251;249m▀[38;2;250;245;250;48;2;254;253;250m▀[38;2;253;251;251;48;2;254;253;249m▀[38;2;254;253;247;48;2;254;253;247m▀[38;2;253;254;246;48;2;253;254;246m▀[38;2;192;182;179;48;2;169;158;155m▀[38;2;213;206;207;48;2;206;196;197m▀[38;2;254;255;255;48;2;254;255;255m▀[38;2;255;255;255;48;2;255;255;255m▀[38;2;253;254;255;48;2;253;254;255m▀[38;2;253;255;254;48;2;253;255;254m▀[38;2;215;240;248;48;2;219;241;248m▀[38;2;227;246;251;48;2;229;247;251m▀[38;2;244;245;239;48;2;227;223;218m▀[38;2;171;125;120;48;2;141;102;101m▀[38;2;160;128;123;48;2;147;93;95m▀[38;2;194;161;156;48;2;190;136;137m▀[38;2;237;190;185;48;2;192;139;135m▀[38;2;236;187;181;48;2;193;139;134m▀[38;2;240;192;187;48;2;195;138;133m▀[38;2;249;206;200;48;2;193;137;132m▀[38;2;254;224;217;48;2;187;147;143m▀[38;2;251;230;224;48;2;171;153;152m▀[38;2;159;137;131;48;2;130;107;105m▀[38;2;249;222;215;48;2;179;144;142m▀[38;2;225;187;180;48;2;195;148;146m▀[38;2;176;130;122;48;2;242;192;188m▀[38;2;187;137;132;48;2;242;191;186m▀[38;2;193;141;137;48;2;238;188;184m▀[38;2;216;167;166;48;2;240;196;191m▀[38;2;211;169;170;48;2;249;216;212m▀[38;2;141;101;101;48;2;247;223;220m▀[38;2;218;170;167;48;2;150;121;121m▀[38;2;156;128;125;48;2;110;80;77m▀[38;2;248;224;220;48;2;132;99;95m▀[38;2;184;159;148;48;2;234;209;199m▀[38;2;171;146;134;48;2;254;229;218m▀[38;2;222;199;187;48;2;254;228;219m▀[38;2;254;228;218;48;2;254;227;219m▀[38;2;254;226;215;48;2;255;227;216m▀[38;2;254;224;214;48;2;254;224;214m▀[38;2;254;225;215;48;2;255;225;215m▀[38;2;255;224;215;48;2;254;224;216m▀[38;2;251;220;214;48;2;253;225;218m▀[38;2;188;171;174;48;2;169;151;152m▀[38;2;200;238;250;48;2;214;242;250m▀[38;2;191;235;250;48;2;197;236;248m▀[38;2;231;245;251;48;2;250;253;254m▀[38;2;252;253;251;48;2;253;254;253m▀[0m
[38;2;255;255;253;48;2;255;255;253m▀▀▀▀▀▀▀▀[38;2;255;255;255;48;2;255;255;255m▀▀▀[38;2;253;255;255;48;2;252;255;255m▀[38;2;209;238;251;48;2;214;239;251m▀[38;2;167;182;191;48;2;164;167;175m▀[38;2;232;228;228;48;2;253;250;249m▀[38;2;254;251;250;48;2;254;252;250m▀[38;2;255;251;248;48;2;255;252;249m▀[38;2;250;244;243;48;2;249;245;243m▀[38;2;179;170;168;48;2;177;163;163m▀[38;2;254;253;248;48;2;252;253;247m▀[48;2;253;254;248m▀[48;2;253;252;247m▀[38;2;231;229;224;48;2;142;139;135m▀[38;2;160;156;152;48;2;245;244;239m▀[38;2;254;253;250;48;2;254;253;249m▀[38;2;209;204;200;48;2;237;234;228m▀[38;2;200;190;183;48;2;171;162;155m▀[38;2;247;232;224;48;2;246;231;223m▀[38;2;189;181;176;48;2;192;183;178m▀[38;2;254;252;247;48;2;254;251;246m▀[38;2;254;251;247;48;2;254;250;247m▀[38;2;252;249;246;48;2;251;248;245m▀[38;2;255;255;247;48;2;255;255;246m▀[38;2;255;255;246;48;2;254;254;244m▀[38;2;255;255;247;48;2;255;255;247m▀▀[38;2;160;152;150;48;2;165;158;156m▀[38;2;202;192;193;48;2;194;186;187m▀[38;2;255;255;255;48;2;255;255;255m▀▀▀[38;2;255;255;254;48;2;255;255;254m▀[38;2;224;244;248;48;2;228;245;248m▀[38;2;233;248;249;48;2;236;249;251m▀[38;2;217;210;208;48;2;200;195;193m▀[38;2;126;95;93;48;2;161;143;140m▀[38;2;239;193;190;48;2;251;222;213m▀[38;2;240;192;186;48;2;247;212;200m▀[38;2;242;194;186;48;2;244;206;196m▀[38;2;241;194;186;48;2;249;211;201m▀[38;2;238;194;185;48;2;252;220;209m▀[38;2;240;202;193;48;2;254;225;214m▀[38;2;251;220;211;48;2;254;226;216m▀[38;2;242;216;211;48;2;254;226;221m▀[38;2;111;83;79;48;2;148;124;120m▀[38;2;235;200;197;48;2;250;227;222m▀[38;2;239;199;195;48;2;253;227;217m▀[38;2;241;199;194;48;2;253;227;216m▀[38;2;244;205;197;48;2;255;227;217m▀[38;2;250;216;206;48;2;254;227;216m▀[38;2;254;225;215;48;2;254;226;216m▀[38;2;254;225;217;48;2;254;225;217m▀[38;2;254;226;218;48;2;254;226;218m▀[38;2;249;226;218;48;2;253;226;218m▀[38;2;162;135;128;48;2;246;218;207m▀[38;2;193;151;146;48;2;164;123;119m▀[38;2;197;169;162;48;2;245;217;211m▀[38;2;196;176;168;48;2;250;225;220m▀[38;2;219;196;187;48;2;223;198;191m▀[38;2;253;227;219;48;2;173;149;142m▀[38;2;254;227;218;48;2;216;188;180m▀[38;2;254;226;218;48;2;242;211;203m▀[38;2;254;224;216;48;2;254;223;214m▀[48;2;253;224;217m▀[38;2;253;227;218;48;2;253;227;219m▀[38;2;118;95;92;48;2;187;163;158m▀[38;2;216;231;234;48;2;100;89;97m▀[38;2;206;234;248;48;2;206;235;246m▀[38;2;252;253;255;48;2;252;254;255m▀[38;2;254;255;255;48;2;254;255;254m▀[0m
[38;2;255;255;253;48;2;255;255;253m▀▀▀▀▀▀▀▀[38;2;255;255;255;48;2;255;255;255m▀▀▀[38;2;253;255;254;48;2;253;255;254m▀[38;2;202;214;217;48;2;171;173;170m▀[38;2;194;193;194;48;2;245;244;236m▀[38;2;255;251;250;48;2;255;252;248m▀[38;2;255;252;249;48;2;255;252;249m▀[38;2;254;253;249;48;2;254;253;249m▀[38;2;250;248;244;48;2;252;250;247m▀[38;2;177;166;165;48;2;175;169;166m▀[38;2;249;245;241;48;2;245;237;234m▀[38;2;253;253;248;48;2;218;216;211m▀[38;2;178;177;172;48;2;167;165;160m▀[38;2;209;206;203;48;2;254;252;248m▀[38;2;253;253;248;48;2;254;253;248m▀[38;2;254;255;250;48;2;254;255;250m▀[38;2;251;252;247m▀[38;2;156;148;140;48;2;155;149;143m▀[38;2;247;233;224;48;2;245;232;223m▀[38;2;187;176;171;48;2;211;200;196m▀[38;2;251;249;245;48;2;229;227;224m▀[38;2;249;244;241;48;2;247;243;240m▀[38;2;251;248;244;48;2;252;250;246m▀[38;2;255;255;246;48;2;255;255;246m▀[38;2;254;254;244;48;2;254;254;244m▀[38;2;254;254;246;48;2;254;254;247m▀[38;2;252;252;246;48;2;244;242;236m▀[38;2;172;162;160;48;2;180;171;170m▀[38;2;186;177;178;48;2;184;177;178m▀[38;2;255;254;254;48;2;253;253;253m▀[38;2;255;255;255;48;2;255;255;255m▀▀[38;2;254;254;254m▀[38;2;230;247;251;48;2;232;247;250m▀[38;2;242;251;251;48;2;245;252;252m▀[38;2;205;202;200;48;2;207;203;202m▀[38;2;206;188;184;48;2;225;206;202m▀[38;2;254;227;216;48;2;254;227;215m▀[38;2;255;227;213;48;2;255;227;213m▀▀▀▀[38;2;255;225;213;48;2;254;226;213m▀[38;2;254;226;214;48;2;254;226;214m▀[38;2;255;226;216;48;2;254;226;216m▀[38;2;172;151;144;48;2;206;185;176m▀[38;2;235;213;204;48;2;204;183;174m▀[38;2;254;228;215;48;2;254;228;214m▀[38;2;255;229;214;48;2;254;228;213m▀[38;2;255;227;215;48;2;255;227;215m▀▀[38;2;255;227;216;48;2;255;227;216m▀▀[38;2;255;226;218;48;2;255;226;218m▀[38;2;254;225;217m▀[38;2;253;226;216;48;2;253;227;217m▀[38;2;223;182;175;48;2;241;204;195m▀[38;2;175;139;136;48;2;198;145;144m▀[38;2;251;225;220;48;2;194;170;162m▀[38;2;251;228;220;48;2;249;228;220m▀[48;2;250;229;220m▀[38;2;179;158;152;48;2;251;227;220m▀[38;2;213;173;168;48;2;240;199;196m▀[38;2;227;181;176;48;2;235;190;183m▀[38;2;248;213;204;48;2;244;208;198m▀[38;2;253;225;216;48;2;253;225;214m▀[38;2;236;211;204;48;2;94;67;62m▀[38;2;95;87;95;48;2;202;207;214m▀[38;2;211;237;245;48;2;203;222;229m▀[38;2;251;255;254;48;2;252;254;252m▀[38;2;254;255;254;48;2;254;255;250m▀[0m
[?25h