[?25l[0m[38;2;255;255;255;48;2;255;255;255m▀▀▀▀▀▀▀▀▀▀▀▀▀▀▀▀▀▀▀▀▀▀▀▀▀▀▀▀▀▀▀▀▀▀▀▀▀▀▀▀▀▀[38;2;255;255;254;48;2;255;254;255m▀[38;2;255;255;255;48;2;254;253;254m▀[38;2;254;254;254;48;2;247;244;245m▀[48;2;221;212;213m▀[38;2;254;255;249;48;2;203;193;191m▀[38;2;255;254;244;48;2;202;193;186m▀[38;2;255;255;243;48;2;215;210;203m▀[48;2;242;240;232m▀[48;2;255;255;246m▀[48;2;255;255;243m▀[48;2;255;255;242m▀[38;2;255;255;241;48;2;254;255;240m▀[38;2;255;255;236;48;2;255;255;236m▀[38;2;255;254;234;48;2;255;254;234m▀[38;2;255;253;233;48;2;255;253;233m▀[38;2;255;255;229;48;2;255;255;229m▀[38;2;255;255;223;48;2;255;255;223m▀[38;2;255;255;220;48;2;255;255;220m▀[38;2;255;254;222m▀[38;2;253;254;215;48;2;254;255;215m▀[38;2;253;253;216;48;2;255;253;225m▀[38;2;255;253;234;48;2;255;253;229m▀[38;2;253;254;206;48;2;253;255;204m▀[38;2;253;255;200;48;2;253;255;198m▀[38;2;254;255;198;48;2;254;255;198m▀[38;2;252;255;197;48;2;252;255;197m▀[38;2;251;255;195;48;2;251;255;196m▀[38;2;250;255;191m▀[38;2;251;255;188;48;2;250;255;198m▀[38;2;250;255;189;48;2;251;254;201m▀[38;2;251;255;196;48;2;252;254;203m▀[38;2;252;255;202;48;2;253;255;206m▀[38;2;253;255;208;48;2;254;254;214m▀[38;2;254;254;218;48;2;255;253;229m▀[38;2;255;252;239;48;2;255;253;238m▀[38;2;255;255;224;48;2;255;255;226m▀[38;2;255;255;218;48;2;255;255;227m▀[38;2;255;252;243;48;2;255;254;224m▀[0m
[38;2;255;255;255;48;2;255;255;255m▀▀▀▀[38;2;254;254;254;48;2;252;252;252m▀[38;2;253;253;253;48;2;245;245;245m▀[38;2;255;255;255;48;2;255;255;255m▀▀[48;2;254;254;254m▀[48;2;255;255;255m▀▀▀▀▀▀▀▀▀▀▀▀▀▀▀▀▀▀▀▀▀▀▀▀▀▀▀▀▀▀▀[38;2;254;254;254;48;2;205;199;200m▀[38;2;251;250;251;48;2;156;135;133m▀[38;2;184;177;171;48;2;209;174;157m▀[38;2;148;131;123;48;2;239;200;175m▀[38;2;154;134;122;48;2;230;185;158m▀[38;2;182;164;148;48;2;230;173;148m▀[38;2;202;184;171;48;2;226;169;137m▀[38;2;202;184;177;48;2;225;170;129m▀[38;2;178;162;154;48;2;225;169;125m▀[38;2;147;129;119;48;2;226;170;127m▀[38;2;138;116;105;48;2;231;173;138m▀[38;2;154;134;125;48;2;221;163;141m▀[38;2;240;238;222;48;2;213;195;180m▀[38;2;254;254;238;48;2;117;100;86m▀[38;2;254;254;235;48;2;172;164;146m▀[48;2;236;235;217m▀[38;2;254;254;232;48;2;254;253;235m▀[38;2;255;255;229;48;2;255;254;234m▀[38;2;255;255;224;48;2;255;255;224m▀[38;2;255;255;220;48;2;255;255;218m▀[38;2;254;255;216;48;2;254;255;213m▀[38;2;255;255;215;48;2;255;255;214m▀[38;2;255;253;236;48;2;255;252;241m▀[38;2;254;253;223;48;2;253;253;219m▀[38;2;254;255;201;48;2;253;254;212m▀[38;2;254;255;200;48;2;253;254;214m▀[38;2;253;253;202;48;2;253;252;216m▀[38;2;253;254;206;48;2;224;223;191m▀[38;2;253;253;209;48;2;120;115;93m▀[38;2;248;246;208;48;2;110;98;84m▀[38;2;215;207;174;48;2;147;130;119m▀[38;2;198;187;160;48;2;163;145;134m▀[38;2;199;190;161;48;2;161;140;131m▀[38;2;223;216;184;48;2;133;110;102m▀[38;2;249;246;218;48;2;216;207;200m▀[38;2;254;252;234;48;2;171;162;159m▀[38;2;253;253;217;48;2;207;203;180m▀[38;2;253;252;220;48;2;252;248;223m▀[38;2;255;253;227;48;2;253;250;209m▀[38;2;253;252;206;48;2;247;249;183m▀[0m
[38;2;255;255;255;48;2;255;255;255m▀▀▀[38;2;254;254;254m▀[38;2;248;248;248;48;2;160;160;160m▀[38;2;113;113;113;48;2;3;3;3m▀[38;2;83;83;83;48;2;1;1;1m▀[38;2;155;155;155m▀[38;2;153;153;153;48;2;2;2;2m▀[38;2;168;168;168;48;2;1;1;1m▀[38;2;215;215;215;48;2;26;26;26m▀[38;2;253;253;253;48;2;115;115;115m▀[38;2;254;254;254;48;2;169;169;169m▀[38;2;253;253;253;48;2;212;212;212m▀[38;2;254;254;254;48;2;253;253;253m▀[38;2;253;253;253;48;2;244;244;244m▀[38;2;254;254;254;48;2;243;243;243m▀[38;2;253;253;253;48;2;253;253;253m▀[38;2;254;254;254;48;2;246;246;246m▀[48;2;239;239;239m▀[48;2;235;235;235m▀[48;2;253;253;253m▀[38;2;255;255;255;48;2;255;255;255m▀▀▀▀[48;2;254;255;255m▀▀[48;2;255;255;255m▀▀[48;2;254;253;253m▀[38;2;255;254;254;48;2;231;229;230m▀[38;2;254;254;254;48;2;194;191;190m▀[48;2;217;215;214m▀[48;2;193;190;191m▀[48;2;235;235;235m▀[48;2;252;252;252m▀[38;2;254;254;253;48;2;246;246;243m▀[38;2;253;251;251;48;2;170;141;130m▀[38;2;177;160;159;48;2;218;150;126m▀[38;2;203;140;110;48;2;242;162;130m▀[38;2;234;169;131;48;2;230;154;121m▀[38;2;235;164;130;48;2;183;111;89m▀[38;2;236;163;130;48;2;165;97;78m▀[38;2;240;162;129;48;2;171;97;77m▀[38;2;241;161;128;48;2;174;96;78m▀[38;2;237;163;124;48;2;184;110;87m▀[38;2;236;163;122;48;2;229;156;122m▀[38;2;236;164;119;48;2;237;164;122m▀[38;2;238;164;118;48;2;238;163;120m▀[38;2;241;164;121;48;2;240;164;122m▀[38;2;239;173;138;48;2;236;186;152m▀[38;2;238;206;189;48;2;230;190;171m▀[38;2;225;170;151;48;2;246;234;221m▀[38;2;188;175;160;48;2;224;223;223m▀[38;2;228;226;220;48;2;162;165;167m▀[38;2;253;252;247;48;2;162;162;162m▀[38;2;254;253;244;48;2;207;207;205m▀[38;2;249;249;227;48;2;253;253;251m▀[38;2;251;251;219;48;2;254;253;250m▀[38;2;254;254;222;48;2;255;254;250m▀[38;2;255;255;224;48;2;255;254;245m▀[38;2;254;254;241;48;2;254;254;251m▀[38;2;255;253;233;48;2;255;254;252m▀[38;2;249;248;225;48;2;254;251;248m▀[38;2;201;198;179;48;2;220;216;213m▀[38;2;160;144;129;48;2;198;188;188m▀[38;2;118;85;81;48;2;167;153;151m▀[38;2;231;228;212;48;2;132;115;112m▀[38;2;254;252;238;48;2;200;182;174m▀[38;2;250;244;227;48;2;135;96;91m▀[38;2;193;176;160;48;2;155;93;95m▀[38;2;186;171;168;48;2;244;241;235m▀[38;2;224;217;215;48;2;251;251;248m▀[38;2;250;249;247;48;2;174;174;173m▀[38;2;252;253;252;48;2;206;206;207m▀[38;2;254;253;246;48;2;251;245;248m▀[38;2;151;135;119;48;2;179;124;118m▀[38;2;186;165;123;48;2;107;48;41m▀[38;2;249;243;176;48;2;121;88;66m▀[0m
[38;2;255;255;255;48;2;255;255;255m▀▀▀▀[38;2;118;118;118;48;2;245;245;245m▀[38;2;2;2;2;48;2;119;119;119m▀[38;2;1;1;1;48;2;74;74;74m▀[48;2;11;11;11m▀[48;2;18;18;18m▀[38;2;14;14;14m▀[38;2;2;2;2;48;2;71;71;71m▀[38;2;3;3;3;48;2;81;81;81m▀[38;2;1;1;1;48;2;43;43;43m▀[38;2;5;5;5;48;2;30;30;30m▀[38;2;36;36;36;48;2;3;3;3m▀[38;2;130;130;130;48;2;1;1;1m▀[38;2;140;140;140;48;2;2;2;2m▀[38;2;23;23;23m▀[38;2;3;3;3m▀[38;2;64;64;64;48;2;1;1;1m▀[38;2;167;167;167;48;2;2;2;2m▀[38;2;226;226;226;48;2;151;151;151m▀[38;2;254;254;254;48;2;254;254;254m▀▀[38;2;255;255;255;48;2;255;255;255m▀[38;2;253;255;255;48;2;252;255;255m▀[38;2;250;254;255;48;2;237;238;239m▀[38;2;250;253;254;48;2;147;128;132m▀[38;2;228;227;221;48;2;153;135;130m▀[38;2;142;140;129;48;2;228;214;194m▀[38;2;129;123;111;48;2;239;222;191m▀[38;2;155;148;136;48;2;237;212;184m▀[38;2;194;185;173;48;2;234;208;177m▀[38;2;231;224;211;48;2;240;216;185m▀[38;2;209;204;193;48;2;241;223;194m▀[38;2;217;213;205;48;2;248;239;214m▀[38;2;166;157;153;48;2;245;228;209m▀[38;2;106;71;63;48;2;203;137;110m▀[38;2;207;140;114;48;2;240;160;126m▀[38;2;239;161;130;48;2;182;105;79m▀[38;2;188;114;92;48;2;204;121;95m▀[38;2;169;92;76;48;2;213;129;104m▀[38;2;201;116;96;48;2;196;112;92m▀[38;2;206;118;97;48;2;178;94;76m▀[38;2;201;117;100;48;2;176;92;73m▀[38;2;187;104;87;48;2;183;101;83m▀[38;2;169;87;72;48;2;197;137;116m▀[38;2;139;62;48;48;2;199;137;116m▀[38;2;161;85;71;48;2;189;119;97m▀[38;2;217;144;114;48;2;163;85;72m▀[38;2;234;165;130;48;2;170;101;88m▀[38;2;236;194;166;48;2;231;185;164m▀[38;2;232;204;189;48;2;242;225;215m▀[38;2;247;247;245;48;2;216;220;220m▀[38;2;61;62;61;48;2;17;21;20m▀[38;2;1;3;2;48;2;1;2;1m▀[38;2;2;3;2m▀[38;2;22;22;21;48;2;2;2;0m▀[38;2;29;29;28;48;2;9;9;8m▀[38;2;94;93;95;48;2;26;26;25m▀[38;2;138;138;138;48;2;1;1;0m▀[38;2;141;141;139;48;2;1;1;1m▀[38;2;142;142;140;48;2;2;1;1m▀[38;2;114;112;111;48;2;5;4;3m▀[38;2;97;94;93;48;2;1;1;1m▀[38;2;190;188;187;48;2;55;53;52m▀[38;2;253;253;253;48;2;161;160;161m▀[38;2;253;252;253;48;2;253;253;253m▀[38;2;233;227;227;48;2;254;253;253m▀[38;2;132;117;116;48;2;254;253;255m▀[38;2;116;75;76;48;2;247;244;238m▀[38;2;128;89;89;48;2;221;212;208m▀[38;2;252;251;245;48;2;214;215;210m▀[38;2;121;121;120;48;2;6;6;5m▀[38;2;56;56;54;48;2;48;48;47m▀[38;2;193;193;193;48;2;224;224;224m▀[38;2;235;220;222;48;2;202;182;179m▀[38;2;165;94;88;48;2;157;94;86m▀[38;2;165;87;75;48;2;165;90;78m▀[38;2;132;68;60;48;2;171;90;78m▀[0m
[38;2;255;255;255;48;2;255;255;255m▀▀▀▀▀▀[38;2;228;228;228;48;2;253;253;253m▀[38;2;180;180;180;48;2;254;254;254m▀[38;2;110;110;110;48;2;253;253;253m▀[38;2;50;50;50;48;2;217;217;217m▀[38;2;39;39;39;48;2;138;138;138m▀[38;2;108;108;108;48;2;41;41;41m▀[38;2;140;140;140;48;2;55;55;55m▀[38;2;169;169;169;48;2;113;113;113m▀[38;2;102;102;102;48;2;110;110;110m▀[38;2;67;67;67;48;2;120;120;120m▀[38;2;9;9;9;48;2;31;31;31m▀[38;2;1;1;1;48;2;1;1;1m▀[38;2;0;0;0;48;2;0;0;0m▀▀[38;2;22;22;22;48;2;45;45;45m▀[38;2;155;155;155;48;2;210;210;210m▀[38;2;254;254;254;48;2;255;255;254m▀[48;2;254;253;250m▀[38;2;253;253;253;48;2;167;142;136m▀[38;2;200;189;192;48;2;123;62;50m▀[38;2;124;91;85;48;2;178;105;93m▀[38;2;174;125;111;48;2;206;156;133m▀[38;2;171;108;95;48;2;210;162;140m▀[38;2;171;97;84;48;2;208;143;122m▀[38;2;174;96;82;48;2;213;138;111m▀[38;2;181;104;85;48;2;213;135;109m▀[38;2;212;138;113;48;2;185;107;89m▀[38;2;232;173;140;48;2;183;141;120m▀[38;2;235;173;143;48;2;248;236;229m▀[38;2;235;181;155;48;2;254;250;250m▀[38;2;223;159;128;48;2;246;235;230m▀[38;2;239;162;125;48;2;220;175;152m▀[38;2;213;135;104;48;2;195;116;86m▀[38;2;196;118;88;48;2;205;125;93m▀[38;2;178;98;77;48;2;222;145;111m▀[38;2;162;81;64;48;2;224;147;116m▀[38;2;161;82;65;48;2;226;149;123m▀[38;2;164;84;67;48;2;229;152;129m▀[38;2;158;80;62;48;2;224;181;156m▀[38;2;205;177;164;48;2;247;247;243m▀[38;2;252;252;246;48;2;113;114;113m▀[38;2;248;249;244;48;2;87;90;86m▀[38;2;203;177;162;48;2;246;251;243m▀[38;2;176;101;85;48;2;207;162;149m▀[38;2;169;95;80;48;2;194;115;105m▀[38;2;164;107;94;48;2;202;125;115m▀[38;2;208;170;156;48;2;149;87;75m▀[38;2;249;248;244;48;2;190;161;147m▀[38;2;157;161;163;48;2;242;231;224m▀[38;2;97;100;101;48;2;251;248;245m▀[38;2;35;35;35;48;2;250;250;250m▀[38;2;24;24;24;48;2;226;226;226m▀[38;2;2;2;2;48;2;213;213;213m▀[38;2;1;1;1;48;2;176;176;176m▀[48;2;103;103;104m▀[48;2;44;45;46m▀[48;2;43;44;46m▀[38;2;2;2;2;48;2;2;2;4m▀[38;2;3;1;2m▀[38;2;5;4;4;48;2;39;39;41m▀[38;2;157;156;156;48;2;200;200;200m▀[38;2;253;253;253;48;2;204;202;203m▀[48;2;211;209;213m▀[48;2;253;252;253m▀[38;2;253;253;249;48;2;253;253;250m▀[38;2;253;253;248;48;2;246;246;241m▀[38;2;112;112;109;48;2;66;67;65m▀[38;2;49;49;48;48;2;91;91;91m▀[38;2;247;249;246;48;2;253;248;246m▀[38;2;234;224;221;48;2;166;113;108m▀[38;2;135;84;83;48;2;161;87;86m▀[38;2;83;26;24;48;2;125;53;54m▀[38;2;140;74;69;48;2;117;48;49m▀[38;2;167;87;79;48;2;129;55;53m▀[0m
[38;2;255;255;255;48;2;255;255;255m▀▀▀▀▀▀▀▀▀▀[38;2;253;253;253;48;2;254;254;254m▀[38;2;235;235;235;48;2;253;253;253m▀[38;2;194;194;194m▀[38;2;73;73;73;48;2;251;251;251m▀[38;2;14;14;14;48;2;221;221;221m▀[48;2;197;197;197m▀[38;2;3;3;3;48;2;234;234;234m▀[38;2;18;18;18;48;2;210;210;210m▀[38;2;33;33;33;48;2;250;250;250m▀[38;2;116;116;116;48;2;254;254;254m▀[38;2;195;195;195;48;2;253;253;253m▀[38;2;253;253;253;48;2;253;252;252m▀[38;2;252;252;246;48;2;155;136;131m▀[38;2;150;131;123;48;2;171;90;86m▀[38;2;168;100;83;48;2;200;117;98m▀[38;2;203;123;102;48;2;207;149;128m▀[38;2;225;202;187;48;2;252;249;237m▀[38;2;253;250;250;48;2;81;77;77m▀[38;2;251;250;249;48;2;55;56;59m▀[38;2;238;232;220;48;2;195;198;199m▀[38;2;202;158;139;48;2;234;215;208m▀[38;2;187;114;96;48;2;153;92;80m▀[38;2;151;82;72;48;2;205;145;132m▀[38;2;221;203;193;48;2;245;234;229m▀[38;2;229;229;227;48;2;193;191;191m▀[38;2;134;132;132;48;2;7;6;5m▀[38;2;181;180;182;48;2;8;7;6m▀[38;2;250;246;245;48;2;130;130;130m▀[38;2;225;195;172;48;2;234;240;234m▀[38;2;219;154;125;48;2;242;230;225m▀[38;2;225;142;114;48;2;229;167;148m▀[38;2;228;169;149;48;2;247;242;233m▀[38;2;243;240;241;48;2;185;183;184m▀[38;2;251;250;251;48;2;82;80;83m▀[38;2;247;245;246;48;2;135;134;135m▀[38;2;249;247;248;48;2;134;133;133m▀[38;2;90;89;88;48;2;135;134;132m▀[38;2;1;2;0;48;2;6;6;5m▀[38;2;182;185;180;48;2;133;130;131m▀[38;2;229;226;213;48;2;199;202;198m▀[38;2;228;207;198;48;2;179;183;181m▀[38;2;231;199;198;48;2;189;188;190m▀[38;2;214;165;167;48;2;243;240;242m▀[38;2;161;95;88;48;2;218;170;172m▀[38;2;185;121;99;48;2;168;89;78m▀[38;2;234;176;145;48;2;193;120;102m▀[38;2;231;187;159;48;2;234;159;127m▀[38;2;236;205;181;48;2;236;161;122m▀[38;2;245;224;204;48;2;235;163;123m▀[38;2;244;233;220;48;2;231;163;127m▀[38;2;251;249;247;48;2;232;171;142m▀[38;2;251;252;252;48;2;232;185;161m▀[38;2;213;213;212;48;2;243;222;207m▀[38;2;142;147;146;48;2;245;243;235m▀[38;2;152;159;165;48;2;249;250;246m▀[38;2;219;222;220;48;2;234;210;191m▀[38;2;246;237;231;48;2;218;158;131m▀[38;2;169;118;118;48;2;175;110;83m▀[38;2;95;54;56;48;2;216;165;149m▀[38;2;219;212;212;48;2;239;234;225m▀[38;2;253;253;250;48;2;192;192;188m▀[38;2;126;125;123;48;2;74;74;73m▀[38;2;62;61;60;48;2;75;74;72m▀[38;2;175;174;171;48;2;233;232;229m▀[38;2;235;221;219;48;2;162;140;140m▀[38;2;149;84;81;48;2;137;75;76m▀[38;2;162;88;83;48;2;161;88;85m▀[38;2;133;59;57;48;2;155;82;79m▀[38;2;156;81;80;48;2;134;63;60m▀[38;2;133;61;61;48;2;164;91;87m▀[0m
[38;2;255;255;255;48;2;255;255;255m▀▀▀[48;2;253;253;253m▀[38;2;254;254;254;48;2;204;204;204m▀[48;2;159;159;159m▀[48;2;201;201;201m▀[48;2;229;229;229m▀[38;2;255;255;255;48;2;255;255;255m▀▀▀▀▀▀▀▀[38;2;253;253;253;48;2;244;244;244m▀[38;2;254;254;254;48;2;231;231;231m▀[48;2;240;240;240m▀[38;2;253;254;254;48;2;246;248;247m▀[38;2;251;254;253;48;2;251;253;253m▀[38;2;187;170;175;48;2;177;154;160m▀[38;2;159;84;79;48;2;178;97;89m▀[38;2;185;101;91;48;2;160;82;77m▀[38;2;164;81;69;48;2;181;104;97m▀[38;2;170;117;95;48;2;203;165;151m▀[38;2;252;251;247;48;2;247;247;247m▀[38;2;67;67;68;48;2;221;221;221m▀[38;2;57;57;61;48;2;62;62;66m▀[38;2;58;60;63;48;2;89;90;93m▀[38;2;249;251;245;48;2;178;181;182m▀[38;2;230;222;206;48;2;205;205;202m▀[38;2;242;242;230;48;2;127;126;127m▀[38;2;253;251;251;48;2;29;28;30m▀[38;2;142;140;141;48;2;29;27;28m▀[38;2;20;19;20;48;2;42;40;41m▀[38;2;0;0;0;48;2;0;0;0m▀▀[38;2;41;42;42;48;2;1;1;1m▀[38;2;224;225;225;48;2;58;58;58m▀[38;2;239;238;236;48;2;219;219;217m▀[38;2;250;247;247;48;2;253;252;252m▀[38;2;158;156;155;48;2;251;250;248m▀[38;2;7;3;4;48;2;74;71;71m▀[38;2;4;0;1;48;2;4;0;1m▀▀[38;2;5;1;2;48;2;50;47;47m▀[38;2;6;2;3;48;2;35;32;32m▀[38;2;4;1;1;48;2;14;12;11m▀[38;2;3;1;1;48;2;145;143;142m▀[38;2;15;13;14;48;2;250;248;245m▀[38;2;106;104;103;48;2;253;250;245m▀[38;2;247;246;242;48;2;241;210;196m▀[38;2;185;137;140;48;2;224;161;135m▀[38;2;191;111;98;48;2;162;89;76m▀[38;2;160;88;77;48;2;176;100;88m▀[38;2;206;136;106;48;2;153;79;68m▀[38;2;237;162;123;48;2;225;151;118m▀[38;2;239;162;124;48;2;238;163;124m▀[38;2;240;162;124;48;2;239;162;124m▀[38;2;240;162;123;48;2;240;162;123m▀▀[38;2;230;166;133;48;2;231;167;134m▀[38;2;229;192;174;48;2;180;143;126m▀[38;2;198;159;154;48;2;125;102;93m▀[38;2;156;88;79;48;2;201;182;172m▀[38;2;198;129;112;48;2;206;193;184m▀[38;2;187;136;119;48;2;243;241;235m▀[38;2;238;229;207;48;2;221;222;217m▀[38;2;252;252;245;48;2;89;85;88m▀[38;2;90;89;89;48;2;71;71;71m▀[38;2;139;140;138;48;2;119;121;118m▀[38;2;148;148;146;48;2;250;250;248m▀[38;2;250;250;248;48;2;222;222;220m▀[38;2;141;116;116;48;2;173;146;145m▀[38;2;119;59;60;48;2;100;45;43m▀[38;2;162;91;86;48;2;156;86;80m▀[38;2;164;90;86;48;2;163;90;84m▀[38;2;132;60;55;48;2;145;73;65m▀[38;2;166;93;83;48;2;208;137;113m▀[0m
[38;2;255;255;255;48;2;255;255;255m▀▀[38;2;253;253;253;48;2;252;252;252m▀[38;2;111;111;111;48;2;122;122;122m▀[38;2;2;2;2;48;2;1;1;1m▀[38;2;1;1;1m▀▀[38;2;6;6;6m▀[38;2;79;79;79m▀[38;2;116;116;116;48;2;26;26;26m▀[38;2;162;162;162;48;2;21;21;21m▀[38;2;177;177;177;48;2;16;16;16m▀[38;2;237;237;237;48;2;14;14;14m▀[38;2;206;206;206;48;2;1;1;1m▀[38;2;105;105;105;48;2;2;2;2m▀[38;2;101;101;101;48;2;1;1;1m▀[38;2;24;24;24;48;2;3;3;3m▀[38;2;80;80;80;48;2;2;2;2m▀[38;2;61;61;61;48;2;3;3;3m▀[38;2;64;64;64;48;2;2;2;2m▀[38;2;147;148;148;48;2;4;4;4m▀[38;2;251;251;251;48;2;90;90;90m▀[38;2;241;231;222;48;2;213;212;210m▀[38;2;195;160;158;48;2;251;253;252m▀[38;2;232;230;228;48;2;193;192;193m▀[38;2;248;247;245;48;2;42;38;39m▀[38;2;206;206;207;48;2;2;1;3m▀[38;2;150;150;150;48;2;3;1;4m▀[38;2;86;85;89;48;2;2;1;6m▀[38;2;36;35;40;48;2;1;1;5m▀[38;2;12;11;14;48;2;2;2;5m▀[38;2;94;94;95;48;2;131;131;132m▀[38;2;39;39;41;48;2;176;177;177m▀[38;2;28;28;30;48;2;252;252;252m▀[38;2;145;144;146;48;2;251;248;250m▀[38;2;233;233;235;48;2;239;235;237m▀[38;2;94;92;95;48;2;252;252;252m▀[38;2;3;2;4;48;2;76;76;77m▀[38;2;0;0;2;48;2;0;0;2m▀[48;2;1;1;3m▀[38;2;29;29;28;48;2;14;12;14m▀[38;2;238;238;235;48;2;215;212;214m▀[38;2;251;250;243;48;2;241;210;206m▀[38;2;245;244;236;48;2;210;176;165m▀[38;2;216;215;210;48;2;253;252;249m▀[38;2;253;252;250;48;2;222;222;221m▀[38;2;220;217;218;48;2;56;55;55m▀[38;2;44;43;42;48;2;2;1;0m▀[38;2;2;1;0;48;2;3;2;1m▀[38;2;122;121;120;48;2;44;43;42m▀[38;2;250;249;243;48;2;249;249;244m▀[38;2;234;176;144;48;2;232;185;154m▀[38;2;238;163;120;48;2;240;164;121m▀[38;2;240;163;118;48;2;241;163;119m▀[38;2;237;163;125;48;2;240;163;118m▀[38;2;183;109;90;48;2;239;163;121m▀[38;2;165;86;83;48;2;192;132;117m▀[38;2;152;93;84;48;2;208;196;188m▀[38;2;234;188;166;48;2;245;247;240m▀[38;2;225;184;159;48;2;251;254;246m▀[38;2;234;196;178;48;2;240;241;238m▀[38;2;238;204;191;48;2;218;220;221m▀[38;2;246;231;224;48;2;234;235;237m▀[38;2;250;252;250;48;2;206;206;207m▀[38;2;248;247;247;48;2;163;162;163m▀[38;2;245;243;241;48;2;34;32;32m▀[38;2;197;195;195;48;2;9;7;7m▀[38;2;182;181;181;48;2;4;1;2m▀[38;2;35;35;36;48;2;1;1;3m▀[38;2;6;6;7;48;2;60;61;63m▀[38;2;92;93;92;48;2;83;84;84m▀[38;2;185;186;186;48;2;238;240;239m▀[38;2;242;238;236;48;2;147;139;134m▀[38;2;207;194;190;48;2;193;171;164m▀[38;2;154;125;122;48;2;167;134;128m▀[38;2;104;52;47;48;2;98;51;43m▀[38;2;154;85;78;48;2;155;86;80m▀[38;2;163;88;83;48;2;163;88;84m▀[38;2;143;66;57;48;2;135;66;61m▀[38;2;228;163;127;48;2;231;203;180m▀[0m
[38;2;255;255;255;48;2;255;255;255m▀▀[38;2;254;254;254;48;2;254;254;254m▀[38;2;240;240;240;48;2;253;253;253m▀[38;2;68;68;68;48;2;186;186;186m▀[38;2;1;1;1;48;2;41;41;41m▀[38;2;0;0;0;48;2;1;1;1m▀[48;2;0;0;0m▀[38;2;1;1;1;48;2;1;1;1m▀▀[38;2;2;2;2;48;2;7;7;7m▀[38;2;13;13;13;48;2;95;95;95m▀[38;2;15;15;15;48;2;44;44;44m▀[38;2;14;14;14;48;2;51;51;51m▀[38;2;10;10;10;48;2;5;5;5m▀[38;2;1;1;1;48;2;100;100;100m▀[38;2;2;2;2;48;2;180;180;180m▀[38;2;73;73;73;48;2;253;253;253m▀[38;2;83;83;83m▀[38;2;1;1;1;48;2;94;94;94m▀[38;2;0;0;0;48;2;0;0;0m▀▀[38;2;144;143;143;48;2;82;82;82m▀[38;2;251;252;252;48;2;252;252;252m▀[38;2;202;202;202;48;2;254;252;251m▀[38;2;59;58;59;48;2;253;252;252m▀[38;2;1;1;3;48;2;253;251;253m▀[38;2;13;11;13;48;2;246;243;246m▀[38;2;9;7;12;48;2;253;251;254m▀[38;2;61;59;63;48;2;253;252;253m▀[38;2;65;63;66;48;2;194;193;194m▀[38;2;75;74;77;48;2;22;21;25m▀[38;2;252;252;253;48;2;178;178;181m▀[38;2;244;241;244;48;2;195;194;196m▀[38;2;234;227;230;48;2;192;191;191m▀[38;2;230;221;225;48;2;176;177;174m▀[38;2;250;248;247;48;2;191;192;190m▀[38;2;240;241;240;48;2;233;235;234m▀[38;2;155;155;156;48;2;254;254;254m▀[38;2;61;61;62;48;2;253;253;253m▀[38;2;196;194;196;48;2;246;233;220m▀[38;2;243;240;241;48;2;237;208;187m▀[38;2;232;221;219;48;2;248;249;243m▀[38;2;243;236;232;48;2;197;198;194m▀[38;2;230;229;227;48;2;40;39;39m▀[38;2;68;68;67;48;2;1;1;1m▀[38;2;1;1;1;48;2;56;56;56m▀[38;2;24;24;24;48;2;208;208;208m▀[38;2;33;31;31;48;2;161;159;159m▀[38;2;15;14;15;48;2;3;1;2m▀[38;2;241;240;236;48;2;140;141;139m▀[38;2;238;215;194;48;2;243;239;229m▀[38;2;243;164;131;48;2;237;184;186m▀[38;2;242;162;128;48;2;240;183;184m▀[38;2;241;162;123;48;2;237;164;134m▀[38;2;237;165;123;48;2;236;182;152m▀[38;2;243;226;211;48;2;252;250;242m▀[38;2;251;247;243;48;2;166;164;160m▀[38;2;140;139;137;48;2;6;4;4m▀[38;2;99;101;99;48;2;1;1;1m▀[38;2;19;21;19;48;2;1;1;0m▀[38;2;18;21;20;48;2;1;3;2m▀[38;2;48;48;50;48;2;1;2;4m▀[38;2;17;17;19;48;2;2;2;4m▀[38;2;0;0;2;48;2;0;0;2m▀[38;2;1;1;3;48;2;1;1;3m▀▀▀[38;2;41;41;43;48;2;25;25;27m▀[38;2;30;30;32;48;2;167;167;166m▀[38;2;180;184;183;48;2;252;249;235m▀[38;2;239;234;232;48;2;218;171;155m▀[38;2;129;80;82;48;2;185;114;112m▀[38;2;110;75;68;48;2;78;24;19m▀[38;2;162;126;121;48;2;75;32;29m▀[38;2;96;54;47;48;2;114;70;63m▀[38;2;148;77;73;48;2;156;90;87m▀[38;2;160;91;90;48;2;199;165;158m▀[38;2;199;165;158;48;2;184;156;147m▀[38;2;237;209;188;48;2;223;163;141m▀[0m
[38;2;255;255;255;48;2;255;255;255m▀▀▀▀[38;2;254;254;254m▀[38;2;235;235;235;48;2;252;252;252m▀[38;2;121;121;121;48;2;240;240;240m▀[38;2;12;12;12;48;2;193;193;193m▀[38;2;1;1;1;48;2;188;188;186m▀[48;2;181;181;180m▀[48;2;215;215;215m▀[48;2;235;235;235m▀[38;2;71;71;71;48;2;252;252;252m▀[38;2;107;107;107;48;2;253;253;253m▀[38;2;204;204;204m▀[38;2;252;252;252;48;2;254;254;254m▀[38;2;254;254;254m▀▀[38;2;241;241;241;48;2;242;242;242m▀[38;2;83;83;83;48;2;104;104;104m▀[38;2;0;0;0;48;2;0;0;0m▀▀[38;2;86;86;86;48;2;25;25;25m▀[38;2;218;217;217;48;2;106;106;106m▀[38;2;235;224;217;48;2;250;243;242m▀[38;2;204;162;141;48;2;191;146;126m▀[38;2;208;170;165;48;2;241;221;201m▀[38;2;245;236;235;48;2;242;244;238m▀[38;2;253;253;253;48;2;116;116;116m▀[38;2;219;219;219;48;2;8;8;8m▀[38;2;110;110;112;48;2;59;59;61m▀[38;2;13;13;15;48;2;81;81;83m▀[38;2;17;16;20;48;2;7;6;10m▀[38;2;7;5;9;48;2;138;136;140m▀[38;2;18;19;18;48;2;140;140;140m▀[38;2;3;4;3;48;2;134;135;135m▀[38;2;1;1;1;48;2;42;42;42m▀[38;2;23;23;23;48;2;3;3;3m▀[38;2;197;197;197;48;2;31;31;31m▀[38;2;251;250;249;48;2;215;215;215m▀[38;2;238;199;178;48;2;250;245;235m▀[38;2;234;173;141;48;2;232;168;134m▀[38;2;249;246;241;48;2;245;232;225m▀[38;2;101;102;99;48;2;214;214;211m▀[38;2;5;5;5;48;2;177;177;175m▀[38;2;125;125;124;48;2;245;245;241m▀[38;2;237;234;236;48;2;218;185;178m▀[38;2;250;249;249;48;2;227;191;171m▀[38;2;214;212;213;48;2;251;247;245m▀[38;2;8;7;7;48;2;48;45;45m▀[38;2;61;61;60;48;2;5;4;3m▀[38;2;250;250;246;48;2;174;173;172m▀[38;2;214;174;168;48;2;228;213;204m▀[38;2;239;181;182;48;2;199;134;109m▀[38;2;240;176;146;48;2;237;167;134m▀[38;2;239;204;179;48;2;234;185;156m▀[38;2;242;242;236;48;2;248;247;241m▀[38;2;75;75;71;48;2;89;88;85m▀[38;2;0;0;0;48;2;0;0;0m▀▀[38;2;0;2;0;48;2;1;1;0m▀▀[38;2;2;2;2;48;2;18;18;18m▀[48;2;44;44;44m▀[38;2;4;3;5;48;2;76;76;78m▀[38;2;19;17;20;48;2;28;28;30m▀[38;2;56;55;58;48;2;2;1;4m▀[38;2;24;24;26;48;2;104;104;106m▀[38;2;130;132;130;48;2;234;238;233m▀[38;2;250;247;243;48;2;185;167;161m▀[38;2;225;193;166;48;2;152;91;75m▀[38;2;224;154;121;48;2;218;139;124m▀[38;2;210;139;131;48;2;223;156;146m▀[38;2;130;67;58;48;2;167;104;90m▀[38;2;77;20;20;48;2;79;29;27m▀[38;2;133;76;74;48;2;168;139;133m▀[38;2;195;162;160;48;2;198;166;159m▀[38;2;200;170;160;48;2;160;99;93m▀[38;2;146;79;75;48;2;223;203;194m▀[38;2;235;218;212;48;2;233;195;178m▀[0m
[38;2;255;255;255;48;2;255;255;255m▀▀▀▀[38;2;254;254;254;48;2;254;254;254m▀[38;2;254;254;253m▀[38;2;254;253;251;48;2;253;251;245m▀[38;2;254;253;252;48;2;243;226;172m▀[38;2;255;255;251;48;2;254;255;249m▀[38;2;255;255;252;48;2;255;255;251m▀[38;2;255;255;251m▀[38;2;255;255;253;48;2;255;255;253m▀▀▀▀▀[38;2;255;255;255;48;2;255;255;255m▀[38;2;254;254;254;48;2;254;254;254m▀[38;2;251;251;251;48;2;214;214;214m▀[38;2;55;55;55;48;2;57;57;57m▀[38;2;0;0;0;48;2;0;0;0m▀▀[38;2;10;10;10;48;2;18;18;18m▀[38;2;139;140;139;48;2;216;218;217m▀[38;2;250;251;245;48;2;239;229;221m▀[38;2;231;211;195;48;2;236;220;209m▀[38;2;253;253;252;48;2;222;222;223m▀[38;2;104;104;104;48;2;14;14;16m▀[38;2;7;6;7;48;2;47;46;48m▀[38;2;166;166;167;48;2;251;251;252m▀[38;2;252;252;252;48;2;248;248;248m▀[38;2;185;185;185;48;2;193;193;193m▀[38;2;5;4;6;48;2;9;8;11m▀[38;2;159;159;160;48;2;132;132;133m▀[38;2;250;247;246;48;2;250;242;240m▀[38;2;251;246;244;48;2;246;210;202m▀[38;2;249;249;246;48;2;246;246;241m▀[38;2;83;83;81;48;2;189;189;187m▀[38;2;1;1;1;48;2;5;5;5m▀[38;2;124;125;124;48;2;142;143;143m▀[38;2;252;248;241;48;2;246;242;235m▀[38;2;220;156;123;48;2;204;139;107m▀[38;2;235;206;185;48;2;157;98;80m▀[38;2;253;249;236;48;2;174;116;105m▀[38;2;246;240;226;48;2;186;112;101m▀[38;2;169;138;130;48;2;166;99;85m▀[38;2;107;48;42;48;2;100;38;32m▀[38;2;224;149;124;48;2;149;77;66m▀[38;2;250;244;240;48;2;236;226;222m▀[38;2;160;157;155;48;2;247;245;242m▀[38;2;83;80;79;48;2;254;253;251m▀[38;2;202;200;199;48;2;253;252;250m▀[38;2;238;215;206;48;2;210;162;155m▀[38;2;207;141;110;48;2;213;141;109m▀[38;2;218;145;111;48;2;198;130;98m▀[38;2;238;167;136;48;2;233;159;126m▀[38;2;252;247;238;48;2;243;229;215m▀[38;2;158;157;153;48;2;210;210;205m▀[38;2;7;6;6;48;2;20;19;18m▀[38;2;2;1;1;48;2;3;2;1m▀[38;2;4;3;2;48;2;1;1;1m▀[38;2;14;13;12;48;2;2;2;2m▀[38;2;19;19;19;48;2;17;16;16m▀[38;2;12;11;12;48;2;50;48;49m▀[38;2;3;2;4;48;2;162;160;163m▀[38;2;31;29;30;48;2;252;251;252m▀[38;2;165;161;164;48;2;241;236;233m▀[38;2;252;250;247;48;2;168;136;134m▀[38;2;216;186;185;48;2;128;65;66m▀[38;2;132;74;76;48;2;143;80;71m▀[38;2;109;43;45;48;2;219;153;133m▀[38;2;165;99;94;48;2;154;87;85m▀[38;2;226;173;159;48;2;227;193;174m▀[38;2;175;115;99;48;2;216;167;148m▀[38;2;160;135;130;48;2;180;145;140m▀[38;2;177;145;138;48;2;109;60;60m▀[38;2;166;107;105;48;2;230;208;209m▀[38;2;226;206;204;48;2;175;134;129m▀[38;2;186;151;136;48;2;176;138;123m▀[38;2;235;181;152;48;2;239;211;192m▀[0m
[38;2;255;255;255;48;2;255;255;255m▀▀▀▀▀[38;2;254;255;255;48;2;254;255;254m▀[38;2;248;247;225;48;2;241;238;205m▀[38;2;238;220;143;48;2;247;240;159m▀[38;2;249;243;220;48;2;243;232;186m▀[38;2;254;254;248;48;2;253;254;249m▀[38;2;255;255;251;48;2;255;255;251m▀▀[38;2;255;255;253;48;2;255;255;253m▀▀▀▀[38;2;254;254;254;48;2;252;252;252m▀[38;2;243;243;243;48;2;140;140;140m▀[38;2;114;114;114;48;2;4;4;4m▀[38;2;3;3;3;48;2;1;1;1m▀[38;2;0;0;0;48;2;0;0;0m▀[38;2;2;2;2;48;2;1;1;1m▀[38;2;110;110;110;48;2;30;30;30m▀[38;2;241;241;239;48;2;242;241;239m▀[38;2;250;246;240;48;2;254;253;247m▀[38;2;251;248;243m▀[38;2;192;191;191;48;2;211;211;210m▀[38;2;4;4;6;48;2;8;8;10m▀[38;2;19;19;21;48;2;21;21;23m▀[38;2;249;249;250;48;2;46;46;46m▀[38;2;246;246;246;48;2;20;20;22m▀[38;2;75;74;75;48;2;2;1;3m▀[38;2;5;3;6;48;2;27;27;29m▀[38;2;148;147;149;48;2;211;210;212m▀[38;2;249;242;240;48;2;247;240;237m▀[38;2;248;209;203;48;2;246;213;205m▀[38;2;251;251;245;48;2;249;249;244m▀[38;2;123;123;121;48;2;76;76;74m▀[38;2;7;8;7;48;2;5;5;5m▀[38;2;145;148;147;48;2;161;162;162m▀[38;2;250;247;247;48;2;245;237;237m▀[38;2;179;126;111;48;2;237;166;139m▀[38;2;151;84;67;48;2;174;107;87m▀[38;2;178;107;86;48;2;234;166;130m▀[38;2;170;93;73;48;2;238;165;130m▀[38;2;167;89;71;48;2;233;155;127m▀[38;2;160;91;76;48;2;145;79;64m▀[38;2;120;53;43;48;2;178;108;91m▀[38;2;185;128;112;48;2;144;76;59m▀[38;2;239;188;162;48;2;184;114;93m▀[38;2;234;183;154;48;2;235;167;118m▀[38;2;212;151;132;48;2;228;149;111m▀[38;2;189;106;87;48;2;166;86;65m▀[38;2;197;118;90;48;2;198;115;91m▀[38;2;220;144;113;48;2;196;117;88m▀[38;2;199;125;97;48;2;207;130;102m▀[38;2;240;191;164;48;2;217;141;112m▀[38;2;251;248;240;48;2;233;191;168m▀[38;2;208;208;204;48;2;246;236;224m▀[38;2;83;83;82;48;2;254;252;248m▀[38;2;105;105;105;48;2;254;252;249m▀[38;2;112;112;112;48;2;254;252;247m▀[38;2;220;221;221;48;2;231;220;222m▀[38;2;240;242;243;48;2;221;199;202m▀[38;2;242;232;232;48;2;144;93;95m▀[38;2;155;124;125;48;2;140;74;69m▀[38;2;118;66;68;48;2;159;129;105m▀[38;2;164;96;88;48;2;168;124;89m▀[38;2;201;133;111;48;2;200;146;114m▀[38;2;228;169;135;48;2;242;185;152m▀[38;2;245;177;150;48;2;247;195;166m▀[38;2;206;151;140;48;2;241;210;194m▀[38;2;240;216;207;48;2;239;221;214m▀[38;2;205;177;164;48;2;211;185;176m▀[38;2;163;128;126;48;2;232;220;214m▀[38;2;217;202;198;48;2;145;111;113m▀[38;2;172;129;128;48;2;186;155;149m▀[38;2;185;150;140;48;2;184;147;138m▀[38;2;239;198;178;48;2;238;164;132m▀[38;2;240;166;131;48;2;240;164;130m▀[0m
[38;2;255;255;255;48;2;255;255;255m▀▀▀[48;2;255;255;254m▀[38;2;254;254;251;48;2;252;250;240m▀[38;2;254;253;251;48;2;245;228;175m▀[38;2;242;232;180;48;2;243;231;158m▀[38;2;252;246;163;48;2;252;246;180m▀[38;2;242;233;155;48;2;250;248;191m▀[38;2;244;233;184;48;2;249;244;209m▀[38;2;251;244;228;48;2;246;240;220m▀[38;2;254;253;249;48;2;254;252;249m▀[38;2;255;254;250;48;2;255;254;252m▀▀[38;2;253;253;251;48;2;196;195;193m▀[38;2;220;220;219;48;2;20;19;18m▀[38;2;120;119;119;48;2;3;2;2m▀[38;2;17;16;16;48;2;2;1;1m▀[38;2;0;0;0;48;2;0;0;0m▀▀[48;2;1;1;2m▀[38;2;27;26;26;48;2;93;91;93m▀[38;2;172;172;172;48;2;235;234;235m▀[38;2;253;253;249;48;2;232;225;219m▀[38;2;254;254;240;48;2;234;175;144m▀[38;2;252;251;237;48;2;233;172;142m▀[38;2;251;251;244;48;2;236;206;189m▀[38;2;151;150;154;48;2;252;250;249m▀[38;2;50;50;54;48;2;241;240;243m▀[38;2;5;4;9;48;2;192;192;195m▀[38;2;2;2;6;48;2;105;105;108m▀[48;2;182;183;185m▀[38;2;94;98;97;48;2;248;250;248m▀[38;2;243;245;241;48;2;242;217;215m▀[38;2;247;221;207;48;2;235;164;130m▀[38;2;244;201;181;48;2;235;165;129m▀[38;2;252;249;243;48;2;245;234;226m▀[38;2;94;95;92;48;2;192;193;189m▀[38;2;8;8;8;48;2;159;159;157m▀[38;2;220;220;218;48;2;245;244;241m▀[38;2;223;186;178;48;2;203;133;116m▀[38;2;240;154;120;48;2;232;143;115m▀[38;2;171;103;81;48;2;185;117;98m▀[38;2;230;160;125;48;2;213;143;110m▀[38;2;239;165;130;48;2;238;165;130m▀[38;2;239;164;132;48;2;240;164;130m▀[38;2;178;110;92;48;2;195;126;107m▀[38;2;231;163;147;48;2;222;155;140m▀[38;2;225;156;142;48;2;238;170;154m▀[38;2;127;62;53;48;2;196;131;118m▀[38;2;209;136;110;48;2;214;141;118m▀[38;2;236;157;125;48;2;245;163;133m▀[38;2;193;108;86;48;2;210;122;97m▀[38;2;160;83;67;48;2;131;58;46m▀[38;2;203;117;92;48;2;175;97;83m▀[38;2;198;119;90;48;2;202;116;92m▀[38;2;193;120;94;48;2;198;119;94m▀[38;2;240;163;135;48;2;202;128;102m▀[38;2;242;164;132;48;2;241;165;132m▀[38;2;240;165;131;48;2;243;164;131m▀[38;2;233;164;129;48;2;246;163;130m▀[38;2;132;67;57;48;2;189;109;92m▀[38;2;142;71;87;48;2;120;49;43m▀[38;2;128;63;62;48;2;206;139;117m▀[38;2;175;106;88;48;2;232;156;127m▀[38;2;207;134;115;48;2;218;145;119m▀[38;2;188;158;140;48;2;172;140;114m▀[38;2;213;187;119;48;2;180;145;107m▀[38;2;171;126;101;48;2;202;157;138m▀[38;2;235;196;172;48;2;222;191;171m▀[38;2;249;216;193;48;2;252;233;218m▀[38;2;252;229;215;48;2;252;241;234m▀[38;2;243;231;224;48;2;253;246;243m▀[38;2;244;233;229;48;2;234;221;220m▀[38;2;203;178;179;48;2;236;220;220m▀[38;2;206;181;183;48;2;206;179;180m▀[38;2;166;133;127;48;2;147;99;96m▀[38;2;195;130;118;48;2;231;183;164m▀[38;2;239;165;132;48;2;240;178;149m▀[38;2;238;165;130;48;2;245;204;175m▀[0m
[38;2;255;255;255;48;2;255;255;255m▀▀▀▀[38;2;252;243;225;48;2;254;254;252m▀[38;2;245;227;185;48;2;253;253;250m▀[38;2;241;235;192;48;2;253;253;251m▀[38;2;253;250;237;48;2;164;164;163m▀[38;2;253;250;253;48;2;38;36;39m▀[38;2;240;239;241;48;2;5;2;5m▀[38;2;254;252;254;48;2;23;20;23m▀[38;2;252;251;251;48;2;33;30;32m▀[38;2;208;207;207;48;2;27;23;25m▀[38;2;146;144;145;48;2;18;14;16m▀[38;2;31;27;27;48;2;45;42;41m▀[38;2;4;0;0;48;2;44;40;40m▀[38;2;4;1;1;48;2;4;2;3m▀[48;2;70;68;70m▀[48;2;136;134;137m▀[38;2;27;25;25;48;2;173;174;172m▀[38;2;164;166;167;48;2;249;245;229m▀[38;2;250;248;248;48;2;235;196;173m▀[38;2;247;238;230;48;2;232;166;135m▀[38;2;232;171;140;48;2;236;161;125m▀[38;2;242;161;125;48;2;243;162;126m▀[38;2;242;157;121;48;2;241;156;120m▀[38;2;240;160;126;48;2;240;156;123m▀[38;2;213;163;137;48;2;202;129;103m▀[38;2;223;195;180;48;2;185;117;99m▀[38;2;221;209;200;48;2;169;104;89m▀[38;2;249;246;241;48;2;166;110;88m▀[38;2;238;227;225;48;2;208;130;109m▀[38;2;223;185;169;48;2;212;129;100m▀[38;2;233;163;134;48;2;247;162;123m▀[38;2;240;162;122;48;2;242;162;122m▀[38;2;238;164;124;48;2;239;163;123m▀[38;2;240;191;162;48;2;237;163;124m▀[38;2;251;244;234;48;2;235;165;129m▀[38;2;250;243;237;48;2;224;157;129m▀[38;2;209;166;153;48;2;200;115;90m▀[38;2;202;116;95;48;2;200;114;92m▀[38;2;218;130;108;48;2;210;122;100m▀[38;2;202;127;107;48;2;213;135;112m▀[38;2;198;123;99;48;2;167;96;78m▀[38;2;243;163;129;48;2;241;164;129m▀[38;2;241;164;129;48;2;240;164;129m▀[38;2;213;141;118;48;2;230;156;129m▀[38;2;210;146;130;48;2;195;135;120m▀[38;2;243;179;161;48;2;244;185;167m▀[38;2;245;184;165;48;2;247;191;172m▀[38;2;173;116;100;48;2;230;180;161m▀[38;2;237;162;131;48;2;185;130;108m▀[38;2;219;136;108;48;2;223;146;116m▀[38;2;176;99;80;48;2;201;125;99m▀[38;2;88;24;20;48;2;137;75;68m▀[38;2;193;114;97;48;2;133;70;65m▀[38;2;198;118;94;48;2;196;119;99m▀[38;2;182;105;83;48;2;199;120;99m▀[38;2;237;159;127;48;2;199;124;99m▀[38;2;244;163;130;48;2;243;164;131m▀[38;2;246;162;128;48;2;245;164;129m▀[38;2;209;126;101;48;2;215;135;106m▀[38;2;176;98;84;48;2;191;115;93m▀[38;2;190;120;98;48;2;168;101;84m▀[38;2;234;163;129;48;2;238;174;145m▀[38;2;231;161;128;48;2;228;166;138m▀[38;2;237;175;145;48;2;238;184;159m▀[38;2;224;168;146;48;2;246;201;182m▀[38;2;242;202;191;48;2;249;220;212m▀[38;2;250;229;216;48;2;253;239;231m▀[38;2;246;235;226;48;2;254;251;246m▀[38;2;254;250;250;48;2;248;247;248m▀[38;2;255;249;249;48;2;254;252;254m▀[38;2;249;239;239;48;2;252;246;246m▀[38;2;238;224;224;48;2;244;234;234m▀[38;2;215;195;193;48;2;229;215;212m▀[38;2;203;168;161;48;2;241;224;215m▀[38;2;247;231;210;48;2;239;217;200m▀[38;2;233;185;165;48;2;238;209;187m▀[38;2;248;244;219;48;2;245;228;205m▀[0m
[38;2;255;255;255;48;2;255;255;255m▀▀▀▀[38;2;255;255;253;48;2;255;255;253m▀▀[38;2;253;253;252;48;2;254;254;252m▀[38;2;203;204;200m▀[38;2;35;35;35;48;2;196;195;195m▀[38;2;14;13;13;48;2;150;148;149m▀[38;2;64;60;63;48;2;118;114;117m▀[38;2;177;173;176;48;2;70;65;69m▀[38;2;153;149;152;48;2;69;64;68m▀[38;2;210;206;209;48;2;83;79;82m▀[38;2;180;176;180;48;2;118;116;119m▀[38;2;72;67;71;48;2;210;208;211m▀[38;2;113;112;116;48;2;253;247;243m▀[38;2;242;242;244;48;2;237;217;207m▀[38;2;251;246;250;48;2;128;87;82m▀[38;2;248;238;234;48;2;224;162;130m▀[38;2;227;179;156;48;2;230;149;112m▀[38;2;239;163;124;48;2;240;160;121m▀[38;2;240;162;125;48;2;240;162;125m▀[38;2;239;162;126;48;2;241;161;126m▀[38;2;244;162;127;48;2;245;162;127m▀[38;2;236;155;121;48;2;234;154;119m▀[38;2;237;160;127;48;2;236;162;127m▀[38;2;201;130;103;48;2;195;123;96m▀[38;2;159;89;72;48;2;142;75;61m▀[38;2;166;94;78;48;2;175;104;86m▀[38;2;236;159;129;48;2;239;162;129m▀[38;2;195;118;93;48;2;200;123;100m▀[38;2;189;108;87;48;2;170;92;75m▀[38;2;243;162;128;48;2;243;162;130m▀[38;2;239;163;126;48;2;240;164;128m▀[38;2;238;162;125m▀[38;2;238;164;127;48;2;240;165;129m▀[48;2;240;166;129m▀[38;2;235;155;125;48;2;238;159;129m▀[38;2;205;114;94;48;2;208;118;99m▀[38;2;203;115;94;48;2;208;120;100m▀[38;2;205;117;96;48;2;209;121;101m▀[38;2;217;139;118;48;2;219;144;124m▀[38;2;125;61;49;48;2;90;32;24m▀[38;2;241;168;137;48;2;230;164;137m▀[38;2;241;167;135;48;2;224;157;127m▀[38;2;237;166;138;48;2;224;157;131m▀[38;2;157;101;85;48;2;179;126;115m▀[38;2;199;150;131;48;2;250;205;189m▀[38;2;245;199;176;48;2;212;171;156m▀[38;2;251;207;190;48;2;114;72;64m▀[38;2;192;151;138;48;2;63;19;14m▀[38;2;198;136;117;48;2;112;53;44m▀[38;2;199;123;104;48;2;175;99;86m▀[38;2;159;94;83;48;2;163;94;86m▀[38;2;207;149;147;48;2;70;11;12m▀[38;2;142;75;67;48;2;68;9;10m▀[38;2;206;126;105;48;2;135;68;57m▀[38;2;184;108;87;48;2;202;124;103m▀[38;2;241;164;133;48;2;204;130;105m▀[38;2;241;165;131;48;2;240;165;134m▀[38;2;224;148;117;48;2;224;147;116m▀[38;2;210;134;111;48;2;203;114;95m▀[38;2;185;125;104;48;2;166;91;75m▀[38;2;242;195;171;48;2;214;143;118m▀[38;2;228;182;159;48;2;205;134;106m▀[38;2;249;212;188;48;2;241;179;152m▀[38;2;249;221;204;48;2;247;211;191m▀[38;2;250;242;233;48;2;248;228;213m▀[38;2;253;247;242;48;2;253;233;217m▀[38;2;255;250;246;48;2;254;240;229m▀[38;2;255;252;250;48;2;255;248;243m▀[38;2;254;254;255;48;2;251;252;252m▀[38;2;253;252;253;48;2;249;244;243m▀[38;2;245;238;233;48;2;242;228;220m▀[38;2;250;242;234;48;2;249;227;216m▀[38;2;250;231;221;48;2;244;202;183m▀[38;2;247;218;205;48;2;241;185;159m▀[38;2;243;208;188;48;2;239;177;143m▀[38;2;241;202;173;48;2;238;170;130m▀[0m
[38;2;255;255;255;48;2;255;255;255m▀▀▀▀[38;2;254;254;254;48;2;254;254;254m▀▀▀▀[38;2;255;253;254;48;2;255;253;254m▀▀[38;2;253;252;253;48;2;254;252;253m▀[38;2;225;223;224m▀[38;2;254;250;254;48;2;255;251;255m▀[38;2;254;252;253;48;2;229;224;226m▀[38;2;253;252;249;48;2;200;154;140m▀[38;2;242;217;215;48;2;236;166;130m▀[38;2;230;174;157;48;2;242;160;123m▀[38;2;179;120;101;48;2;103;38;29m▀[38;2;137;78;64;48;2;201;132;110m▀[38;2;239;161;128;48;2;233;154;124m▀[38;2;217;136;101;48;2;212;133;100m▀[38;2;239;161;128;48;2;236;156;121m▀[38;2;242;161;130;48;2;242;162;126m▀[38;2;242;161;129;48;2;243;162;127m▀[38;2;243;160;126;48;2;240;157;123m▀[38;2;228;148;113;48;2;222;143;107m▀[38;2;215;141;108;48;2;198;125;93m▀[38;2;209;137;103;48;2;225;152;117m▀[38;2;201;134;107;48;2;224;155;121m▀[38;2;166;98;79;48;2;130;60;53m▀[38;2;240;163;131;48;2;240;163;131m▀[38;2;193;119;98;48;2;203;128;104m▀[38;2;133;61;51;48;2;116;50;46m▀[38;2;235;157;125;48;2;220;146;116m▀[38;2;241;165;130;48;2;243;167;131m▀[38;2;242;166;130m▀[38;2;241;167;130;48;2;243;169;132m▀▀[38;2;241;163;130;48;2;242;166;131m▀[38;2;212;123;103;48;2;216;130;107m▀[38;2;210;125;104;48;2;214;132;110m▀[38;2;209;127;106;48;2;213;137;113m▀[38;2;216;142;124;48;2;217;144;125m▀[38;2;94;38;33;48;2;173;119;111m▀[38;2;201;139;115;48;2;190;134;113m▀[38;2;243;180;152;48;2;242;183;159m▀[38;2;244;183;156;48;2;243;184;157m▀[38;2;159;111;103;48;2;134;84;76m▀[38;2;106;60;51;48;2;67;18;12m▀[38;2;57;10;3;48;2;57;9;4m▀[38;2;53;5;0;48;2;72;27;24m▀[38;2;53;7;3;48;2;139;97;97m▀[38;2;60;10;6;48;2;178;154;150m▀[38;2;153;81;78;48;2;168;134;131m▀[38;2;171;102;93;48;2;220;157;149m▀[38;2;84;30;28;48;2;170;121;113m▀[38;2;53;4;7;48;2;187;157;154m▀[38;2;53;5;5;48;2;127;98;95m▀[38;2;136;76;64;48;2;74;32;28m▀[38;2;166;101;83;48;2;141;81;71m▀[38;2;234;161;134;48;2;174;100;86m▀[38;2;226;149;123;48;2;208;130;109m▀[38;2;203;117;101;48;2;195;114;98m▀[38;2;192;108;95;48;2;198;117;106m▀[38;2;181;111;95;48;2;144;86;76m▀[38;2;195;125;103;48;2;220;176;163m▀[38;2;238;205;185;48;2;237;190;166m▀[38;2;241;211;189;48;2;236;179;151m▀[38;2;242;202;180;48;2;241;192;167m▀[38;2;253;219;199;48;2;248;205;183m▀[38;2;254;231;215;48;2;250;212;194m▀[38;2;254;242;233;48;2;247;223;212m▀[38;2;247;243;237;48;2;245;236;225m▀[38;2;242;227;220;48;2;246;221;210m▀[38;2;254;226;218;48;2;252;207;195m▀[38;2;255;212;197;48;2;252;194;176m▀[38;2;248;194;168;48;2;244;184;158m▀[38;2;243;181;151;48;2;237;169;142m▀[38;2;243;172;141;48;2;192;116;90m▀[38;2;208;131;99;48;2;185;104;78m▀[0m
[38;2;255;255;255;48;2;255;255;255m▀▀▀▀▀▀▀▀[38;2;254;254;254;48;2;254;254;254m▀▀▀▀[38;2;253;250;254;48;2;253;250;252m▀[38;2;182;165;164;48;2;176;136;129m▀[38;2;230;156;126;48;2;240;163;121m▀[38;2;244;164;117;48;2;244;161;122m▀[38;2;190;120;93;48;2;169;128;120m▀[38;2;106;54;48;48;2;169;125;110m▀[38;2;240;161;127;48;2;241;161;126m▀[38;2;224;144;110;48;2;215;132;98m▀[38;2;212;128;97;48;2;210;123;93m▀[38;2;237;158;119;48;2;232;150;112m▀[38;2;241;164;122;48;2;241;164;122m▀[38;2;241;163;124m▀[38;2;236;153;119;48;2;230;153;124m▀[38;2;222;136;106;48;2;215;129;110m▀[38;2;196;116;87;48;2;193;110;89m▀[38;2;228;151;119;48;2;229;147;118m▀[38;2;207;139;112;48;2;190;123;103m▀[38;2;143;76;68;48;2;185;122;111m▀[38;2;242;166;134;48;2;234;160;133m▀[38;2;211;134;109;48;2;214;139;112m▀[38;2;173;107;99;48;2;220;153;142m▀[38;2;192;121;96;48;2;165;99;78m▀[38;2;247;170;134;48;2;240;166;130m▀[38;2;242;166;132;48;2;246;170;136m▀[38;2;243;170;135;48;2;243;170;135m▀[38;2;241;171;135;48;2;242;175;138m▀[38;2;246;172;139;48;2;244;177;146m▀[38;2;220;141;116;48;2;226;155;131m▀[38;2;220;140;118;48;2;221;151;132m▀[38;2;222;142;125;48;2;225;154;139m▀[38;2;217;143;129;48;2;211;148;134m▀[38;2;195;144;135;48;2;192;155;142m▀[38;2;202;150;133;48;2;213;166;149m▀[38;2;246;191;170;48;2;247;195;176m▀[38;2;240;186;164;48;2;230;182;163m▀[38;2;108;61;53;48;2;121;82;77m▀[38;2;78;37;38;48;2;220;191;198m▀[38;2;166;134;138;48;2;238;216;228m▀[38;2;233;214;216;48;2;233;219;225m▀[38;2;232;220;221;48;2;229;214;219m▀[38;2;234;219;220;48;2;183;161;168m▀[38;2;227;205;210;48;2;175;145;152m▀[38;2;191;141;136;48;2;159;124;121m▀[38;2;190;144;132;48;2;211;164;154m▀[38;2;229;207;205;48;2;204;183;183m▀[38;2;238;219;219;48;2;232;219;221m▀[38;2;225;202;205;48;2;235;219;228m▀[38;2;147;111;115;48;2;234;214;226m▀[38;2;142;74;66;48;2;137;92;90m▀[38;2;184;108;95;48;2;172;99;88m▀[38;2;207;131;116;48;2;190;116;103m▀[38;2;201;126;115;48;2;217;147;136m▀[38;2;161;112;108;48;2;116;60;59m▀[38;2;193;141;122;48;2;183;115;102m▀[38;2;222;156;120;48;2;220;150;121m▀[38;2;237;176;138;48;2;238;176;143m▀[38;2;241;192;161;48;2;245;199;171m▀[38;2;220;172;148;48;2;206;158;134m▀[38;2;204;157;142;48;2;184;133;114m▀[38;2;221;176;168;48;2;202;151;140m▀[38;2;250;230;217;48;2;231;203;185m▀[38;2;245;199;185;48;2;210;152;134m▀[38;2;252;191;176;48;2;173;107;90m▀[38;2;237;174;156;48;2;151;88;71m▀[38;2;180;120;100;48;2;111;50;36m▀[38;2;176;102;84;48;2;188;108;95m▀[38;2;189;107;87;48;2;192;105;89m▀[38;2;189;106;85;48;2;192;105;88m▀[0m
[38;2;255;255;255;48;2;255;255;255m▀▀▀▀▀▀▀▀[38;2;254;254;254;48;2;254;254;254m▀▀▀▀[38;2;242;236;238;48;2;214;202;200m▀[38;2;184;126;108;48;2;220;152;127m▀[38;2;240;163;125;48;2;240;161;124m▀[38;2;196;134;116;48;2;171;131;123m▀[38;2;208;192;186;48;2;207;193;180m▀[38;2;191;134;112;48;2;220;150;122m▀[38;2;240;160;125;48;2;238;157;124m▀[38;2;208;125;92;48;2;204;121;89m▀[38;2;207;117;88;48;2;202;114;85m▀[38;2;225;141;106;48;2;219;133;100m▀[38;2;241;165;122;48;2;239;166;126m▀[38;2;241;169;130;48;2;246;193;160m▀[38;2;233;172;144;48;2;247;214;187m▀[38;2;204;136;117;48;2;227;185;167m▀[38;2;182;108;88;48;2;185;122;102m▀[38;2;225;143;118;48;2;223;141;118m▀[38;2;185;118;102;48;2;191;124;112m▀[38;2;224;161;143;48;2;244;182;160m▀[38;2;216;147;123;48;2;195;131;110m▀[38;2;215;148;116;48;2;220;154;122m▀[38;2;219;160;140;48;2;213;158;141m▀[38;2;167;112;95;48;2;243;192;174m▀[38;2;196;129;102;48;2;168;114;99m▀[38;2;224;152;122;48;2;244;179;154m▀[38;2;229;161;130;48;2;245;181;155m▀[38;2;242;182;147;48;2;242;183;155m▀[38;2;243;183;153;48;2;246;188;162m▀[38;2;231;170;145;48;2;240;184;161m▀[38;2;222;163;142;48;2;232;177;156m▀[38;2;228;168;151;48;2;238;183;166m▀[38;2;214;160;147;48;2;215;166;154m▀[38;2;198;175;162;48;2;206;191;176m▀[38;2;221;190;171;48;2;235;219;200m▀[38;2;236;194;175;48;2;218;189;172m▀[38;2;234;196;180;48;2;235;207;192m▀[38;2;183;158;157;48;2;202;183;183m▀[38;2;240;220;225;48;2;243;226;232m▀[38;2;235;218;225;48;2;192;174;180m▀[38;2;220;193;202;48;2;150;107;123m▀[38;2;168;128;141;48;2;218;151;179m▀[38;2;125;81;95;48;2;192;139;170m▀[38;2;117;75;90;48;2;170;124;159m▀[38;2;147;111;117;48;2;183;162;179m▀[38;2;140;85;87;48;2;149;117;124m▀[38;2;194;170;168;48;2;95;46;54m▀[38;2;240;230;227;48;2;219;209;206m▀[38;2;239;229;231;48;2;255;253;252m▀[38;2;235;225;233;48;2;253;252;254m▀[38;2;217;196;203;48;2;252;247;250m▀[38;2;184;124;114;48;2;187;150;146m▀[38;2;179;105;92;48;2;192;119;107m▀[38;2;208;135;125;48;2;194;123;113m▀[38;2;98;38;36;48;2;140;89;84m▀[38;2;164;98;88;48;2;140;89;79m▀[38;2;223;160;137;48;2;229;183;163m▀[38;2;244;194;170;48;2;250;225;207m▀[38;2;252;220;203;48;2;254;246;237m▀[38;2;246;206;186;48;2;253;235;224m▀[38;2;240;185;158;48;2;246;206;185m▀[38;2;240;181;159;48;2;238;181;153m▀[38;2;247;212;190;48;2;242;197;182m▀[38;2;239;176;147;48;2;238;170;134m▀[38;2;204;140;113;48;2;235;166;130m▀[38;2;133;70;57;48;2;128;65;58m▀[38;2;83;23;17;48;2;86;26;21m▀[38;2;172;97;81;48;2;131;66;56m▀[38;2;191;105;88;48;2;192;105;88m▀[38;2;192;105;88;48;2;193;104;88m▀[0m
[38;2;255;255;255;48;2;255;255;255m▀▀▀▀▀▀▀▀[38;2;254;254;254;48;2;254;254;254m▀▀[38;2;253;253;253;48;2;254;254;252m▀[38;2;254;254;254;48;2;245;245;244m▀[38;2;187;171;169;48;2;182;168;168m▀[38;2;241;171;144;48;2;240;174;149m▀[38;2;217;148;120;48;2;182;124;105m▀[38;2;200;183;173;48;2;243;243;232m▀[38;2;186;163;146;48;2;178;148;134m▀[38;2;235;162;132;48;2;239;163;130m▀[38;2;232;152;119;48;2;230;150;115m▀[38;2;184;100;79;48;2;179;96;77m▀[38;2;201;115;89;48;2;201;115;90m▀[38;2;214;130;102;48;2;199;113;86m▀[38;2;244;182;156;48;2;232;162;133m▀[38;2;249;221;207;48;2;247;202;176m▀[38;2;254;245;248;48;2;250;232;233m▀[38;2;251;230;228;48;2;233;200;198m▀[38;2;211;163;150;48;2;182;128;117m▀[38;2;223;148;128;48;2;198;125;107m▀[38;2;186;126;111;48;2;183;127;111m▀[38;2;249;190;172;48;2;213;157;143m▀[38;2;196;135;121;48;2;185;128;118m▀[38;2;230;162;141;48;2;174;110;103m▀[38;2;122;71;62;48;2;83;32;27m▀[38;2;88;38;31;48;2;59;10;5m▀[38;2;67;15;11;48;2;56;5;2m▀[38;2;162;105;97;48;2;84;29;25m▀[38;2;214;152;138;48;2;171;109;98m▀[38;2;235;175;156;48;2;220;161;145m▀[38;2;251;194;174;48;2;253;200;181m▀[38;2;248;196;171;48;2;251;202;181m▀[38;2;240;191;169;48;2;247;205;185m▀[38;2;244;197;180;48;2;248;215;197m▀[38;2;215;172;159;48;2;207;176;163m▀[38;2;217;205;189;48;2;229;221;206m▀[38;2;250;241;225;48;2;253;248;236m▀[38;2;207;185;171;48;2;207;190;180m▀[38;2;217;197;183;48;2;192;177;163m▀[38;2;217;204;204;48;2;244;236;233m▀[38;2;250;237;241;48;2;237;228;233m▀[38;2;127;99;110;48;2;110;78;92m▀[38;2;188;140;167;48;2;173;125;162m▀[38;2;142;95;116;48;2;180;155;169m▀[38;2;166;118;155;48;2;141;110;137m▀[38;2;156;117;170;48;2;131;99;165m▀[38;2;174;151;182;48;2;126;99;166m▀[38;2;172;153;178;48;2;145;122;180m▀[38;2;83;68;93;48;2;82;72;128m▀[38;2;78;53;53;48;2;71;44;68m▀[38;2;246;243;238;48;2;173;162;157m▀[38;2;254;252;254;48;2;254;252;252m▀[38;2;254;252;253;48;2;253;252;254m▀[38;2;191;173;170;48;2;207;191;186m▀[38;2;217;152;139;48;2;220;163;152m▀[38;2;176;111;100;48;2;164;108;99m▀[38;2;192;145;137;48;2;218;173;166m▀[38;2;159;109;101;48;2;125;77;70m▀[38;2;246;212;196;48;2;242;188;168m▀[38;2;254;240;231;48;2;249;214;194m▀[38;2;255;253;248;48;2;253;241;232m▀[38;2;254;249;243;48;2;251;231;218m▀[38;2;249;227;211;48;2;247;203;179m▀[38;2;245;201;176;48;2;240;177;146m▀[38;2;241;186;172;48;2;231;164;149m▀[38;2;242;165;129;48;2;223;141;106m▀[48;2;245;164;129m▀[38;2;178;112;89;48;2;231;157;125m▀[38;2;79;23;23;48;2;92;34;31m▀[38;2;103;46;44;48;2;114;58;58m▀[38;2;178;100;87;48;2;124;59;53m▀[38;2;193;104;88;48;2;192;105;90m▀[0m
[38;2;255;255;255;48;2;255;255;255m▀▀▀▀▀▀▀▀[38;2;253;253;253;48;2;253;254;253m▀[38;2;254;254;252;48;2;239;237;235m▀[38;2;198;193;186;48;2;162;150;137m▀[38;2;153;142;128;48;2;232;210;181m▀[38;2;141;119;108;48;2;194;166;144m▀[38;2;234;173;152;48;2;165;115;101m▀[38;2;180;145;134;48;2;202;189;181m▀[38;2;249;252;244;48;2;250;250;242m▀[38;2;180;135;120;48;2;178;124;110m▀[38;2;239;160;124;48;2;239;160;121m▀[38;2;229;148;115;48;2;227;146;111m▀[38;2;180;95;77;48;2;180;96;77m▀[38;2;200;112;90;48;2;201;111;93m▀[38;2;202;111;87;48;2;204;110;89m▀[38;2;223;138;109;48;2;208;118;93m▀[38;2;242;168;136;48;2;235;152;122m▀[38;2;243;187;172;48;2;237;160;138m▀[38;2;182;121;112;48;2;169;97;85m▀[38;2;170;100;85;48;2;164;93;78m▀[38;2;194;123;105;48;2;197;126;110m▀[38;2;183;126;114;48;2;188;133;122m▀[38;2;224;169;160;48;2;180;126;118m▀[38;2;81;27;24;48;2;66;13;10m▀[38;2;142;88;85;48;2;126;77;75m▀[38;2;102;62;62;48;2;173;140;143m▀[38;2;174;144;145;48;2;233;218;226m▀[38;2;223;196;197;48;2;229;218;227m▀[38;2;213;190;191;48;2;230;218;229m▀[38;2;158;118;114;48;2;222;198;203m▀[38;2;180;130;120;48;2;200;167;164m▀[38;2;235;191;175;48;2;219;181;167m▀[38;2;253;212;194;48;2;254;219;202m▀[38;2;247;216;200;48;2;254;229;212m▀[38;2;248;225;209;48;2;252;235;219m▀[38;2;188;166;153;48;2;187;170;157m▀[38;2;247;238;228;48;2;251;243;232m▀[38;2;254;249;237;48;2;254;246;237m▀[38;2;214;198;188;48;2;211;195;186m▀[38;2;187;174;161;48;2;187;176;163m▀[38;2;253;247;242;48;2;253;249;239m▀[38;2;236;230;227;48;2;250;246;238m▀[38;2;94;68;75;48;2;90;69;71m▀[38;2;142;106;145;48;2;96;72;116m▀[38;2;156;138;157;48;2;121;108;130m▀[38;2;207;198;203;48;2;251;250;251m▀[38;2;121;95;132;48;2;153;150;152m▀[38;2;132;110;154;48;2;145;138;143m▀[38;2;88;69;112;48;2;193;184;188m▀[38;2;72;55;87;48;2;121;111;120m▀[38;2;80;60;90;48;2;97;75;122m▀[38;2;111;89;92;48;2;90;64;78m▀[38;2;253;251;249;48;2;248;244;241m▀[38;2;254;253;255;48;2;255;253;254m▀[38;2;230;223;221;48;2;249;248;248m▀[38;2;204;158;146;48;2;188;148;143m▀[38;2;157;110;97;48;2;159;121;110m▀[38;2;238;204;188;48;2;235;210;188m▀[38;2;161;112;100;48;2;183;134;114m▀[38;2;243;182;156;48;2;238;175;147m▀[38;2;240;180;155;48;2;217;155;126m▀[38;2;248;212;192;48;2;244;192;165m▀[38;2;246;198;174;48;2;241;177;146m▀[38;2;242;181;150;48;2;239;169;134m▀[38;2;239;167;134;48;2;237;165;130m▀[38;2;230;154;123;48;2;225;146;116m▀[38;2;206;123;93;48;2;167;90;67m▀[38;2;244;164;131;48;2;235;157;121m▀[38;2;240;162;129;48;2;244;165;130m▀[38;2;137;74;63;48;2;188;117;97m▀[38;2;125;64;54;48;2;176;105;86m▀[38;2;105;45;41;48;2;178;102;88m▀[38;2;151;78;73;48;2;127;54;52m▀[0m
[38;2;255;255;255;48;2;255;255;255m▀▀▀▀▀▀▀[38;2;255;255;253;48;2;255;255;253m▀[38;2;193;182;176;48;2;169;162;147m▀[38;2;171;148;137;48;2;220;204;174m▀[38;2;159;139;124;48;2;196;179;160m▀[38;2;154;132;113;48;2;142;122;112m▀[38;2;239;215;185;48;2;155;138;117m▀[38;2;168;138;118;48;2;235;220;188m▀[38;2;215;206;194;48;2;152;144;126m▀[38;2;250;248;240;48;2;237;234;226m▀[38;2;169;111;98;48;2;160;100;89m▀[38;2;233;154;115;48;2;229;146;109m▀[38;2;222;140;108;48;2;222;137;108m▀[38;2;174;90;72;48;2;186;100;85m▀[38;2;200;109;92;48;2;187;99;85m▀[38;2;202;110;89;48;2;201;109;88m▀[38;2;202;112;88;48;2;202;111;89m▀[38;2;229;141;114;48;2;212;123;97m▀[38;2;228;147;125;48;2;222;142;117m▀[38;2;167;92;79;48;2;172;98;84m▀[38;2;168;94;77;48;2;182;109;91m▀[38;2;200;127;111;48;2;192;121;104m▀[38;2;185;132;125;48;2;152;99;93m▀[38;2;99;48;44;48;2;58;11;8m▀[38;2;86;45;44;48;2;155;126;129m▀[38;2;203;168;171;48;2;233;215;224m▀[38;2;167;131;132;48;2;169;133;135m▀[38;2;230;214;222;48;2;209;186;189m▀[38;2;229;220;225;48;2;241;230;230m▀[38;2;229;208;214;48;2;149;115;120m▀[38;2;212;185;189;48;2;195;143;156m▀[38;2;190;162;164;48;2;179;128;142m▀[38;2;209;182;176;48;2;103;67;68m▀[38;2;252;232;217;48;2;201;185;172m▀[38;2;253;237;220;48;2;254;242;226m▀[38;2;252;238;219;48;2;253;241;223m▀[38;2;183;172;157;48;2;184;176;162m▀[38;2;252;248;234;48;2;251;249;236m▀[38;2;252;246;235;48;2;252;244;234m▀[38;2;182;167;158;48;2;133;122;112m▀[38;2;214;208;196;48;2;249;246;232m▀[38;2;254;247;236;48;2;254;247;233m▀[38;2;252;249;238;48;2;254;249;237m▀[38;2;129;116;113;48;2;212;207;199m▀[38;2;86;61;110;48;2;107;94;105m▀[38;2;92;80;105;48;2;214;208;213m▀[38;2;250;249;251;48;2;239;235;238m▀[38;2;253;253;254;48;2;248;245;248m▀[38;2;252;249;250;48;2;168;157;179m▀[38;2;151;140;159;48;2;158;138;200m▀[38;2;151;133;202;48;2;170;151;220m▀[38;2;143;127;196;48;2;178;162;226m▀[38;2;121;103;132;48;2;179;165;203m▀[38;2;246;240;241;48;2;250;246;251m▀[38;2;255;251;255;48;2;255;251;255m▀[38;2;253;249;252;48;2;254;250;252m▀[38;2;141;113;112;48;2;189;180;174m▀[38;2;212;190;184;48;2;251;241;232m▀[38;2;212;187;173;48;2;189;160;152m▀[38;2;213;156;135;48;2;242;179;161m▀[38;2;235;167;141;48;2;216;145;124m▀[38;2;211;143;117;48;2;224;153;128m▀[38;2;246;180;150;48;2;247;178;147m▀[38;2;245;173;141;48;2;246;173;140m▀[38;2;243;168;134;48;2;243;169;134m▀[38;2;243;166;130;48;2;243;167;133m▀[38;2;224;144;115;48;2;218;139;113m▀[38;2;106;39;34;48;2;114;54;45m▀[38;2;212;137;107;48;2;164;97;80m▀[38;2;244;165;131;48;2;241;164;130m▀[38;2;225;149;117;48;2;241;167;129m▀[38;2;164;85;71;48;2;155;83;66m▀[38;2;197;110;91;48;2;190;124;102m▀[38;2;199;108;94;48;2;218;172;150m▀[0m
[38;2;255;255;255;48;2;255;255;255m▀▀▀▀▀▀▀▀[38;2;250;250;244;48;2;254;254;253m▀[38;2;158;153;136;48;2;248;245;241m▀[38;2;182;159;144;48;2;122;102;94m▀[38;2;112;88;79;48;2;193;177;165m▀[38;2;125;106;96;48;2;251;250;231m▀[38;2;181;158;137;48;2;208;199;184m▀[38;2;229;212;188;48;2;178;153;135m▀[38;2;155;143;132;48;2;210;186;167m▀[38;2;162;99;91;48;2;130;67;59m▀[38;2;221;137;102;48;2;215;128;97m▀[38;2;216;130;104;48;2;216;128;104m▀[38;2;199;111;98;48;2;201;111;98m▀[38;2;175;88;76;48;2;171;86;75m▀[38;2;201;109;90;48;2;200;109;90m▀[38;2;204;112;91;48;2;205;113;92m▀[38;2;206;114;93;48;2;206;114;93m▀[38;2;216;131;106;48;2;210;123;99m▀[38;2;180;107;90;48;2;201;123;102m▀[38;2;190;120;103;48;2;173;106;90m▀[38;2;171;105;88;48;2;170;106;90m▀[38;2;124;69;61;48;2;150;92;83m▀[38;2;64;16;14;48;2;75;25;21m▀[38;2;204;177;181;48;2;221;197;200m▀[38;2;230;218;229;48;2;237;225;237m▀[38;2;215;194;201;48;2;247;239;245m▀[38;2;161;145;148;48;2;223;220;223m▀[38;2;247;240;242;48;2;240;232;238m▀[38;2;134;97;109;48;2;119;84;100m▀[38;2;203;145;172;48;2;154;113;139m▀[38;2;198;144;173;48;2;149;112;138m▀[38;2;199;162;176;48;2;199;160;190m▀[38;2;122;93;89;48;2;163;127;141m▀[38;2;185;169;157;48;2;112;83;82m▀[38;2;244;234;224;48;2;161;145;141m▀[38;2;191;183;173;48;2;228;220;210m▀[38;2;253;246;236;48;2;254;246;235m▀[38;2;244;236;226;48;2;254;246;234m▀[38;2;205;197;186;48;2;254;249;233m▀[38;2;255;250;231;48;2;254;250;231m▀[38;2;254;250;231;48;2;253;251;231m▀[38;2;255;250;232;48;2;255;251;232m▀[38;2;254;250;236;48;2;254;250;234m▀[38;2;243;237;233;48;2;244;236;232m▀[38;2;139;126;132;48;2;121;101;112m▀[38;2;139;124;166;48;2;206;187;228m▀[38;2;177;166;187;48;2;203;189;213m▀[38;2;180;168;184;48;2;169;162;163m▀[38;2;195;178;211;48;2;246;241;240m▀[38;2;216;204;236;48;2;233;222;244m▀[38;2;202;187;234;48;2;180;161;218m▀[38;2;209;194;218;48;2;242;230;237m▀[38;2;254;249;250;48;2;252;236;231m▀[38;2;254;246;243;48;2;249;225;214m▀[38;2;254;240;232;48;2;253;224;208m▀[38;2;252;237;221;48;2;250;218;205m▀[38;2;252;239;223;48;2;218;188;177m▀[38;2;182;143;128;48;2;211;164;146m▀[38;2;243;182;162;48;2;233;173;150m▀[38;2;185;120;98;48;2;179;117;94m▀[38;2;246;176;150;48;2;247;179;152m▀[38;2;246;178;146;48;2;243;176;145m▀[38;2;243;174;138;48;2;245;177;142m▀[38;2;241;171;135;48;2;244;174;139m▀[38;2;244;171;136;48;2;241;169;135m▀[38;2;210;133;110;48;2;197;120;101m▀[38;2;156;106;98;48;2;166;120;113m▀[38;2;154;102;88;48;2;156;115;104m▀[38;2;233;165;135;48;2;221;165;143m▀[38;2;242;184;148;48;2;239;171;143m▀[38;2;192;136;120;48;2;177;104;91m▀[38;2;211;152;136;48;2;192;121;106m▀[38;2;199;121;108;48;2;206;137;122m▀[0m
[38;2;255;255;255;48;2;255;255;255m▀▀▀▀▀▀▀▀[38;2;254;254;253;48;2;254;254;252m▀[38;2;254;253;252;48;2;246;246;243m▀[38;2;187;174;165;48;2;149;130;123m▀[38;2;192;144;142;48;2;133;89;88m▀[38;2;191;177;163;48;2;137;100;95m▀[38;2;252;248;231;48;2;114;83;78m▀[38;2;210;196;182;48;2;138;111;105m▀[38;2;197;173;155;48;2;126;96;88m▀[38;2;178;142;128;48;2;243;216;200m▀[38;2;183;106;89;48;2;147;103;89m▀[38;2;210;123;102;48;2;199;113;95m▀[38;2;201;113;93;48;2;202;113;92m▀[38;2;188;102;84;48;2;203;112;92m▀[38;2;183;98;80;48;2;161;81;66m▀[38;2;206;115;94;48;2;204;115;97m▀[38;2;207;116;97;48;2;207;116;98m▀[38;2;211;124;102;48;2;212;123;104m▀[38;2;213;131;111;48;2;216;131;113m▀[38;2;163;99;84;48;2;169;106;94m▀[38;2;175;115;101;48;2;206;146;136m▀[38;2;167;110;101;48;2;158;104;96m▀[38;2;86;33;28;48;2;98;43;38m▀[38;2;228;207;208;48;2;224;207;206m▀[38;2;242;237;245;48;2;250;249;253m▀[38;2;253;253;253;48;2;254;254;254m▀[38;2;254;254;254m▀[38;2;249;242;247;48;2;253;249;253m▀[38;2;96;66;83;48;2;115;96;108m▀[38;2;133;105;133;48;2;92;81;105m▀[38;2;180;160;177;48;2;194;189;197m▀[38;2;141;109;150;48;2;155;142;168m▀[38;2;161;122;178;48;2;134;106;161m▀[38;2;110;76;101;48;2;106;73;105m▀[38;2;150;132;132;48;2;109;82;87m▀[38;2;253;246;232;48;2;254;245;230m▀[38;2;255;248;231;48;2;255;249;230m▀[38;2;255;250;230;48;2;255;250;230m▀[38;2;255;251;231;48;2;255;251;231m▀▀▀[38;2;255;251;232;48;2;255;251;232m▀▀[38;2;254;250;237;48;2;254;251;232m▀[38;2;226;215;216;48;2;252;245;230m▀[38;2;190;170;215;48;2;243;232;227m▀[38;2;233;221;238;48;2;230;214;219m▀[38;2;218;216;211;48;2;232;216;218m▀[38;2;232;232;223;48;2;251;230;225m▀[38;2;225;212;215;48;2;247;217;206m▀[38;2;244;227;226;48;2;253;221;207m▀[38;2;254;227;216;48;2;254;214;200m▀[38;2;248;212;199;48;2;250;210;196m▀[38;2;249;211;197;48;2;248;209;194m▀[38;2;254;213;198;48;2;253;210;197m▀[38;2;249;209;198;48;2;223;183;172m▀[38;2;184;143;132;48;2;193;149;137m▀[38;2;236;182;166;48;2;225;172;159m▀[38;2;194;137;120;48;2;166;112;97m▀[38;2;207;147;125;48;2;235;177;153m▀[38;2;244;179;152;48;2;245;183;155m▀[38;2;244;178;146;48;2;244;180;150m▀[38;2;246;178;145;48;2;244;179;148m▀[38;2;246;178;143;48;2;246;178;148m▀[38;2;228;158;123;48;2;211;145;114m▀[38;2;176;109;89;48;2;172;116;94m▀[38;2;184;144;136;48;2;184;148;136m▀[38;2;97;59;52;48;2;153;118;105m▀[38;2;170;122;105;48;2;173;132;116m▀[38;2;238;193;159;48;2;238;179;151m▀[38;2;204;153;135;48;2;200;135;121m▀[38;2;211;150;132;48;2;178;112;94m▀[38;2;173;112;99;48;2;154;97;83m▀[0m
[38;2;255;255;255;48;2;255;255;255m▀▀▀▀[48;2;255;255;254m▀▀▀[38;2;255;255;252;48;2;255;254;251m▀[38;2;251;254;249;48;2;251;254;248m▀[38;2;166;150;147;48;2;167;150;145m▀[38;2;222;197;190;48;2;225;180;178m▀[38;2;252;246;230;48;2;249;229;219m▀[38;2;253;246;233;48;2;230;223;209m▀[38;2;254;245;236;48;2;196;189;177m▀[38;2;243;235;226;48;2;191;185;175m▀[38;2;190;175;169;48;2;187;176;168m▀[38;2;124;100;91;48;2;139;115;109m▀[38;2;199;172;148;48;2;136;106;92m▀[38;2;152;89;78;48;2;187;155;142m▀[38;2;206;110;97;48;2;171;100;83m▀[38;2;206;112;92;48;2;195;114;90m▀[38;2;136;72;62;48;2;154;118;112m▀[38;2;136;86;77;48;2;242;236;235m▀[38;2;161;119;104;48;2;252;253;249m▀[38;2;163;119;104;48;2;252;254;237m▀[38;2;157;103;87;48;2;253;253;219m▀[38;2;141;86;74;48;2;241;233;202m▀[38;2;184;130;118;48;2;154;118;103m▀[38;2;132;78;70;48;2;174;124;113m▀[38;2;109;52;46;48;2;116;59;54m▀[38;2;211;185;185;48;2;179;135;139m▀[38;2;252;251;253;48;2;253;252;254m▀[38;2;254;254;254;48;2;255;253;255m▀▀[38;2;254;252;254;48;2;253;253;253m▀[38;2;182;169;177;48;2;240;236;239m▀[38;2;84;73;87;48;2;186;179;183m▀[38;2;168;165;170;48;2;253;248;253m▀[38;2;225;220;227;48;2;254;249;253m▀[38;2;174;161;175;48;2;161;151;164m▀[38;2;112;86;119;48;2;168;150;214m▀[38;2;92;63;82;48;2;144;120;171m▀[38;2;238;229;217;48;2;214;205;198m▀[38;2;254;249;230;48;2;254;248;231m▀[38;2;255;251;231;48;2;255;250;230m▀[48;2;255;251;231m▀▀▀[38;2;255;251;232;48;2;255;251;232m▀▀[38;2;255;250;231;48;2;255;250;232m▀[38;2;253;243;225;48;2;254;244;226m▀[38;2;252;234;216;48;2;253;235;216m▀[38;2;250;226;209;48;2;254;225;207m▀[38;2;249;215;199;48;2;245;210;194m▀[38;2;254;215;201;48;2;254;214;198m▀[38;2;248;205;190;48;2;246;205;190m▀[38;2;254;217;203;48;2;251;217;202m▀[38;2;247;207;193;48;2;247;212;196m▀[38;2;249;211;196;48;2;251;219;202m▀[38;2;246;209;194;48;2;250;218;203m▀[38;2;252;215;200;48;2;210;177;166m▀[38;2;176;135;125;48;2;206;161;153m▀[38;2;231;181;171;48;2;228;178;169m▀[38;2;195;144;132;48;2;122;71;64m▀[38;2;157;103;89;48;2;194;140;127m▀[38;2;242;184;161;48;2;243;186;165m▀[38;2;245;185;158;48;2;244;185;161m▀[38;2;245;181;153;48;2;245;184;157m▀[38;2;249;185;156;48;2;239;176;148m▀[38;2;237;172;145;48;2;212;147;124m▀[38;2;220;159;138;48;2;194;134;117m▀[38;2;144;100;81;48;2;162;128;81m▀[38;2;217;190;147;48;2;236;213;138m▀[38;2;115;78;62;48;2;120;82;67m▀[38;2;134;87;73;48;2;128;81;67m▀[38;2;246;175;152;48;2;241;173;150m▀[38;2;219;145;131;48;2;225;152;135m▀[38;2;173;103;88;48;2;176;106;92m▀[38;2;162;109;94;48;2;167;113;95m▀[0m
[38;2;255;255;253;48;2;255;255;253m▀▀[48;2;255;255;252m▀[38;2;255;255;252;48;2;255;255;251m▀[38;2;255;255;250;48;2;254;255;249m▀[48;2;255;254;247m▀[48;2;255;255;247m▀▀[38;2;253;254;249;48;2;254;254;249m▀[38;2;202;193;189;48;2;248;247;240m▀[38;2;199;149;146;48;2;152;111;105m▀[38;2;207;166;156;48;2;249;196;186m▀[38;2;220;213;194;48;2;252;247;226m▀[38;2;252;247;230;48;2;231;224;207m▀[38;2;252;247;229;48;2;146;117;106m▀[38;2;195;185;170;48;2;208;157;147m▀[38;2;147;105;97;48;2;233;181;173m▀[38;2;107;66;57;48;2;136;90;83m▀[38;2;233;200;185;48;2;120;90;78m▀[38;2;154;114;98;48;2;202;176;153m▀[38;2;167;100;86;48;2;127;92;62m▀[38;2;229;219;207;48;2;233;220;183m▀[38;2;254;253;248;48;2;255;254;229m▀[38;2;254;254;250;48;2;255;255;231m▀[38;2;252;254;240;48;2;251;255;218m▀[38;2;252;254;226;48;2;246;248;199m▀[38;2;254;253;215;48;2;250;251;209m▀[38;2;225;221;186;48;2;253;252;215m▀[38;2;141;113;95;48;2;227;219;195m▀[38;2;194;150;143;48;2;133;101;93m▀[38;2;140;89;93;48;2;162;114;117m▀[38;2;251;242;246;48;2;153;126;132m▀[38;2;254;253;255;48;2;226;220;222m▀[38;2;254;253;254;48;2;253;251;253m▀[38;2;255;255;255;48;2;254;255;255m▀[38;2;254;255;255;48;2;253;255;255m▀[38;2;243;242;242;48;2;242;242;243m▀[38;2;156;150;167;48;2;176;169;203m▀[38;2;162;150;168;48;2;215;202;228m▀[38;2;188;177;185;48;2;174;161;170m▀[38;2;222;214;232;48;2;229;226;227m▀[38;2;197;188;214;48;2;221;217;219m▀[38;2;235;226;227;48;2;250;246;240m▀[38;2;255;249;234;48;2;255;249;231m▀[38;2;255;251;231;48;2;255;251;232m▀▀[48;2;255;251;231m▀▀[38;2;255;251;232;48;2;254;251;232m▀▀[38;2;253;250;231;48;2;231;223;208m▀[38;2;252;246;228;48;2;190;163;154m▀[38;2;253;237;217;48;2;184;143;128m▀[38;2;253;227;206;48;2;189;141;125m▀[38;2;248;218;197;48;2;194;155;136m▀[38;2;252;220;201;48;2;218;190;170m▀[38;2;244;210;193;48;2;252;224;204m▀[38;2;249;220;203;48;2;252;232;213m▀[38;2;251;223;204;48;2;253;233;216m▀[38;2;252;227;209;48;2;246;227;211m▀[38;2;237;216;203;48;2;175;147;139m▀[38;2;183;145;138;48;2;244;203;198m▀[38;2;243;192;186;48;2;183;152;145m▀[38;2;176;141;131;48;2;226;217;202m▀[38;2;174;136;126;48;2;171;143;132m▀[38;2;231;174;165;48;2;243;186;176m▀[38;2;243;184;169;48;2;243;183;171m▀[38;2;245;184;164;48;2;241;179;163m▀[38;2;239;178;155;48;2;222;161;142m▀[38;2;219;157;133;48;2;219;156;137m▀[38;2;216;151;131;48;2;219;155;135m▀[38;2;148;90;75;48;2;150;106;81m▀[38;2;226;203;121;48;2;253;236;148m▀[38;2;250;229;136;48;2;254;235;147m▀[38;2;118;82;65;48;2;141;107;87m▀[38;2;137;91;83;48;2;148;102;96m▀[38;2;227;162;139;48;2;208;147;128m▀[38;2;222;152;135;48;2;208;148;131m▀[38;2;178;111;97;48;2;183;122;109m▀[38;2;170;114;97;48;2;175;115;102m▀[0m
[38;2;255;255;252;48;2;255;254;250m▀[38;2;255;255;251;48;2;255;254;249m▀[38;2;255;255;250m▀[38;2;254;255;249;48;2;255;255;247m▀[38;2;255;255;247;48;2;255;255;246m▀[38;2;255;255;246;48;2;255;255;245m▀[38;2;255;255;245;48;2;255;255;244m▀▀[38;2;255;255;247m▀[38;2;255;254;247;48;2;255;255;246m▀[38;2;138;117;111;48;2;211;204;196m▀[38;2;193;140;134;48;2;169;127;121m▀[38;2;233;214;200;48;2;119;75;71m▀[38;2;142;123;110;48;2;118;85;76m▀[38;2;202;184;159;48;2;246;234;201m▀[38;2;220;170;159;48;2;128;97;82m▀[38;2;103;51;48;48;2;175;126;124m▀[38;2;138;92;88;48;2;165;120;118m▀[38;2;174;137;123;48;2;121;84;64m▀[38;2;124;94;70;48;2;221;196;135m▀[38;2;221;201;136;48;2;242;237;168m▀[38;2;246;242;193;48;2;252;252;222m▀[38;2;254;254;217;48;2;236;239;184m▀[38;2;254;254;215;48;2;241;243;189m▀[38;2;253;254;208;48;2;254;254;203m▀[38;2;249;252;201;48;2;248;250;200m▀[38;2;250;252;207;48;2;248;249;200m▀[38;2;242;241;192;48;2;230;227;166m▀[38;2;243;236;190;48;2;240;237;167m▀[38;2;153;132;106;48;2;179;162;117m▀[38;2;233;226;223;48;2;173;149;153m▀[38;2;239;237;235;48;2;231;226;225m▀[38;2;168;160;161;48;2;253;253;249m▀[38;2;148;140;141;48;2;249;247;244m▀[38;2;236;231;233;48;2;163;157;156m▀[38;2;253;254;254;48;2;227;222;223m▀[38;2;253;252;253;48;2;255;248;250m▀[38;2;233;226;240;48;2;254;243;245m▀[38;2;208;198;221;48;2;253;236;231m▀[38;2;222;212;223;48;2;252;229;216m▀[38;2;250;244;243;48;2;253;230;216m▀[38;2;251;242;240;48;2;254;233;222m▀[38;2;254;244;237;48;2;254;241;230m▀[38;2;254;247;232;48;2;254;245;233m▀[38;2;255;249;233;48;2;255;249;235m▀[38;2;255;250;231;48;2;254;249;231m▀[38;2;254;250;231;48;2;209;190;179m▀[38;2;253;251;232;48;2;192;152;146m▀[38;2;243;238;222;48;2;202;130;119m▀[38;2;192;155;145;48;2;250;157;133m▀[38;2;206;134;117;48;2;251;161;131m▀[38;2;250;169;142;48;2;252;176;150m▀[38;2;253;188;170;48;2;255;198;176m▀[38;2;254;193;181;48;2;254;195;179m▀[38;2;252;196;179;48;2;250;196;179m▀[38;2;220;172;155;48;2;251;198;182m▀[38;2;204;181;163;48;2;220;177;166m▀[38;2;253;243;227;48;2;130;100;94m▀[38;2;221;207;194;48;2;157;137;131m▀[38;2;168;147;140;48;2;176;156;147m▀[38;2;237;203;196;48;2;183;167;154m▀[38;2;176;150;140;48;2;245;241;224m▀[38;2;229;219;206;48;2;249;249;234m▀[38;2;250;250;232;48;2;166;143;137m▀[38;2;173;138;131;48;2;209;163;157m▀[38;2;242;183;175;48;2;239;181;171m▀[38;2;236;177;163;48;2;234;176;163m▀[38;2;228;168;153;48;2;229;171;157m▀[38;2;223;162;144;48;2;229;169;153m▀[38;2;223;163;145;48;2;222;163;148m▀[38;2;169;116;101;48;2;147;114;94m▀[38;2;215;194;143;48;2;253;247;176m▀[38;2;255;244;164;48;2;255;244;169m▀[38;2;254;240;159;48;2;253;242;166m▀[38;2;183;163;113;48;2;244;231;162m▀[38;2;145;104;93;48;2;123;91;74m▀[38;2;198;144;124;48;2;195;145;130m▀[38;2;189;134;117;48;2;173;123;106m▀[38;2;181;124;111;48;2;182;129;118m▀[38;2;174;114;102;48;2;206;145;136m▀[0m
[38;2;255;254;249;48;2;254;254;247m▀[48;2;254;254;246m▀[38;2;255;255;247;48;2;254;254;245m▀[38;2;255;255;246;48;2;254;254;244m▀[38;2;255;255;245;48;2;254;254;242m▀[38;2;255;255;243;48;2;254;255;241m▀▀[38;2;255;255;242;48;2;254;255;239m▀[38;2;254;255;240;48;2;254;255;237m▀[38;2;254;255;239;48;2;254;255;235m▀[38;2;253;253;243;48;2;253;254;239m▀[38;2;193;178;172;48;2;253;253;244m▀[38;2;181;139;134;48;2;211;200;193m▀[38;2;196;156;147;48;2;140;105;98m▀[38;2;166;135;118;48;2;131;100;86m▀[38;2;200;171;153;48;2;148;119;103m▀[38;2;169;129;117;48;2;152;119;101m▀[38;2;99;56;48;48;2;156;123;101m▀[38;2;160;134;93;48;2;230;212;145m▀[38;2;225;214;139;48;2;238;236;160m▀[38;2;243;241;183;48;2;236;232;168m▀[38;2;253;254;204;48;2;252;251;194m▀[38;2;247;247;193;48;2;250;251;198m▀[38;2;235;233;169;48;2;250;249;199m▀[38;2;240;237;175;48;2;212;191;155m▀[38;2;234;227;183;48;2;134;110;95m▀[38;2;235;227;180;48;2;131;115;96m▀[38;2;247;242;185;48;2;151;142;111m▀[38;2;221;214;143;48;2;196;184;136m▀[38;2;232;221;147;48;2;243;232;175m▀[38;2;223;210;146;48;2;247;238;178m▀[38;2;178;165;145;48;2;165;148;131m▀[38;2;254;251;248;48;2;251;242;238m▀[38;2;254;254;249;48;2;254;253;245m▀[38;2;252;250;243;48;2;242;239;226m▀[38;2;184;168;162;48;2;196;174;163m▀[38;2;250;222;212;48;2;180;146;133m▀[38;2;252;220;208;48;2;233;197;181m▀[38;2;246;211;194;48;2;243;206;187m▀[38;2;253;217;197;48;2;250;212;192m▀[38;2;250;217;198;48;2;246;212;194m▀[38;2;254;231;216;48;2;253;232;215m▀[38;2;253;239;226;48;2;251;239;224m▀[38;2;253;245;233;48;2;252;246;231m▀[38;2;254;247;233;48;2;253;246;232m▀[38;2;206;169;148;48;2;234;162;137m▀[38;2;238;145;119;48;2;253;155;124m▀[38;2;252;157;129;48;2;253;157;129m▀[38;2;252;156;131;48;2;252;158;130m▀[38;2;252;162;136;48;2;251;178;158m▀[38;2;252;177;154;48;2;254;201;186m▀[38;2;254;194;177;48;2;254;202;187m▀[38;2;255;201;184;48;2;253;204;188m▀[38;2;255;200;183;48;2;251;205;188m▀[38;2;251;202;185;48;2;250;207;190m▀[38;2;254;205;187;48;2;252;209;192m▀[38;2;252;205;193;48;2;239;200;185m▀[38;2;190;169;159;48;2;210;203;185m▀[38;2;222;215;202;48;2;252;248;232m▀[38;2;250;245;231;48;2;253;249;234m▀[38;2;253;251;232;48;2;221;212;198m▀[38;2;244;241;224;48;2;96;54;51m▀[38;2;128;111;104;48;2;57;8;8m▀[38;2;95;54;52;48;2;182;130;131m▀[38;2;241;185;183;48;2;246;192;189m▀[38;2;238;183;176;48;2;242;188;184m▀[38;2;233;181;169;48;2;238;186;178m▀[38;2;230;177;167;48;2;234;185;176m▀[38;2;232;178;174;48;2;189;143;135m▀[38;2;152;105;94;48;2;185;154;110m▀[38;2;230;213;149;48;2;254;236;145m▀[38;2;254;246;170;48;2;254;238;144m▀[38;2;254;244;164;48;2;254;239;146m▀[38;2;255;241;163;48;2;253;237;155m▀[38;2;253;238;163;48;2;254;237;160m▀[38;2;184;161;115;48;2;228;208;146m▀[38;2;190;147;133;48;2;201;160;147m▀[38;2;163;114;104;48;2;164;117;110m▀[38;2;212;160;149;48;2;228;178;166m▀[38;2;197;141;131;48;2;207;155;143m▀[0m
[38;2;254;254;246;48;2;254;254;246m▀[38;2;254;254;245;48;2;254;254;245m▀[38;2;254;254;243;48;2;254;254;243m▀[38;2;254;254;242;48;2;254;254;242m▀▀[38;2;254;255;241;48;2;254;255;241m▀[38;2;254;255;240;48;2;254;255;239m▀[38;2;254;255;236;48;2;254;255;235m▀[38;2;253;255;234;48;2;253;255;234m▀▀[38;2;254;254;234m▀[38;2;253;254;238;48;2;252;255;235m▀[38;2;253;251;239;48;2;202;196;182m▀[38;2;164;148;138;48;2;121;99;86m▀[38;2;236;221;198;48;2;150;130;109m▀[38;2;178;157;134;48;2;173;156;133m▀[38;2;169;142;118;48;2;166;141;118m▀[38;2;132;102;79;48;2;135;108;92m▀[38;2;232;217;135;48;2;175;153;138m▀[38;2;232;220;141;48;2;177;157;139m▀[38;2;243;235;163;48;2;167;152;114m▀[38;2;232;228;160;48;2;192;182;125m▀[38;2;230;226;164;48;2;239;230;167m▀[38;2;249;245;203;48;2;192;177;149m▀[38;2;138;101;86;48;2;188;125;116m▀[38;2;209;171;158;48;2;234;172;162m▀[38;2;250;244;233;48;2;227;204;193m▀[38;2;244;241;232;48;2;245;239;232m▀[38;2;193;183;176;48;2;250;246;247m▀[38;2;155;131;120;48;2;241;213;202m▀[38;2;147;117;95;48;2;241;211;193m▀[38;2;149;123;117;48;2;198;186;177m▀[38;2;241;225;213;48;2;150;137;125m▀[38;2;241;234;215;48;2;176;165;146m▀[38;2;238;232;210;48;2;250;245;223m▀[38;2;245;232;211;48;2;254;250;230m▀[38;2;229;208;188;48;2;253;250;238m▀[38;2;159;134;117;48;2;247;241;233m▀[38;2;139;107;91;48;2;238;218;203m▀[38;2;209;175;158;48;2;166;135;119m▀[38;2;251;223;204;48;2;238;214;198m▀[38;2;253;233;216;48;2;253;234;217m▀[38;2;252;241;223;48;2;253;243;225m▀[38;2;253;248;229;48;2;255;250;231m▀[38;2;242;237;222;48;2;246;242;228m▀[38;2;214;142;119;48;2;209;139;118m▀[38;2;254;152;122;48;2;254;160;136m▀[38;2;253;157;132;48;2;254;188;169m▀[38;2;251;167;145;48;2;254;201;186m▀[38;2;254;196;180;48;2;254;203;190m▀[38;2;255;199;184;48;2;254;209;196m▀[38;2;254;203;190;48;2;255;212;199m▀[38;2;253;207;193;48;2;255;214;202m▀[38;2;254;212;196;48;2;255;220;203m▀[38;2;251;214;197;48;2;252;226;208m▀[38;2;250;215;197;48;2;195;168;151m▀[38;2;189;168;151;48;2;234;226;208m▀[38;2;243;238;222;48;2;217;209;199m▀[38;2;251;244;230;48;2;104;70;64m▀[38;2;165;150;137;48;2;134;79;72m▀[38;2;61;19;13;48;2;92;44;36m▀[38;2;71;25;20;48;2;183;147;138m▀[38;2;140;97;92;48;2;203;164;161m▀[38;2;243;197;193;48;2;246;202;199m▀[38;2;246;197;193;48;2;246;198;194m▀[38;2;245;196;193;48;2;245;197;194m▀[38;2;240;192;194;48;2;216;174;170m▀[38;2;213;169;162;48;2;150;121;89m▀[38;2;155;124;85;48;2;249;230;144m▀[38;2;251;231;144;48;2;252;237;138m▀[38;2;252;234;131;48;2;252;234;132m▀[38;2;252;234;126;48;2;253;234;122m▀[38;2;250;234;123;48;2;251;234;120m▀[38;2;250;237;119;48;2;249;235;116m▀[38;2;251;234;123;48;2;250;231;111m▀[38;2;202;176;111;48;2;193;157;116m▀[38;2;178;140;129;48;2;165;130;105m▀[38;2;136;96;80;48;2;245;222;129m▀[38;2;205;160;148;48;2;179;145;92m▀[38;2;233;185;175;48;2;156;113;104m▀[0m
[38;2;254;254;244;48;2;254;254;244m▀▀▀▀[38;2;254;254;245;48;2;254;254;245m▀[38;2;254;255;241;48;2;254;255;241m▀[38;2;254;255;236;48;2;254;255;236m▀[38;2;253;255;233;48;2;253;255;233m▀[38;2;253;255;235;48;2;254;255;237m▀[38;2;254;255;237;48;2;252;253;236m▀[38;2;252;254;234;48;2;187;176;160m▀[38;2;252;253;231;48;2;143;112;98m▀[38;2;166;140;131;48;2;218;186;174m▀[38;2;166;139;128;48;2;224;190;179m▀[38;2;199;183;174;48;2;201;161;146m▀[38;2;243;231;219;48;2;216;169;152m▀[38;2;216;188;170;48;2;226;173;156m▀[38;2;206;170;152;48;2;221;165;148m▀[38;2;225;201;189;48;2;205;148;133m▀[38;2;251;241;236;48;2;185;127;112m▀[38;2;252;247;245;48;2;193;155;147m▀[38;2;218;211;205;48;2;240;229;228m▀[38;2;173;156;143;48;2;250;253;250m▀[38;2;105;70;61;48;2;201;191;191m▀[38;2;168;107;97;48;2;99;61;54m▀[38;2;245;178;160;48;2;210;152;131m▀[38;2;242;179;160;48;2;239;179;156m▀[38;2;222;162;147;48;2;244;184;164m▀[38;2;208;147;134;48;2;242;189;171m▀[38;2;206;146;133;48;2;245;197;182m▀[38;2;198;146;128;48;2;249;190;177m▀[38;2;201;169;151;48;2;239;179;165m▀[38;2;245;226;216;48;2;183;130;115m▀[38;2;225;182;181;48;2;224;191;178m▀[38;2;163;129;119;48;2;245;213;205m▀[38;2;212;199;184;48;2;200;160;158m▀[38;2;253;252;244;48;2;191;172;173m▀[38;2;253;253;250;48;2;252;251;247m▀[38;2;249;244;238;48;2;253;253;250m▀[38;2;237;216;200;48;2;251;243;234m▀[38;2;121;98;85;48;2;177;159;146m▀[38;2;156;138;124;48;2;220;203;188m▀[38;2;237;227;210;48;2;98;81;68m▀[38;2;252;247;229;48;2;216;207;191m▀[38;2;253;249;234;48;2;253;247;230m▀[38;2;209;192;175;48;2;252;249;233m▀[38;2;217;138;128;48;2;224;213;196m▀[38;2;252;197;186;48;2;200;162;151m▀[38;2;251;208;194;48;2;218;164;157m▀[38;2;252;211;197;48;2;220;170;162m▀[38;2;250;217;200;48;2;231;200;186m▀[38;2;251;228;211;48;2;254;247;228m▀[38;2;252;230;214;48;2;253;247;231m▀[38;2;251;231;217;48;2;220;211;198m▀[38;2;226;202;187;48;2;140;113;102m▀[38;2;228;213;196;48;2;66;19;15m▀[38;2;131;111;100;48;2;95;39;34m▀[38;2;81;36;29;48;2;219;145;134m▀[38;2;196;128;112;48;2;230;160;140m▀[38;2;228;162;147;48;2;226;159;140m▀[38;2;124;77;69;48;2;131;85;82m▀[38;2;165;127;126;48;2;242;203;207m▀[38;2;252;209;211;48;2;253;210;215m▀[38;2;251;206;210;48;2;239;196;203m▀[38;2;249;206;206;48;2;162;126;129m▀[38;2;197;157;154;48;2;197;170;171m▀[38;2;106;72;59;48;2;197;173;180m▀[38;2;233;211;145;48;2;116;90;84m▀[38;2;253;239;133;48;2;188;169;105m▀[38;2;252;239;134;48;2;250;233;150m▀[38;2;254;242;146;48;2;252;241;170m▀[38;2;252;235;131;48;2;252;242;175m▀[38;2;249;233;116;48;2;252;233;157m▀[38;2;250;234;117;48;2;246;231;156m▀[38;2;240;214;125;48;2;138;107;71m▀[38;2;151;112;91;48;2;171;142;93m▀[38;2;207;186;99;48;2;240;226;117m▀[38;2;242;226;114;48;2;241;226;114m▀[38;2;245;224;115;48;2;244;225;115m▀[38;2;241;218;110;48;2;243;221;112m▀[0m
[38;2;254;254;244;48;2;254;255;242m▀▀[38;2;254;254;245;48;2;254;254;243m▀▀[48;2;255;254;244m▀[38;2;254;254;242;48;2;255;254;241m▀[38;2;254;255;235;48;2;254;255;235m▀[38;2;253;255;232;48;2;254;254;232m▀[38;2;254;253;234;48;2;195;192;173m▀[38;2;145;138;124;48;2;182;174;160m▀[38;2;147;111;105;48;2;246;228;211m▀[38;2;241;206;192;48;2;209;168;155m▀[38;2;230;203;189;48;2;184;131;113m▀[38;2;212;166;148;48;2;251;195;175m▀[38;2;252;200;179;48;2;254;198;177m▀[38;2;254;199;178;48;2;255;198;179m▀[38;2;255;198;179m▀[38;2;255;198;181;48;2;255;197;180m▀[38;2;254;197;185;48;2;254;197;182m▀[38;2;241;182;170;48;2;254;197;183m▀[38;2;176;115;101;48;2;224;166;152m▀[38;2;204;158;146;48;2;189;128;113m▀[38;2;252;236;231;48;2;224;169;160m▀[38;2;251;251;246;48;2;249;201;200m▀[38;2;222;213;210;48;2;246;203;201m▀[38;2;116;73;64;48;2;186;150;147m▀[38;2;192;134;111;48;2;141;90;80m▀[38;2;225;167;143;48;2;209;151;127m▀[38;2;232;187;165;48;2;190;131;112m▀[38;2;247;229;210;48;2;210;149;136m▀[38;2;248;225;210;48;2;241;191;175m▀[38;2;245;191;174;48;2;246;199;183m▀[38;2;240;181;167;48;2;249;190;175m▀[38;2;192;136;120;48;2;253;192;179m▀[38;2;204;159;144;48;2;253;195;181m▀[38;2;213;178;166;48;2;241;182;167m▀[38;2;217;192;186;48;2;201;163;150m▀[38;2;182;176;170;48;2;227;216;204m▀[38;2;253;250;244;48;2;187;174;167m▀[38;2;188;174;169;48;2;204;180;175m▀[38;2;165;143;133;48;2;123;86;81m▀[38;2;252;247;230;48;2;205;190;176m▀[38;2;202;187;171;48;2;247;237;220m▀[38;2;124;107;94;48;2;183;166;151m▀[38;2;233;225;213;48;2;146;131;122m▀[38;2;253;245;233;48;2;197;183;177m▀[38;2;253;248;231;48;2;178;156;148m▀[38;2;253;247;228;48;2;149;120;111m▀[38;2;253;248;228;48;2;114;81;72m▀[38;2;253;246;226;48;2;85;45;36m▀[38;2;229;218;205;48;2;98;64;52m▀[38;2;160;150;140;48;2;154;126;106m▀[38;2;92;69;63;48;2;217;200;154m▀[38;2;100;70;50;48;2;251;245;174m▀[38;2;188;166;119;48;2;250;232;165m▀[38;2;169;131;97;48;2;187;146;112m▀[38;2;218;152;134;48;2;234;167;148m▀[38;2;230;160;141;48;2;232;165;145m▀[38;2;228;165;147;48;2;163;108;96m▀[38;2;181;129;119;48;2;130;89;85m▀[38;2;231;201;197;48;2;111;84;85m▀[38;2;215;186;186;48;2;204;184;185m▀[38;2;163;135;137;48;2;252;235;236m▀[38;2;177;149;153;48;2;252;238;237m▀[38;2;246;224;227;48;2;253;236;238m▀[38;2;254;234;237;48;2;241;198;211m▀[38;2;251;229;237;48;2;231;172;190m▀[38;2;243;212;222;48;2;231;165;186m▀[38;2;129;91;87;48;2;223;156;170m▀[38;2;214;192;152;48;2;128;94;85m▀[38;2;250;245;217;48;2;243;236;191m▀[38;2;251;249;231;48;2;245;241;201m▀[38;2;245;240;177;48;2;235;233;148m▀[38;2;226;217;152;48;2;234;230;142m▀[38;2;207;199;131;48;2;235;231;138m▀[38;2;245;238;166;48;2;235;231;134m▀[38;2;243;236;159;48;2;239;233;147m▀[38;2;245;239;166;48;2;248;244;185m▀[38;2;245;236;170;48;2;245;242;192m▀[38;2;244;232;153;48;2;238;237;156m▀[0m
[38;2;253;254;237;48;2;247;252;234m▀[38;2;252;253;236;48;2;243;248;230m▀[38;2;253;254;238;48;2;234;246;228m▀[38;2;250;253;236;48;2;224;243;225m▀[38;2;244;250;233;48;2;224;244;227m▀[38;2;249;253;236;48;2;225;242;224m▀[38;2;253;251;236;48;2;193;188;177m▀[38;2;198;187;172;48;2;180;155;148m▀[38;2;194;182;171;48;2;230;185;172m▀[38;2;229;213;202;48;2;204;149;130m▀[38;2;194;136;128;48;2;249;189;174m▀[38;2;219;157;144;48;2;249;187;173m▀[38;2;249;190;173;48;2;246;189;172m▀[38;2;253;193;175;48;2;248;194;176m▀[38;2;254;193;176;48;2;250;188;170m▀[38;2;255;193;175;48;2;252;187;170m▀[38;2;254;193;175;48;2;251;185;169m▀[38;2;253;193;175;48;2;248;182;166m▀[38;2;252;194;179;48;2;248;184;167m▀[38;2;252;219;202;48;2;252;192;177m▀[38;2;254;196;181;48;2;252;192;174m▀[38;2;244;182;165;48;2;249;187;170m▀[38;2;196;133;118;48;2;209;146;129m▀[38;2;180;116;102;48;2;193;130;112m▀[38;2;193;145;129;48;2;192;131;111m▀[38;2;235;205;189;48;2;175;120;99m▀[38;2;112;73;68;48;2;185;152;143m▀[38;2;183;126;108;48;2;142;91;82m▀[38;2;222;171;151;48;2;207;147;130m▀[38;2;218;169;150;48;2;195;138;121m▀[38;2;208;145;128;48;2;218;156;140m▀[38;2;243;188;170;48;2;218;154;139m▀[38;2;254;193;180;48;2;247;182;170m▀[38;2;253;189;176;48;2;253;188;176m▀[38;2;255;193;181;48;2;255;192;180m▀[38;2;255;193;182;48;2;255;193;182m▀[38;2;243;187;174;48;2;254;195;183m▀[38;2;209;172;161;48;2;209;151;139m▀[38;2;207;185;175;48;2;221;181;168m▀[38;2;214;194;184;48;2;183;161;150m▀[38;2;236;219;202;48;2;246;238;219m▀[38;2;182;168;150;48;2;240;227;208m▀[38;2;197;188;171;48;2;172;156;142m▀[38;2;194;177;163;48;2;194;178;165m▀[38;2;164;149;144;48;2;222;209;206m▀[38;2;109;77;66;48;2;129;93;83m▀[38;2;151;112;84;48;2;161;127;101m▀[38;2;130;87;76;48;2;172;133;124m▀[38;2;149;110;94;48;2;187;141;139m▀[38;2;218;194;169;48;2;120;97;88m▀[38;2;162;143;122;48;2;240;230;227m▀[38;2;131;96;88;48;2;201;155;169m▀[38;2;134;89;91;48;2;148;98;104m▀[38;2;172;124;114;48;2;207;158;144m▀[38;2;163;113;94;48;2;243;188;169m▀[38;2;165;111;96;48;2;220;161;144m▀[38;2;239;172;153;48;2;200;145;133m▀[38;2;213;153;139;48;2;172;131;128m▀[38;2;155;109;105;48;2;187;153;152m▀[38;2;147;115;115;48;2;207;184;187m▀[38;2;233;213;215;48;2;253;234;236m▀[38;2;254;235;237;48;2;254;232;238m▀[38;2;254;236;236;48;2;254;234;236m▀[38;2;253;237;238;48;2;246;216;222m▀[38;2;240;193;206;48;2;238;167;189m▀[38;2;239;166;188;48;2;239;166;189m▀[38;2;237;166;189;48;2;238;166;190m▀[38;2;236;167;189;48;2;237;166;190m▀[38;2;237;166;186;48;2;234;165;190m▀[38;2;132;85;84;48;2;191;133;142m▀[38;2;219;203;156;48;2;167;141;106m▀[38;2;241;233;179;48;2;240;229;161m▀[38;2;240;233;175;48;2;243;234;168m▀[38;2;235;229;157;48;2;237;231;157m▀[38;2;235;229;154;48;2;235;228;156m▀[38;2;235;230;150;48;2;235;229;156m▀[38;2;238;237;161;48;2;234;233;156m▀[38;2;253;250;206;48;2;243;240;175m▀[38;2;253;250;199;48;2;244;240;160m▀[38;2;242;239;150;48;2;237;234;133m▀[0m
[38;2;227;242;219;48;2;225;243;219m▀[38;2;224;242;219;48;2;225;243;220m▀[38;2;221;243;221;48;2;224;243;221m▀[38;2;221;244;224;48;2;222;243;222m▀[38;2;221;245;225;48;2;202;210;193m▀[38;2;196;202;187;48;2;142;130;123m▀[38;2;161;153;146;48;2;252;246;241m▀[38;2;253;247;240;48;2;245;237;230m▀[38;2;205;155;136;48;2;210;158;133m▀[38;2;243;184;159;48;2;245;192;170m▀[38;2;243;209;192;48;2;246;223;204m▀[38;2;246;227;208;48;2;229;177;161m▀[38;2;240;194;177;48;2;206;141;123m▀[38;2;240;180;163;48;2;201;136;118m▀[38;2;222;160;143;48;2;232;167;151m▀[38;2;214;151;134;48;2;222;159;142m▀[38;2;208;144;128;48;2;215;153;135m▀[38;2;210;147;132;48;2;216;159;142m▀[38;2;201;136;120;48;2;205;142;124m▀[38;2;203;142;124;48;2;203;140;121m▀[38;2;207;144;127;48;2;201;138;119m▀[38;2;203;141;124;48;2;210;144;126m▀[38;2;189;126;109;48;2;187;123;104m▀[38;2;244;183;165;48;2;157;95;76m▀[38;2;253;191;173;48;2;235;173;154m▀[38;2;241;177;158;48;2;253;194;175m▀[38;2;205;157;140;48;2;213;155;134m▀[38;2;158;126;116;48;2;183;149;130m▀[38;2;171;123;111;48;2;110;65;57m▀[38;2;208;155;140;48;2;157;110;100m▀[38;2;207;146;132;48;2;147;103;88m▀[38;2;227;161;148;48;2;147;112;93m▀[38;2;220;156;142;48;2;137;87;74m▀[38;2;250;187;174;48;2;231;165;152m▀[38;2;254;192;179;48;2;255;191;179m▀[38;2;254;193;180;48;2;254;192;179m▀[38;2;253;195;182;48;2;254;195;180m▀[38;2;234;178;161;48;2;248;192;174m▀[38;2;193;147;134;48;2;191;145;129m▀[38;2;223;213;200;48;2;252;247;239m▀[38;2;160;147;131;48;2;158;142;131m▀[38;2;127;109;95;48;2;221;200;180m▀[38;2;223;210;193;48;2;238;221;193m▀[38;2;195;177;163;48;2;187;169;140m▀[38;2;189;167;157;48;2;184;167;141m▀[38;2;143;100;89;48;2;221;205;179m▀[38;2;172;131;124;48;2;157;122;115m▀[38;2;172;154;152;48;2;208;190;196m▀[38;2;160;130;132;48;2;212;184;192m▀[38;2;161;132;134;48;2;163;118;126m▀[38;2;224;208;208;48;2;115;80;86m▀[38;2;166;130;138;48;2;233;214;216m▀[38;2;192;149;153;48;2;229;206;206m▀[38;2;196;150;139;48;2;159;122;117m▀[38;2;217;165;149;48;2;214;163;155m▀[38;2;196;150;143;48;2;185;156;158m▀[38;2;189;174;170;48;2;254;240;240m▀[38;2;199;182;182;48;2;174;159;159m▀[38;2;159;139;142;48;2;248;229;231m▀[38;2;186;162;167;48;2;253;232;238m▀[38;2;180;157;162;48;2;254;233;239m▀[38;2;181;159;164;48;2;254;233;237m▀[38;2;191;171;176;48;2;241;221;228m▀[38;2;236;198;207;48;2;186;154;163m▀[38;2;238;165;188;48;2;179;126;143m▀[38;2;239;164;189;48;2;221;169;188m▀[38;2;238;165;191;48;2;241;189;208m▀[38;2;238;165;193;48;2;236;173;200m▀[38;2;235;167;195;48;2;236;169;198m▀[38;2;236;165;187;48;2;243;172;197m▀[38;2;138;100;81;48;2;143;96;88m▀[38;2;247;230;151;48;2;245;225;145m▀[38;2;241;232;155;48;2;238;229;139m▀[38;2;237;230;155;48;2;238;231;155m▀[38;2;236;229;160;48;2;245;236;185m▀[38;2;243;233;184;48;2;251;242;217m▀[38;2;238;236;177;48;2;250;244;211m▀[38;2;234;233;153;48;2;245;242;172m▀[38;2;238;236;143;48;2;240;237;144m▀[38;2;240;236;140;48;2;241;237;143m▀[0m
[38;2;228;243;220;48;2;229;243;220m▀▀[38;2;226;243;222;48;2;229;243;221m▀[38;2;226;239;218;48;2;230;243;218m▀[38;2;131;113;103;48;2;153;128;119m▀[38;2;238;222;214;48;2;191;144;141m▀[38;2;249;234;226;48;2;227;177;163m▀[38;2;222;177;162;48;2;247;184;164m▀[38;2;242;181;161;48;2;241;179;160m▀[38;2;244;186;167;48;2;228;166;148m▀[38;2;230;167;149;48;2;200;138;120m▀[38;2;191;131;110;48;2;226;164;145m▀[38;2;236;187;165;48;2;203;139;120m▀[38;2;201;138;119;48;2;213;152;131m▀[38;2;204;141;125;48;2;222;160;142m▀[38;2;202;139;122;48;2;236;173;155m▀[38;2;192;129;112;48;2;238;175;158m▀[38;2;199;135;119;48;2;216;153;139m▀[38;2;187;122;106;48;2;174;110;107m▀[38;2;174;111;95;48;2;121;60;63m▀[38;2;163;100;84;48;2;101;52;56m▀[38;2;222;158;146;48;2;116;84;85m▀[38;2;218;159;146;48;2;142;119;118m▀[38;2;145;92;77;48;2;175;156;154m▀[38;2;116;64;54;48;2;197;184;182m▀[38;2;167;118;110;48;2;216;211;207m▀[38;2;140;91;84;48;2;232;229;225m▀[38;2;88;42;35;48;2;241;239;235m▀[38;2;61;16;13;48;2;242;238;233m▀[38;2;119;78;73;48;2;244;236;234m▀[38;2;130;92;82;48;2;242;234;230m▀[38;2;235;218;200;48;2;164;148;141m▀[38;2;236;220;203;48;2;247;245;232m▀[38;2;142;98;91;48;2;181;165;160m▀[38;2;226;167;164;48;2;158;138;137m▀[38;2;249;189;186;48;2;150;134;132m▀[38;2;254;195;187;48;2;150;120;119m▀[38;2;241;182;167;48;2;135;88;86m▀[38;2;179;126;111;48;2;125;80;76m▀[38;2;251;245;236;48;2;223;216;210m▀[38;2;177;164;152;48;2;186;174;163m▀[38;2;240;222;202;48;2;205;179;160m▀[38;2;246;233;209;48;2;186;163;141m▀[38;2;186;167;145;48;2;210;191;169m▀[38;2;206;195;174;48;2;189;175;154m▀[38;2;203;190;155;48;2;192;177;138m▀[38;2;149;120;100;48;2;193;180;142m▀[38;2;118;86;80;48;2;248;240;206m▀[38;2;120;91;87;48;2;250;245;213m▀[38;2;167;136;129;48;2;233;226;198m▀[38;2;134;105;105;48;2;186;170;158m▀[38;2;242;230;231;48;2;182;163;163m▀[38;2;228;213;215;48;2;248;234;239m▀[38;2;203;183;185;48;2;239;221;225m▀[38;2;129;111;106;48;2;237;220;220m▀[38;2;222;205;203;48;2;198;180;181m▀[38;2;207;193;193;48;2;145;127;126m▀[38;2;220;202;203;48;2;253;235;236m▀[38;2;255;235;237;48;2;255;235;237m▀▀[38;2;255;234;239;48;2;255;234;239m▀[48;2;255;235;240m▀[38;2;254;233;238;48;2;252;236;239m▀[38;2;247;221;228;48;2;251;231;235m▀[38;2;235;174;192;48;2;240;175;195m▀[38;2;198;137;155;48;2;237;169;190m▀[38;2;188;129;146;48;2;238;173;193m▀[38;2;234;188;206;48;2;200;141;159m▀[38;2;242;206;226;48;2;219;167;181m▀[38;2;246;210;229;48;2;228;182;199m▀[38;2;160;129;128;48;2;203;173;174m▀[38;2;234;219;158;48;2;243;237;194m▀[38;2;241;230;153;48;2;249;244;203m▀[38;2;242;233;164;48;2;244;239;184m▀[38;2;250;245;209;48;2;248;246;209m▀[38;2;254;253;237;48;2;254;253;238m▀[38;2;255;252;235;48;2;255;254;228m▀[38;2;254;248;205;48;2;255;249;192m▀[38;2;250;241;164;48;2;253;241;154m▀[38;2;247;239;139;48;2;251;238;131m▀[0m
[38;2;229;243;221;48;2;230;243;218m▀▀[38;2;229;243;219;48;2;230;243;217m▀[38;2;230;244;216;48;2;230;244;213m▀[38;2;214;201;185;48;2;187;184;163m▀[38;2;119;71;66;48;2;185;160;147m▀[38;2;233;174;163;48;2;97;45;37m▀[38;2;219;159;146;48;2;115;56;44m▀[38;2;208;147;131;48;2;173;110;95m▀[38;2;193;131;113;48;2;207;144;126m▀[38;2;222;160;141;48;2;206;144;126m▀[38;2;209;146;128;48;2;189;128;113m▀[38;2;235;169;151;48;2;131;78;74m▀[38;2;232;166;149;48;2;113;73;78m▀[38;2;189;130;120;48;2;158;140;142m▀[38;2;134;81;74;48;2;223;219;218m▀[38;2;115;70;66;48;2;252;249;249m▀[38;2;142;114;112;48;2;235;226;230m▀[38;2;192;173;173;48;2;246;242;240m▀[38;2;236;229;227;48;2;254;254;250m▀[38;2;253;252;248;48;2;254;253;249m▀[38;2;239;226;226;48;2;203;161;170m▀[38;2;245;250;244;48;2;183;107;126m▀[38;2;224;213;212;48;2;192;121;139m▀[38;2;239;228;228;48;2;199;153;163m▀[38;2;253;253;248;48;2;252;251;247m▀[38;2;241;236;233;48;2;222;202;203m▀[38;2;181;129;141;48;2;210;181;186m▀[38;2;193;147;157;48;2;188;158;163m▀[38;2;174;122;134;48;2;182;131;143m▀[38;2;222;201;204;48;2;203;166;173m▀[38;2;141;95;102;48;2;179;144;148m▀[38;2;217;206;196;48;2;202;187;178m▀[38;2;220;211;202;48;2;209;197;186m▀[38;2;179;160;156;48;2;171;129;134m▀[38;2;232;216;215;48;2;175;112;127m▀[38;2;253;254;249;48;2;244;242;239m▀[38;2;253;254;248;48;2;254;253;251m▀[38;2;224;223;217;48;2;214;190;193m▀[38;2;176;160;158;48;2;203;174;178m▀[38;2;128;108;105;48;2;247;239;238m▀[38;2;100;72;64;48;2;246;243;238m▀[38;2;119;90;77;48;2;194;184;181m▀[38;2;147;120;101;48;2;136;114;110m▀[38;2;191;174;144;48;2;135;113;95m▀[38;2;214;204;159;48;2;219;206;170m▀[38;2;148;127;98;48;2;239;226;195m▀[38;2;149;122;103;48;2;129;110;95m▀[38;2;174;159;138;48;2;225;207;204m▀[38;2;191;179;166;48;2;253;236;238m▀[38;2;252;234;231;48;2;254;235;239m▀[38;2;230;208;211;48;2;253;230;236m▀[38;2;165;144;150;48;2;172;133;145m▀[38;2;220;197;203;48;2;160;116;127m▀[38;2;198;177;179;48;2;171;146;151m▀[38;2;153;135;136;48;2;193;176;177m▀[38;2;236;220;220;48;2;253;236;236m▀[38;2;254;236;236;48;2;253;238;239m▀[38;2;255;236;238;48;2;253;237;238m▀[48;2;255;236;238m▀[38;2;255;234;239;48;2;255;235;240m▀[38;2;254;235;240;48;2;249;224;231m▀[38;2;253;237;240;48;2;242;207;217m▀[38;2;254;237;241;48;2;237;185;201m▀[38;2;243;179;199;48;2;236;170;190m▀[38;2;240;173;193;48;2;237;167;188m▀[38;2;238;174;193;48;2;235;172;191m▀[38;2;242;187;204;48;2;239;183;200m▀[38;2;224;187;198;48;2;239;201;213m▀[38;2;236;202;213;48;2;184;149;162m▀[38;2;179;145;156;48;2;207;187;191m▀[38;2;228;213;153;48;2;239;237;206m▀[38;2;242;231;148;48;2;243;233;162m▀[38;2;247;235;177;48;2;243;228;133m▀[38;2;250;246;213;48;2;245;226;141m▀[38;2;252;251;233;48;2;248;236;172m▀[38;2;251;243;214;48;2;251;247;190m▀[38;2;249;235;161;48;2;250;247;193m▀[38;2;248;229;116;48;2;249;241;175m▀[38;2;249;234;111;48;2;248;230;135m▀[0m
[38;2;233;243;211;48;2;223;233;203m▀[48;2;215;225;195m▀[38;2;233;243;209;48;2;234;244;213m▀[38;2;234;244;210;48;2;234;243;212m▀[38;2;173;165;144;48;2;126;113;95m▀[38;2;209;179;166;48;2;141;109;99m▀[38;2;160;130;109;48;2;235;220;194m▀[38;2;85;39;32;48;2;89;58;54m▀[38;2;135;72;69;48;2;97;58;62m▀[38;2;127;73;65;48;2;186;177;172m▀[38;2;107;67;64;48;2;249;246;246m▀[38;2;152;130;133;48;2;247;237;244m▀[38;2;225;219;216;48;2;204;175;182m▀[38;2;253;249;247;48;2;195;152;161m▀[38;2;249;248;245;48;2;188;141;152m▀[38;2;198;163;172;48;2;195;160;168m▀[38;2;205;160;171;48;2;191;139;152m▀[38;2;197;152;163;48;2;220;186;194m▀[38;2;213;178;185;48;2;215;182;189m▀[38;2;254;254;249;48;2;254;253;249m▀[38;2;244;238;237;48;2;253;251;247m▀[38;2;159;82;102;48;2;198;155;165m▀[38;2;202;131;147;48;2;200;152;160m▀[38;2;200;128;145;48;2;207;166;172m▀[38;2;166;98;112;48;2;234;222;219m▀[38;2;250;249;242;48;2;253;253;248m▀[38;2;225;201;204;48;2;252;253;248m▀[38;2;179;123;136;48;2;253;252;248m▀[38;2;187;136;148;48;2;251;252;246m▀[38;2;184;133;145;48;2;238;226;225m▀[38;2;173;115;124;48;2;151;131;123m▀[38;2;142;99;93;48;2;215;188;169m▀[38;2;220;202;171;48;2;175;148;138m▀[38;2;158;123;117;48;2;211;193;195m▀[38;2;211;184;187;48;2;210;169;178m▀[38;2;194;146;156;48;2;194;142;155m▀[38;2;235;224;227;48;2;243;235;237m▀[38;2;254;253;251;48;2;254;251;251m▀[38;2;193;155;162;48;2;186;147;153m▀[38;2;175;131;136;48;2;172;131;134m▀[38;2;146;101;105;48;2;119;73;76m▀[38;2;142;119;116;48;2;177;151;148m▀[38;2;149;132;133;48;2;237;217;219m▀[38;2;206;199;200;48;2;180;149;156m▀[38;2;238;236;231;48;2;123;92;97m▀[38;2;168;150;148;48;2;149;128;128m▀[38;2;144;125;114;48;2;160;144;143m▀[38;2;215;205;187;48;2;114;91;91m▀[38;2;163;140;137;48;2;113;83;85m▀[38;2;252;236;234;48;2;249;232;231m▀[38;2;251;236;238;48;2;251;235;237m▀[38;2;252;233;237;48;2;237;222;225m▀[38;2;223;189;197;48;2;117;89;92m▀[38;2;212;164;171;48;2;108;67;68m▀[38;2;153;114;122;48;2;165;120;128m▀[38;2;241;210;220;48;2;198;151;168m▀[38;2;247;214;223;48;2;203;169;180m▀[38;2;245;214;220;48;2;213;181;189m▀[38;2;233;203;211;48;2;226;201;209m▀[38;2;214;181;190;48;2;248;228;234m▀[38;2;207;169;179;48;2;254;235;240m▀[38;2;206;172;182;48;2;254;235;242m▀[38;2;204;165;177m▀[38;2;200;158;170;48;2;255;235;242m▀[38;2;198;144;160;48;2;243;205;216m▀[38;2;205;140;159;48;2;239;179;197m▀[38;2;188;125;144;48;2;242;179;198m▀[38;2;236;179;196;48;2;239;181;198m▀[38;2;211;166;179;48;2;172;126;139m▀[38;2;184;147;157;48;2;249;211;222m▀[38;2;233;214;216;48;2;233;212;215m▀[38;2;238;240;221;48;2;248;247;235m▀[38;2;246;241;205;48;2;253;252;226m▀[38;2;249;240;212;48;2;251;246;211m▀[38;2;247;237;186;48;2;247;236;185m▀[38;2;247;234;155;48;2;248;242;195m▀[38;2;249;231;128;48;2;252;243;189m▀[38;2;250;227;124;48;2;250;233;153m▀[38;2;250;228;137;48;2;250;224;119m▀[38;2;251;237;177;48;2;250;221;101m▀[0m
[38;2;146;131;117;48;2;160;147;136m▀[38;2;154;139;125;48;2;240;229;216m▀[38;2;214;200;185;48;2;193;180;168m▀[38;2;164;146;133;48;2;240;227;215m▀[38;2;175;151;138;48;2;185;159;150m▀[38;2;101;74;67;48;2;104;75;69m▀[38;2;92;66;62;48;2;158;131;129m▀[38;2;169;144;144;48;2;154;126;130m▀[38;2;237;225;227;48;2;183;129;144m▀[38;2;247;245;245;48;2;227;202;209m▀[38;2;249;245;247;48;2;250;247;249m▀[38;2;190;147;162;48;2;211;173;186m▀[38;2;211;169;180;48;2;213;180;189m▀[38;2;218;183;191;48;2;185;124;140m▀[38;2;186;132;145;48;2;240;231;230m▀[38;2;201;164;172;48;2;250;250;246m▀[38;2;224;216;214;48;2;253;254;251m▀[38;2;214;203;202;48;2;253;254;252m▀[38;2;247;242;240;48;2;254;255;252m▀[38;2;254;254;250;48;2;254;254;252m▀[38;2;254;255;250m▀▀▀▀[38;2;255;255;252;48;2;255;255;255m▀▀[38;2;255;255;253;48;2;255;255;254m▀[38;2;255;255;251;48;2;255;255;252m▀[38;2;252;251;245;48;2;229;227;218m▀[38;2;155;141;136;48;2;188;180;168m▀[38;2;236;225;214;48;2;224;214;203m▀[38;2;169;160;150;48;2;203;197;191m▀[38;2;238;236;231;48;2;254;252;248m▀[38;2;253;253;250;48;2;254;254;252m▀[38;2;254;255;250;48;2;255;255;251m▀[38;2;255;255;251;48;2;255;255;253m▀[38;2;255;253;252;48;2;255;254;253m▀[38;2;254;254;254;48;2;255;253;254m▀[38;2;238;235;233;48;2;251;253;253m▀[38;2;151;126;127;48;2;218;209;209m▀[38;2;175;135;137;48;2;136;98;101m▀[38;2;250;230;228;48;2;209;191;190m▀[38;2;221;199;202;48;2;250;223;231m▀[38;2;193;147;160;48;2;235;185;201m▀[38;2;206;157;169;48;2;195;145;159m▀[38;2;241;201;209;48;2;235;193;203m▀[38;2;245;225;227;48;2;252;229;232m▀[38;2;215;202;201;48;2;254;237;237m▀[38;2;174;156;155;48;2;254;238;237m▀[38;2;168;153;152;48;2;254;238;238m▀[38;2;165;150;149;48;2;254;239;239m▀[38;2;104;86;87;48;2;239;224;224m▀[38;2;201;178;180;48;2;185;163;164m▀[38;2;247;225;227;48;2;170;146;150m▀[38;2;246;222;226;48;2;185;162;164m▀[38;2;255;232;238;48;2;249;225;230m▀[38;2;255;233;238;48;2;255;232;238m▀[38;2;254;234;239;48;2;255;233;238m▀[38;2;255;235;240;48;2;255;235;240m▀▀[38;2;255;234;239m▀▀[48;2;255;234;239m▀▀[38;2;246;208;220;48;2;243;203;215m▀[38;2;244;185;203;48;2;249;194;212m▀[38;2;239;183;200;48;2;202;154;170m▀[38;2;166;121;134;48;2;232;201;211m▀[38;2;243;200;213;48;2;249;229;234m▀[38;2;251;229;234;48;2;245;242;240m▀[38;2;248;241;238;48;2;250;251;245m▀[38;2;252;251;243;48;2;254;254;249m▀[38;2;254;251;228;48;2;255;253;246m▀[38;2;252;248;209;48;2;255;252;219m▀[38;2;252;247;206;48;2;251;248;198m▀[38;2;250;240;198;48;2;249;240;184m▀[38;2;243;234;168;48;2;251;241;190m▀[38;2;247;235;173;48;2;251;249;201m▀[38;2;250;246;198;48;2;246;235;172m▀[38;2;248;236;176;48;2;243;226;151m▀[0m
[38;2;142;130;114;48;2;242;235;210m▀[38;2;224;212;195;48;2;160;150;127m▀[38;2;251;240;222;48;2;146;136;116m▀[38;2;216;201;184;48;2;168;157;135m▀[38;2;84;59;50;48;2;93;68;59m▀[38;2;155;127;123;48;2;164;139;138m▀[38;2;189;162;163;48;2;165;133;137m▀[38;2;158;123;129;48;2;222;210;210m▀[38;2;215;191;195;48;2;196;170;175m▀[38;2;235;221;223;48;2;226;209;214m▀[38;2;252;250;249;48;2;253;252;253m▀[38;2;209;179;187;48;2;252;251;252m▀[38;2;210;182;190;48;2;253;253;254m▀[38;2;248;243;244;48;2;253;253;253m▀[38;2;254;254;252;48;2;254;254;252m▀[38;2;255;255;253;48;2;255;255;253m▀[48;2;254;254;254m▀[38;2;255;255;254;48;2;255;255;255m▀▀▀▀[38;2;255;255;253m▀[38;2;255;255;252m▀[38;2;255;255;255m▀▀▀▀▀[38;2;223;220;216;48;2;248;246;246m▀[38;2;197;188;181;48;2;166;155;152m▀[38;2;250;239;231;48;2;253;240;234m▀[38;2;169;163;157;48;2;165;157;153m▀[38;2;254;254;250;48;2;254;253;249m▀[38;2;255;255;253;48;2;255;255;253m▀▀[48;2;255;254;252m▀[38;2;254;254;254;48;2;254;254;254m▀▀[38;2;253;253;253;48;2;253;253;253m▀[38;2;204;198;200;48;2;254;252;253m▀[38;2;140;123;123;48;2;176;165;166m▀[38;2;239;223;222;48;2;218;204;204m▀[38;2;194;172;176;48;2;251;238;238m▀[38;2;229;187;200;48;2;202;176;182m▀[38;2;209;156;171;48;2;201;149;166m▀[38;2;242;191;205;48;2;244;190;208m▀[38;2;252;230;232;48;2;253;229;235m▀[38;2;255;235;236;48;2;255;232;238m▀[38;2;254;235;237;48;2;255;234;236m▀[48;2;255;235;237m▀[38;2;255;237;239;48;2;255;238;240m▀[38;2;255;239;240;48;2;254;241;241m▀[38;2;255;236;238;48;2;255;238;238m▀[38;2;255;235;237;48;2;255;237;237m▀[38;2;229;210;213;48;2;253;235;237m▀[38;2;148;112;120;48;2;244;209;217m▀[38;2;212;171;183;48;2;238;182;198m▀[38;2;245;205;218;48;2;244;181;201m▀[38;2;251;220;229;48;2;242;184;204m▀[38;2;253;231;237;48;2;248;204;219m▀[38;2;255;234;239;48;2;254;231;237m▀[48;2;255;233;239m▀[38;2;255;235;240;48;2;255;234;239m▀[38;2;255;234;239m▀[38;2;240;193;205;48;2;187;136;149m▀[38;2;181;129;143;48;2;191;136;150m▀[38;2;217;165;178;48;2;196;138;153m▀[38;2;223;172;185;48;2;223;164;179m▀[38;2;213;180;189;48;2;251;204;215m▀[38;2;244;234;235;48;2;251;221;227m▀[38;2;246;240;236;48;2;227;208;205m▀[38;2;254;252;243;48;2;252;245;230m▀[38;2;255;251;237;48;2;254;246;207m▀[38;2;255;252;203;48;2;255;245;176m▀[38;2;254;247;164;48;2;254;238;146m▀[38;2;252;235;141;48;2;254;229;128m▀[38;2;251;227;118;48;2;254;226;118m▀[38;2;250;223;110;48;2;252;223;110m▀[38;2;247;225;135;48;2;250;213;102m▀[38;2;249;238;180;48;2;250;198;91m▀[0m
[38;2;254;252;215;48;2;255;253;213m▀[38;2;244;245;205;48;2;255;254;208m▀[38;2;231;238;195;48;2;251;250;198m▀[38;2;222;228;191;48;2;246;239;221m▀[38;2;91;71;62;48;2;224;221;220m▀[38;2;201;192;193;48;2;201;210;220m▀[38;2;227;226;228;48;2;188;198;211m▀[38;2;195;193;199;48;2;206;211;220m▀[38;2;249;242;248;48;2;251;249;254m▀[38;2;254;249;251;48;2;255;253;255m▀[38;2;254;254;254m▀▀[38;2;255;253;255m▀▀[38;2;254;254;254;48;2;254;254;254m▀▀[38;2;255;255;255;48;2;255;255;255m▀▀▀▀▀▀▀▀▀▀▀▀[38;2;253;253;253;48;2;254;254;253m▀[38;2;203;198;199;48;2;254;254;254m▀[38;2;154;146;146;48;2;254;253;254m▀[38;2;189;184;184;48;2;253;253;253m▀[38;2;252;253;253;48;2;252;253;253m▀[38;2;253;253;253;48;2;183;166;172m▀[38;2;253;253;254;48;2;161;155;157m▀[38;2;253;253;253;48;2;251;249;250m▀[38;2;254;254;254;48;2;254;254;254m▀▀▀▀[38;2;252;250;250;48;2;254;253;254m▀[38;2;183;173;172;48;2;252;251;250m▀[38;2;250;241;240;48;2;222;217;217m▀[38;2;238;226;228;48;2;214;205;207m▀[38;2;217;168;183;48;2;226;187;201m▀[38;2;243;196;213;48;2;250;213;229m▀[38;2;253;232;238;48;2;250;236;240m▀[38;2;254;234;238;48;2;252;236;239m▀[38;2;254;235;238;48;2;254;236;239m▀[38;2;255;236;238;48;2;255;237;239m▀[48;2;255;235;237m▀[38;2;254;239;240;48;2;253;233;235m▀[38;2;254;243;243;48;2;254;243;242m▀[38;2;253;238;239;48;2;252;239;239m▀[38;2;254;234;236;48;2;254;234;236m▀[38;2;255;230;236;48;2;254;232;238m▀[38;2;243;186;204;48;2;247;205;220m▀[38;2;244;184;207;48;2;244;192;214m▀[38;2;243;183;204;48;2;245;190;210m▀[38;2;248;196;214;48;2;251;201;220m▀[38;2;254;224;235;48;2;255;223;235m▀[38;2;255;232;241;48;2;254;230;239m▀[38;2;254;230;235;48;2;176;149;153m▀[38;2;170;144;147;48;2;152;120;118m▀[38;2;164;117;128;48;2;205;174;179m▀[38;2;213;161;174;48;2;161;124;132m▀[38;2;242;190;204;48;2;242;205;215m▀[38;2;245;193;206;48;2;243;205;216m▀[38;2;249;197;210;48;2;240;195;206m▀[38;2;251;204;216;48;2;248;198;209m▀[38;2;183;151;148;48;2;139;100;99m▀[38;2;252;241;200;48;2;237;219;156m▀[38;2;254;239;166;48;2;253;233;132m▀[38;2;254;234;141;48;2;253;227;116m▀[38;2;254;227;121;48;2;253;220;103m▀[38;2;253;223;113;48;2;252;220;103m▀[38;2;254;225;114;48;2;254;223;110m▀[38;2;252;222;110;48;2;252;222;107m▀[38;2;254;217;101;48;2;253;222;100m▀[38;2;251;202;85;48;2;249;216;86m▀[0m
[38;2;255;252;226;48;2;255;250;238m▀[38;2;255;253;222;48;2;254;252;224m▀[38;2;254;250;226;48;2;251;249;188m▀[38;2;209;201;182;48;2;204;199;141m▀[38;2;123;114;113;48;2;146;136;134m▀[38;2;194;201;210;48;2;237;241;243m▀[38;2;222;227;232;48;2;227;230;234m▀[38;2;236;240;242;48;2;229;233;237m▀[38;2;243;243;246;48;2;223;225;229m▀[38;2;251;249;253;48;2;246;245;251m▀[38;2;254;252;255;48;2;251;249;254m▀[38;2;254;254;254;48;2;254;253;255m▀[48;2;254;254;254m▀▀▀▀[38;2;255;255;255;48;2;255;255;255m▀▀▀▀▀▀▀▀▀▀▀▀▀▀▀▀[38;2;252;253;253;48;2;253;254;254m▀[38;2;189;174;179;48;2;252;252;253m▀[38;2;169;163;165;48;2;253;251;253m▀[38;2;249;246;247;48;2;254;251;253m▀[38;2;254;254;254;48;2;254;254;254m▀▀▀▀[38;2;255;255;255;48;2;255;255;255m▀▀[38;2;255;255;254m▀[38;2;253;252;252;48;2;254;255;253m▀[38;2;120;105;108;48;2;241;237;233m▀[38;2;218;199;202;48;2;116;101;97m▀[38;2;252;235;237;48;2;194;176;176m▀[38;2;254;234;237;48;2;253;234;236m▀[38;2;255;236;238;48;2;255;236;238m▀▀▀[38;2;255;235;237m▀[38;2;254;239;241;48;2;255;235;240m▀[38;2;254;243;244;48;2;255;243;245m▀[38;2;252;234;236;48;2;251;238;242m▀[38;2;255;233;237;48;2;254;233;239m▀[38;2;253;225;235;48;2;255;236;242m▀[38;2;249;213;227;48;2;252;231;239m▀[38;2;250;211;227;48;2;252;231;240m▀[38;2;253;217;231;48;2;216;196;203m▀[38;2;243;223;228;48;2;167;148;149m▀[38;2;163;132;138;48;2;243;210;216m▀[38;2;155;129;132;48;2;168;135;142m▀[38;2;204;189;185;48;2;195;164;166m▀[38;2;189;165;167;48;2;200;158;165m▀[38;2;191;153;163;48;2;188;139;152m▀[38;2;240;197;209;48;2;239;191;206m▀[38;2;244;212;226;48;2;241;197;214m▀[38;2;244;222;231;48;2;244;217;232m▀[38;2;238;200;209;48;2;242;233;239m▀[38;2;163;133;134;48;2;220;209;209m▀[38;2;197;169;174;48;2;251;237;237m▀[38;2;144;114;83;48;2;131;99;90m▀[38;2;252;225;121;48;2;226;195;117m▀[38;2;252;223;108;48;2;250;222;110m▀[38;2;253;220;107;48;2;253;221;108m▀[38;2;253;220;104;48;2;254;219;102m▀[38;2;253;219;101;48;2;254;218;99m▀[38;2;253;221;100;48;2;254;221;98m▀[38;2;252;222;98;48;2;253;221;98m▀[0m
[38;2;255;253;216;48;2;255;253;213m▀[38;2;255;254;206;48;2;255;251;223m▀[38;2;250;249;191;48;2;254;250;225m▀[38;2;247;243;214;48;2;246;244;204m▀[38;2;226;219;221;48;2;191;183;186m▀[38;2;230;228;232;48;2;230;226;231m▀[38;2;230;231;237;48;2;219;220;228m▀[38;2;196;201;212;48;2;203;209;221m▀[38;2;192;200;213;48;2;190;200;217m▀[38;2;235;237;245;48;2;206;212;226m▀[38;2;249;249;250;48;2;248;248;249m▀[38;2;253;253;253;48;2;253;253;253m▀[38;2;254;254;254;48;2;254;254;254m▀▀▀▀[38;2;255;255;255;48;2;255;255;255m▀▀▀▀▀▀▀▀▀▀▀▀▀▀▀▀▀[38;2;254;254;254;48;2;254;254;254m▀▀▀▀▀▀▀[38;2;255;255;255;48;2;255;255;255m▀▀▀▀[38;2;253;253;251;48;2;254;254;254m▀[38;2;248;244;240;48;2;254;254;253m▀[38;2;154;142;140;48;2;252;249;249m▀[38;2;143;127;129;48;2;223;215;217m▀[38;2;239;223;224;48;2;135;120;121m▀[38;2;252;235;237;48;2;140;122;124m▀[38;2;254;236;238;48;2;199;182;184m▀[38;2;254;235;240;48;2;247;227;231m▀[38;2;255;235;241;48;2;254;236;242m▀[38;2;255;238;244;48;2;255;235;244m▀[38;2;253;243;249;48;2;254;242;249m▀[38;2;252;235;239;48;2;244;232;237m▀[38;2;254;235;239;48;2;169;154;156m▀[38;2;247;226;230;48;2;165;141;145m▀[38;2;163;133;141;48;2;227;189;197m▀[38;2;187;150;161;48;2;184;140;153m▀[38;2;244;212;219;48;2;237;189;201m▀[38;2;249;217;224;48;2;247;200;211m▀[38;2;217;182;189;48;2;242;199;209m▀[38;2;251;214;222;48;2;240;199;208m▀[38;2;251;212;223;48;2;242;200;214m▀[38;2;249;208;226;48;2;244;201;220m▀[38;2;249;208;228;48;2;246;199;219m▀[38;2;249;212;230;48;2;244;197;217m▀[38;2;251;220;237;48;2;245;196;215m▀[38;2;250;220;235;48;2;246;196;214m▀[38;2;251;235;240;48;2;244;202;214m▀[38;2;245;228;232;48;2;249;229;237m▀[38;2;223;181;198;48;2;247;225;241m▀[38;2;133;91;91;48;2;244;201;214m▀[38;2;166;129;75;48;2;187;136;145m▀[38;2;250;214;113;48;2;145;94;66m▀[38;2;255;220;104;48;2;251;213;100m▀[38;2;255;220;103;48;2;253;216;98m▀[38;2;252;218;95;48;2;242;206;93m▀[38;2;251;217;93;48;2;203;163;81m▀[0m
[?25h