[?25l[0m[38;2;252;247;251;48;2;154;151;153m▀[38;2;121;102;108;48;2;188;182;184m▀[38;2;135;124;128;48;2;193;200;199m▀[38;2;168;175;174;48;2;174;189;187m▀[38;2;190;201;202;48;2;123;137;141m▀[38;2;160;173;179;48;2;99;111;118m▀[38;2;121;137;145;48;2;98;107;114m▀[38;2;102;113;125;48;2;74;75;86m▀[38;2;116;118;118;48;2;96;84;86m▀[38;2;181;164;114;48;2;126;113;101m▀[38;2;111;100;89;48;2;187;166;104m▀[38;2;87;83;89;48;2;188;170;139m▀[38;2;86;84;89;48;2;168;166;172m▀[38;2;92;87;93;48;2;163;157;163m▀[38;2;89;76;80;48;2;111;99;103m▀[38;2;74;55;59;48;2;144;133;134m▀[38;2;83;63;68;48;2;201;197;199m▀[38;2;90;73;79;48;2;147;148;149m▀[38;2;101;95;101;48;2;92;87;92m▀[38;2;156;166;168;48;2;95;90;97m▀[38;2;187;198;200;48;2;128;133;137m▀[38;2;190;199;202;48;2;169;175;179m▀[38;2;191;201;203;48;2;191;198;202m▀[48;2;191;198;201m▀[38;2;189;199;201m▀▀[48;2;190;199;202m▀[48;2;190;199;201m▀[48;2;189;199;200m▀[48;2;191;198;200m▀[38;2;185;200;201;48;2;184;180;186m▀[38;2;183;202;201;48;2;131;121;129m▀[38;2;189;200;202;48;2;110;99;107m▀[38;2;181;176;183;48;2;128;121;125m▀[38;2;137;124;133;48;2;177;178;178m▀[38;2;134;120;130;48;2;194;199;197m▀[38;2;141;133;139;48;2;191;200;200m▀[38;2;140;133;137;48;2;190;200;201m▀[38;2;143;137;141;48;2;191;199;200m▀[38;2;148;145;148;48;2;191;200;200m▀[38;2;156;153;156m▀[38;2;151;149;152m▀[38;2;148;146;149;48;2;193;200;200m▀[38;2;153;151;154;48;2;192;200;199m▀[38;2;156;153;156;48;2;191;200;199m▀[38;2;158;157;159;48;2;191;197;197m▀[38;2;186;187;189;48;2;168;171;172m▀[38;2;195;198;202;48;2;160;165;168m▀[38;2;188;195;201;48;2;175;183;186m▀[38;2;142;149;157;48;2;193;200;207m▀[38;2;99;102;111;48;2;171;176;184m▀[38;2;181;184;193;48;2;109;114;122m▀[38;2;191;200;207;48;2;180;187;195m▀[38;2;192;201;208;48;2;192;199;207m▀[48;2;193;200;208m▀[38;2;169;176;179;48;2;180;185;194m▀[38;2;86;73;74;48;2;114;117;126m▀[38;2;136;125;124;48;2;149;146;155m▀[38;2;238;234;235;48;2;99;94;100m▀[38;2;253;252;254;48;2;178;173;177m▀[38;2;254;254;255;48;2;254;254;254m▀[38;2;255;255;255;48;2;255;255;255m▀▀▀▀▀▀▀▀▀▀▀▀▀▀▀▀▀▀▀[0m
[38;2;191;200;197;48;2;193;196;195m▀[38;2;190;200;197;48;2;141;142;142m▀[38;2;158;166;174;48;2;82;71;78m▀[38;2;102;112;129;48;2;80;58;71m▀[38;2;104;107;120;48;2;57;35;43m▀[38;2;85;81;87;48;2;152;138;141m▀[38;2;100;97;102;48;2;234;228;229m▀[38;2;176;170;174;48;2;233;229;231m▀[38;2;195;196;198;48;2;219;222;224m▀[38;2;195;201;185;48;2;188;203;198m▀[38;2;235;230;129;48;2;191;199;196m▀[38;2;216;212;159;48;2;206;200;173m▀[38;2;198;197;202;48;2;173;163;137m▀[38;2;187;185;178;48;2;140;125;128m▀[38;2;110;98;101;48;2;126;115;116m▀[38;2;195;196;196;48;2;189;191;191m▀[38;2;190;199;197;48;2;191;200;199m▀[38;2;190;198;200;48;2;190;198;201m▀[38;2;192;194;197;48;2;190;198;200m▀[38;2;156;154;159;48;2;191;198;201m▀[38;2;117;116;121;48;2;193;198;202m▀[38;2;100;100;105;48;2;195;199;203m▀[38;2;98;93;100;48;2;197;201;205m▀[38;2;108;100;108;48;2;199;201;206m▀[38;2;120;111;120;48;2;195;200;204m▀[38;2;130;123;131;48;2;196;199;204m▀[38;2;134;130;133;48;2;195;187;188m▀[38;2;143;137;139;48;2;124;108;108m▀[38;2;133;120;126;48;2;124;113;117m▀[38;2;98;78;86;48;2;184;189;188m▀[38;2;115;102;107;48;2;193;202;200m▀[38;2;175;174;175;48;2;191;200;198m▀[38;2;195;201;199;48;2;190;199;198m▀[38;2;192;201;198;48;2;226;228;229m▀[38;2;195;198;202;48;2;239;235;241m▀[38;2;197;196;204;48;2;229;218;231m▀[38;2;195;197;202;48;2;220;211;224m▀[38;2;193;198;198;48;2;218;212;225m▀[38;2;192;199;197;48;2;217;212;228m▀[38;2;191;199;196;48;2;216;213;228m▀[38;2;190;198;199;48;2;224;218;230m▀[38;2;190;199;200;48;2;241;238;243m▀[38;2;191;201;201;48;2;228;231;231m▀[38;2;192;203;202;48;2;200;207;207m▀[38;2;191;200;199;48;2;191;199;197m▀[38;2;190;199;198;48;2;189;200;197m▀[38;2;189;199;198m▀[38;2;189;199;200;48;2;189;201;199m▀[38;2;189;199;201;48;2;193;202;203m▀[38;2;188;198;202;48;2;196;202;205m▀[38;2;189;199;204;48;2;190;201;205m▀[38;2;179;187;193;48;2;189;198;203m▀[38;2;117;125;132;48;2;175;182;189m▀[38;2;187;192;200;48;2;128;133;140m▀[38;2;192;198;207;48;2;154;155;163m▀[38;2;122;128;136;48;2;153;157;163m▀[38;2;151;164;168;48;2;174;184;188m▀[38;2;188;201;204;48;2;161;175;176m▀[38;2;195;197;201;48;2;158;168;169m▀[38;2;119;116;119;48;2;169;173;176m▀[38;2;115;108;109;48;2;179;173;173m▀[38;2;241;236;233;48;2;107;91;88m▀[38;2;253;253;252;48;2;218;212;208m▀[38;2;254;254;254;48;2;254;253;253m▀[38;2;255;255;255;48;2;255;255;255m▀▀▀▀▀▀▀▀▀▀▀▀▀▀▀▀[0m
[38;2;125;119;121;48;2;245;239;242m▀[38;2;152;146;148;48;2;181;172;176m▀[38;2;101;85;90;48;2;111;96;103m▀[38;2;95;75;82;48;2;75;61;69m▀[38;2;91;84;90;48;2;107;114;119m▀[38;2;221;214;222;48;2;223;220;232m▀[38;2;181;159;224;48;2;113;80;207m▀[38;2;135;106;209;48;2;113;74;225m▀[38;2;210;195;232;48;2;146;118;214m▀[38;2;217;223;216;48;2;207;200;202m▀[38;2;186;184;178;48;2;122;116;117m▀[38;2;216;202;124;48;2;156;152;128m▀[38;2;244;221;131;48;2;201;189;162m▀[38;2;146;140;138;48;2;157;151;134m▀[38;2;151;149;146;48;2;166;165;159m▀[38;2;179;181;177;48;2;176;177;175m▀[38;2;191;200;199;48;2;183;191;188m▀[38;2;189;199;199;48;2;190;199;198m▀[38;2;191;198;200;48;2;192;197;200m▀▀[38;2;191;199;202;48;2;191;199;202m▀▀[38;2;190;198;203;48;2;189;199;199m▀[38;2;190;199;202;48;2;192;197;199m▀[38;2;191;200;202;48;2;130;123;124m▀[38;2;160;156;156;48;2;130;116;116m▀[38;2;100;90;89;48;2;193;195;193m▀[38;2;173;173;171;48;2;190;199;198m▀[38;2;190;199;198m▀▀▀[48;2;189;199;198m▀[38;2;214;222;219;48;2;218;225;222m▀[38;2;201;189;228;48;2;160;138;212m▀[38;2;116;79;223;48;2;116;72;224m▀[38;2;114;73;224;48;2;117;73;223m▀[38;2;115;73;223;48;2;117;72;223m▀[38;2;109;76;223;48;2;111;75;223m▀[38;2;111;75;223;48;2;115;73;223m▀[38;2;114;75;223;48;2;119;72;223m▀[38;2;113;77;224;48;2;117;75;224m▀[38;2;114;79;224;48;2;116;76;226m▀[38;2;160;133;217;48;2;116;77;221m▀[38;2;238;232;231;48;2;159;135;218m▀[38;2;200;201;198;48;2;193;192;194m▀[38;2;142;132;134;48;2;137;125;129m▀[38;2;101;79;86;48;2;179;177;178m▀[38;2;96;68;77;48;2;193;199;197m▀[38;2;114;95;101;48;2;190;202;196m▀[38;2;129;121;124;48;2;188;203;198m▀[38;2;175;182;183;48;2;191;200;200m▀[38;2;188;199;200;48;2;190;199;201m▀[38;2;188;199;202;48;2;188;199;201m▀[38;2;187;199;202m▀[38;2;149;151;155;48;2;188;200;199m▀[38;2;130;125;130;48;2;191;201;200m▀[38;2;129;124;129;48;2;193;198;198m▀[38;2;158;160;165;48;2;160;158;161m▀[38;2;189;195;199;48;2;119;116;120m▀[38;2;189;198;200;48;2;127;121;127m▀[38;2;190;198;200;48;2;184;185;189m▀[38;2;190;192;191;48;2;192;199;203m▀[38;2;115;105;101;48;2;194;198;201m▀[38;2;191;183;180;48;2;130;122;119m▀[38;2;253;252;252;48;2;175;168;166m▀[38;2;254;254;254;48;2;253;253;252m▀[38;2;255;255;255;48;2;255;255;255m▀▀▀▀▀▀▀▀▀▀[38;2;254;254;254;48;2;254;254;254m▀[38;2;255;255;254;48;2;255;255;251m▀[38;2;255;254;246;48;2;253;249;218m▀[38;2;255;255;252;48;2;252;242;175m▀[0m
[38;2;252;247;251;48;2;240;235;239m▀[38;2;131;121;127;48;2;121;109;115m▀[38;2;104;94;100;48;2;96;83;93m▀[38;2;129;126;132;48;2;149;153;160m▀[38;2;108;111;119;48;2;129;131;142m▀[38;2;228;227;235;48;2;206;206;212m▀[38;2;118;89;203;48;2;148;124;212m▀[38;2;112;73;225;48;2;112;74;222m▀[38;2;140;112;218;48;2;122;97;209m▀[38;2;230;224;225;48;2;214;211;214m▀[38;2;134;127;128;48;2;170;168;169m▀[38;2;190;196;192;48;2;189;195;193m▀[38;2;213;207;168;48;2;161;154;133m▀[38;2;247;231;127;48;2;187;171;95m▀[38;2;194;184;161;48;2;177;170;159m▀[38;2;193;198;196;48;2;187;197;200m▀[38;2;171;175;175;48;2;202;205;206m▀[38;2;179;184;184;48;2;198;198;200m▀[38;2;193;198;201;48;2;196;198;201m▀[38;2;194;198;201;48;2;176;178;182m▀[38;2;193;198;202;48;2;175;180;184m▀[38;2;190;199;200;48;2;176;176;180m▀[38;2;187;199;194;48;2;97;89;90m▀[38;2;110;103;105;48;2;150;152;149m▀[38;2;156;148;150;48;2;189;198;201m▀[38;2;191;197;200;48;2;189;198;203m▀[38;2;188;200;199;48;2;190;198;201m▀[38;2;189;199;198;48;2;192;197;200m▀[48;2;194;199;201m▀[38;2;190;198;198;48;2;203;207;207m▀[38;2;190;199;198;48;2;199;203;204m▀[48;2;195;199;200m▀[38;2;209;219;216;48;2;195;201;203m▀[38;2;216;211;231;48;2;212;222;220m▀[38;2;145;113;207;48;2;229;232;233m▀[38;2;152;121;208;48;2;227;228;231m▀[38;2;191;170;224;48;2;215;218;220m▀[38;2;212;202;223;48;2;184;189;193m▀[38;2;219;209;221;48;2;137;138;144m▀[38;2;218;207;220;48;2;137;137;142m▀[38;2;207;191;223;48;2;232;223;236m▀[38;2;130;99;212;48;2;116;84;215m▀[38;2;115;76;227;48;2;113;77;224m▀[38;2;125;97;222;48;2;146;125;209m▀[38;2;234;235;239;48;2;230;230;235m▀[38;2;191;197;198;48;2;191;196;200m▀[38;2;191;200;198;48;2;193;198;200m▀[38;2;192;200;198;48;2;192;199;200m▀[38;2;189;200;197;48;2;190;199;196m▀[38;2;188;200;198;48;2;190;199;197m▀[38;2;190;199;198;48;2;190;199;198m▀[38;2;190;198;200;48;2;190;198;200m▀[38;2;189;199;201;48;2;189;199;201m▀▀[38;2;189;199;200;48;2;189;199;200m▀▀[38;2;189;201;201;48;2;190;200;201m▀▀[38;2;193;201;202m▀[38;2;188;188;190;48;2;191;200;200m▀[38;2;128;122;126;48;2;190;194;196m▀[38;2;127;121;126;48;2;186;181;185m▀[38;2;186;185;191;48;2;123;118;122m▀[38;2;194;198;201;48;2;130;126;131m▀[38;2;140;133;133;48;2;189;191;194m▀[38;2;175;166;164;48;2;145;137;136m▀[38;2;253;252;252;48;2;186;179;178m▀[38;2;254;254;253;48;2;253;253;253m▀[38;2;255;255;255;48;2;255;255;255m▀▀▀▀▀▀[48;2;254;255;255m▀▀[38;2;255;254;252;48;2;253;251;207m▀[38;2;254;254;248;48;2;250;242;151m▀[38;2;251;247;178;48;2;253;252;227m▀[38;2;250;239;131;48;2;254;252;243m▀[0m
[38;2;194;190;182;48;2;167;162;142m▀[38;2;133;120;124;48;2;138;129;134m▀[38;2;103;98;103;48;2;107;106;110m▀[38;2;146;153;165;48;2;144;155;170m▀[38;2;147;154;167;48;2;145;153;167m▀[38;2;172;176;186;48;2;151;159;170m▀[38;2;186;170;226;48;2;220;211;234m▀[38;2;111;74;220;48;2;114;75;219m▀[38;2;113;82;206;48;2;115;76;217m▀[38;2;232;226;238;48;2;223;212;233m▀[38;2;186;192;197;48;2;140;146;152m▀[38;2;124;132;135;48;2;126;130;135m▀[38;2;87;85;89;48;2;172;168;172m▀[38;2;156;147;149;48;2;250;244;247m▀[38;2;179;179;150;48;2;212;197;227m▀[38;2;228;230;230;48;2;157;135;209m▀[38;2;232;225;239;48;2;115;80;207m▀[38;2;176;159;221;48;2;113;76;226m▀[38;2;178;167;222;48;2;109;78;218m▀[38;2;234;234;228;48;2;205;192;232m▀[38;2;178;174;180;48;2;123;110;115m▀[38;2;85;70;77;48;2;108;107;107m▀[38;2;135;132;133;48;2;184;195;197m▀[38;2;189;197;199;48;2;192;199;205m▀[38;2;207;208;213;48;2;239;237;245m▀[38;2;235;234;240;48;2;145;128;208m▀[38;2;239;239;239;48;2;122;99;213m▀[38;2;223;222;231;48;2;220;210;240m▀[38;2;238;236;240;48;2;212;200;238m▀[38;2;208;201;231;48;2;104;76;213m▀[38;2;213;206;234;48;2;111;81;215m▀[38;2;233;233;228;48;2;218;210;234m▀[38;2;193;198;201;48;2;203;206;210m▀[38;2;188;198;200;48;2;190;197;204m▀[38;2;190;197;202;48;2;155;159;167m▀[38;2;183;189;198;48;2;113;115;126m▀[38;2;137;140;148;48;2;94;91;102m▀[38;2;109;107;115;48;2;114;107;117m▀[38;2;97;93;101;48;2;237;231;235m▀[38;2;222;215;219;48;2;175;148;218m▀[38;2;148;122;211;48;2;113;74;220m▀[38;2;111;75;223;48;2;115;80;217m▀[38;2;112;81;220;48;2;170;155;216m▀[38;2;211;203;234;48;2;237;238;232m▀[38;2;213;215;219;48;2;196;199;204m▀[38;2;190;197;201;48;2;194;199;204m▀[38;2;193;198;201;48;2;237;238;241m▀[48;2;224;226;229m▀[48;2;235;241;242m▀[38;2;190;198;200;48;2;218;222;225m▀[38;2;190;199;197;48;2;195;200;204m▀[38;2;190;199;199;48;2;192;198;201m▀[38;2;190;198;200;48;2;190;198;200m▀▀▀▀[38;2;191;199;201;48;2;191;199;201m▀▀[38;2;190;198;200;48;2;189;198;200m▀[38;2;189;198;199;48;2;189;197;199m▀[38;2;186;194;196;48;2;187;198;199m▀[38;2;151;153;157;48;2;188;200;200m▀[38;2;143;137;142;48;2;190;197;199m▀[38;2;157;152;157;48;2;156;154;159m▀[38;2;117;109;114;48;2;137;128;134m▀[38;2;161;151;157;48;2;150;139;145m▀[38;2;146;130;131;48;2;121;106;111m▀[38;2;195;186;186;48;2;114;90;94m▀[38;2;254;253;254;48;2;196;185;187m▀[38;2;253;253;254;48;2;253;253;254m▀[38;2;255;255;255;48;2;255;255;255m▀▀▀[48;2;254;255;255m▀[38;2;252;255;253;48;2;251;247;198m▀[38;2;252;254;252;48;2;248;237;133m▀[38;2;251;247;200;48;2;254;251;227m▀[38;2;248;236;132;48;2;254;253;244m▀[38;2;253;252;237;48;2;254;255;254m▀[38;2;253;255;254;48;2;253;255;255m▀[0m
[38;2;159;151;113;48;2;178;167;140m▀[38;2;153;145;154;48;2;230;209;130m▀[38;2;102;92;100;48;2;123;109;73m▀[38;2;141;156;168;48;2;143;153;160m▀[38;2;140;155;166;48;2;142;156;165m▀[38;2;142;154;163;48;2;160;171;179m▀[38;2;233;230;236;48;2;230;228;231m▀[38;2;119;86;208;48;2;148;121;209m▀[38;2;115;74;220;48;2;114;75;222m▀[38;2;199;181;232;48;2;148;116;215m▀[38;2;233;228;232;48;2;136;108;209m▀[38;2;221;217;228;48;2;111;81;220m▀[38;2;173;155;217;48;2;112;79;227m▀[38;2;127;93;213;48;2;115;77;227m▀[38;2;114;76;215;48;2;115;78;226m▀[38;2;115;74;232;48;2;133;101;211m▀[38;2;116;74;235;48;2;173;150;217m▀[38;2;117;77;227;48;2;207;192;222m▀[38;2;121;88;211;48;2;232;224;231m▀[38;2;223;213;229;48;2;171;168;174m▀[38;2;114;114;115;48;2;142;149;154m▀[38;2;169;179;183;48;2;188;198;204m▀[38;2;189;198;202;48;2;191;197;202m▀[38;2;194;200;202;48;2;194;200;200m▀[38;2;224;216;232;48;2;239;232;242m▀[38;2;111;78;219;48;2;117;80;218m▀[38;2;111;77;229;48;2;113;75;228m▀[38;2;172;152;227;48;2;177;152;230m▀[38;2;197;179;238;48;2;192;173;229m▀[38;2;108;73;217;48;2;112;72;217m▀[38;2;112;75;220;48;2;114;74;220m▀[38;2;201;187;232;48;2;208;193;235m▀[38;2;195;196;203;48;2;138;134;147m▀[38;2;128;133;142;48;2;107;107;120m▀[38;2;109;110;122;48;2;78;70;83m▀[38;2;83;76;91;48;2;137;138;146m▀[38;2;128;122;135;48;2;202;201;211m▀[38;2;242;235;243;48;2;223;215;228m▀[38;2;168;143;209;48;2;113;76;215m▀[38;2;115;73;218;48;2;114;72;221m▀[38;2;114;74;223;48;2;114;74;224m▀[38;2;148;123;215;48;2;194;176;228m▀[38;2;238;237;240;48;2;228;228;230m▀[38;2;181;185;187;48;2;194;199;202m▀[38;2;175;179;182;48;2;197;201;204m▀[38;2;222;225;228;48;2;230;230;234m▀[38;2;164;152;212;48;2;139;120;202m▀[38;2;109;80;210;48;2;110;75;228m▀[38;2;126;102;200;48;2;111;75;232m▀[38;2;181;172;216;48;2;112;75;229m▀[38;2;233;234;240;48;2;113;80;213m▀[38;2;229;233;236;48;2;150;130;212m▀[38;2;208;214;217;48;2;202;196;226m▀[38;2;194;199;204;48;2;238;240;244m▀[38;2;191;198;201;48;2;226;230;233m▀[38;2;190;198;201;48;2;211;216;219m▀[38;2;191;199;201;48;2;195;204;204m▀[38;2;175;183;185;48;2;193;202;202m▀[38;2;162;163;168;48;2;176;178;181m▀[38;2;188;196;198;48;2;125;117;123m▀[38;2;188;200;200;48;2;185;199;197m▀[48;2;186;201;198m▀[48;2;187;200;200m▀[38;2;187;200;200;48;2;189;199;200m▀[38;2;184;188;190;48;2;188;199;200m▀[38;2;126;118;124;48;2;191;197;199m▀[38;2;173;161;167;48;2;128;124;128m▀[38;2;122;102;109;48;2;169;158;164m▀[38;2;57;33;37;48;2;154;135;142m▀[38;2;214;205;207;48;2;77;55;59m▀[38;2;254;253;254;48;2;227;220;224m▀[38;2;254;254;254;48;2;254;252;254m▀[38;2;253;254;246;48;2;251;245;200m▀[38;2;250;254;230;48;2;246;235;119m▀[38;2;252;249;202;48;2;254;252;223m▀[38;2;250;238;156;48;2;255;253;250m▀[38;2;253;253;249;48;2;254;255;254m▀[38;2;253;255;254;48;2;254;255;255m▀[38;2;254;255;255m▀▀[0m
[38;2;185;174;155;48;2;198;191;189m▀[38;2;229;210;120;48;2;193;179;176m▀[38;2;186;178;144;48;2;217;213;227m▀[38;2;193;191;196;48;2;157;135;206m▀[38;2;237;235;240;48;2;123;89;209m▀[38;2;216;203;232;48;2;117;78;226m▀[38;2;176;150;223;48;2;117;76;232m▀[38;2;130;95;216;48;2;115;75;230m▀[38;2;115;75;224;48;2;115;75;224m▀[38;2;115;76;224;48;2;116;78;222m▀[38;2;113;78;223;48;2;190;169;223m▀[38;2;113;81;220;48;2;238;230;240m▀[38;2;143;119;206;48;2;213;207;208m▀[38;2;188;169;223;48;2;157;151;151m▀[38;2;231;221;233;48;2;224;219;219m▀[38;2;252;248;242;48;2;200;195;196m▀[38;2;241;238;239;48;2;169;165;166m▀[38;2;177;162;168;48;2;113;96;103m▀[38;2;69;50;55;48;2;101;98;103m▀[38;2;111;118;122;48;2;148;156;163m▀[38;2;181;192;196;48;2;192;200;204m▀[38;2;202;205;210;48;2;237;240;243m▀[38;2;231;233;231;48;2;166;139;221m▀[38;2;240;239;235;48;2;120;83;210m▀[38;2;228;216;229;48;2;118;77;211m▀[38;2;126;89;219;48;2;115;72;224m▀[38;2;113;76;227;48;2;114;74;226m▀[38;2;136;102;224;48;2;114;75;225m▀[38;2;147;114;222;48;2;115;76;225m▀[38;2;113;72;224;48;2;112;73;224m▀[38;2;112;76;221;48;2;112;75;223m▀[38;2;216;202;235;48;2;122;92;205m▀[38;2;172;168;173;48;2;219;211;230m▀[38;2;78;76;79;48;2;236;235;223m▀[38;2;138;135;138;48;2;173;169;166m▀[38;2;196;196;201;48;2;200;197;202m▀[38;2;202;200;205;48;2;199;198;203m▀[38;2;232;227;237;48;2;209;208;211m▀[38;2;117;86;218;48;2;220;212;235m▀[38;2;111;75;219;48;2;161;139;213m▀[38;2;114;75;225;48;2;114;80;213m▀[38;2;115;78;213;48;2;114;75;227m▀[38;2;178;163;210;48;2;116;80;213m▀[38;2;234;239;240;48;2;210;199;231m▀[38;2;198;202;206;48;2;214;219;221m▀[38;2;215;217;221;48;2;199;201;207m▀[38;2;219;213;240;48;2;214;214;223m▀[38;2;144;122;211;48;2;235;234;229m▀[38;2;113;85;219;48;2;241;239;242m▀[38;2;109;77;220;48;2;224;217;232m▀[38;2;110;76;225;48;2;189;172;230m▀[38;2;110;74;225;48;2;157;136;216m▀[38;2;110;76;223;48;2;124;96;208m▀[38;2;119;86;216;48;2;116;79;214m▀[38;2;161;135;215;48;2;116;76;220m▀[38;2;199;182;226;48;2;116;75;219m▀[38;2;236;230;240;48;2;118;77;208m▀[38;2;235;235;236;48;2;139;103;208m▀[38;2;223;225;221;48;2;177;153;216m▀[38;2;177;178;178;48;2;209;193;225m▀[38;2;120;126;125;48;2;229;221;233m▀[38;2;189;197;197;48;2;239;237;242m▀[38;2;189;198;200;48;2;228;232;235m▀[38;2;189;199;200;48;2;218;223;225m▀[48;2;213;219;221m▀[38;2;189;200;201;48;2;206;214;216m▀[38;2;191;199;201;48;2;192;201;202m▀[38;2;124;123;127;48;2;191;199;200m▀[38;2;153;152;154;48;2;116;108;113m▀[38;2;173;177;178;48;2;145;142;145m▀[38;2;99;90;79;48;2;219;212;159m▀[38;2;240;236;200;48;2;248;233;111m▀[38;2;252;247;222;48;2;237;230;199m▀[38;2;246;243;183;48;2;251;253;248m▀[38;2;254;253;245;48;2;254;254;249m▀[38;2;255;253;251;48;2;255;254;250m▀[38;2;255;255;251;48;2;255;255;251m▀[38;2;255;255;253;48;2;255;255;253m▀[38;2;255;255;254m▀[38;2;255;255;255m▀[0m
[38;2;240;237;234;48;2;253;251;250m▀[38;2;209;202;207;48;2;245;241;244m▀[38;2;129;100;213;48;2;139;113;216m▀[38;2;114;77;226;48;2;111;75;225m▀[38;2;115;76;228;48;2;122;91;210m▀[38;2;115;76;225;48;2;185;164;229m▀[38;2;120;85;210;48;2;233;222;232m▀[38;2;152;121;218;48;2;235;225;239m▀[38;2;115;76;220;48;2;116;78;219m▀[38;2;115;77;218;48;2;115;76;219m▀[38;2;215;203;227;48;2;182;160;230m▀[38;2;189;181;188;48;2;237;226;238m▀[38;2;160;152;158;48;2;223;211;230m▀[38;2;236;229;234;48;2;219;208;225m▀[38;2;150;142;149;48;2;223;211;225m▀[38;2;141;134;139;48;2;233;224;237m▀[38;2;162;157;162;48;2;205;200;208m▀[38;2;81;72;81;48;2;155;154;163m▀[38;2;110;114;124;48;2;141;144;154m▀[38;2;184;190;199;48;2;193;197;207m▀[38;2;195;202;208;48;2;192;200;205m▀[38;2;216;219;229;48;2;236;238;243m▀[38;2;115;75;217;48;2;153;129;213m▀[38;2;118;73;230;48;2;124;91;217m▀[38;2;115;76;221;48;2;169;147;220m▀[38;2;114;77;221;48;2;173;151;218m▀[38;2;114;76;221;48;2;114;76;218m▀[38;2;115;78;221;48;2;117;81;222m▀[38;2;130;100;222;48;2;236;227;239m▀[38;2;118;84;218;48;2;246;237;245m▀[38;2;111;74;214;48;2;136;104;204m▀[38;2;115;75;226;48;2;116;74;225m▀[38;2;136;110;204;48;2;120;85;215m▀[38;2;252;249;248;48;2;229;221;229m▀[38;2;200;198;197;48;2;245;241;243m▀[38;2;172;167;171;48;2;139;135;138m▀[38;2;135;135;140;48;2;189;189;194m▀[38;2;162;164;166;48;2;198;202;204m▀[38;2;211;212;211;48;2;197;200;200m▀[38;2;233;234;234;48;2;199;202;204m▀[38;2;226;216;234;48;2;230;229;234m▀[38;2;121;89;219;48;2;162;145;212m▀[38;2;114;75;227;48;2;112;77;230m▀[38;2;149;125;209;48;2;121;93;213m▀[38;2;234;237;241;48;2;237;238;242m▀[38;2;197;202;206;48;2;198;203;207m▀[38;2;194;199;205;48;2;182;187;193m▀[38;2;197;199;205;48;2;142;147;152m▀[38;2;167;171;175;48;2;165;170;174m▀[38;2;181;182;186;48;2;195;200;203m▀[38;2;217;214;220;48;2;194;195;200m▀[38;2;226;223;229;48;2;122;117;124m▀[38;2;229;225;231;48;2;158;157;163m▀[38;2;230;224;235;48;2;201;204;210m▀[38;2;191;178;221;48;2;214;217;219m▀[38;2;152;132;208;48;2;230;232;230m▀[38;2;119;90;205;48;2;239;237;243m▀[38;2;115;76;217;48;2;219;210;231m▀[38;2;119;72;226;48;2;186;167;222m▀[38;2;121;73;221;48;2;148;120;210m▀[38;2;111;76;209;48;2;113;78;223m▀[38;2;116;85;210;48;2;111;74;226m▀[38;2;140;114;211;48;2;111;75;228m▀[38;2;150;129;207;48;2;111;74;227m▀[38;2;174;158;221;48;2;109;75;221m▀[38;2;206;197;233;48;2;111;80;217m▀[38;2;230;235;237;48;2;216;212;235m▀[38;2;190;201;202;48;2;198;207;207m▀[38;2;189;197;198;48;2;190;198;201m▀[38;2;101;88;95;48;2;184;186;186m▀[38;2;145;138;129;48;2;84;76;76m▀[38;2;216;208;165;48;2;154;152;160m▀[38;2;142;129;126;48;2;229;221;220m▀[38;2;197;192;189;48;2;171;164;163m▀[38;2;253;252;248;48;2;191;188;185m▀[38;2;254;254;250;48;2;253;253;249m▀[38;2;255;255;253;48;2;255;255;253m▀▀▀▀[0m
[38;2;254;255;252;48;2;253;255;252m▀[38;2;254;253;251;48;2;253;254;251m▀[38;2;234;231;232;48;2;189;188;183m▀[38;2;214;204;224;48;2;199;198;188m▀[38;2;246;241;246;48;2;240;238;239m▀[38;2;252;246;252;48;2;214;209;214m▀[38;2;112;100;104;48;2;86;75;82m▀[38;2;223;220;226;48;2;217;215;221m▀[38;2;117;83;211;48;2;136;105;216m▀[38;2;115;76;221;48;2;115;76;220m▀[38;2;112;77;221;48;2;113;76;221m▀[38;2;111;77;223;48;2;112;77;223m▀▀▀[38;2;111;78;219;48;2;111;77;222m▀[38;2;112;79;215;48;2;113;76;223m▀[38;2;139;114;207;48;2;111;76;223m▀[38;2;209;198;231;48;2;111;79;221m▀[38;2;232;231;235;48;2;183;172;217m▀[38;2;197;201;201;48;2;232;234;236m▀[38;2;191;201;201;48;2;194;203;205m▀[38;2;201;211;213;48;2;189;202;203m▀[38;2;235;236;239;48;2;192;199;201m▀[38;2;241;237;243;48;2;197;197;201m▀[38;2;234;227;235;48;2;202;200;202m▀[38;2;220;205;231;48;2;238;232;242m▀[38;2;115;78;214;48;2;116;83;212m▀[38;2;116;75;224;48;2;115;75;225m▀[38;2;206;191;224;48;2;147;118;213m▀[38;2;235;225;238;48;2;245;236;244m▀[38;2;117;83;214;48;2;134;105;210m▀[38;2;115;75;229;48;2;115;82;211m▀[38;2;129;98;211;48;2;196;179;221m▀[38;2;224;214;223;48;2;225;218;223m▀[38;2;193;187;188;48;2;174;165;167m▀[38;2;212;208;211;48;2;249;246;249m▀[38;2;179;178;182;48;2;168;164;166m▀[38;2;198;202;205;48;2;199;199;203m▀[38;2;197;201;202;48;2;198;199;203m▀[38;2;198;201;204;48;2;209;208;210m▀[38;2;231;228;237;48;2;237;232;240m▀[38;2;162;142;219;48;2;122;94;209m▀[38;2;112;78;220;48;2;112;77;220m▀[38;2;122;94;217;48;2;149;122;216m▀[38;2;234;233;238;48;2;208;203;209m▀[38;2;158;158;164;48;2;105;100;107m▀[38;2;122;124;130;48;2;163;161;166m▀[38;2;170;173;177;48;2;203;203;207m▀[38;2;198;202;205;48;2;191;195;198m▀[38;2;190;195;198;48;2;144;146;150m▀[38;2;148;145;152;48;2;102;88;98m▀[38;2;105;95;103;48;2;148;145;152m▀[38;2;185;190;198;48;2;193;200;203m▀[38;2;194;201;205;48;2;194;201;204m▀[38;2;195;201;200;48;2;194;200;202m▀[38;2;195;201;198;48;2;181;187;187m▀[38;2;192;201;200;48;2;187;196;195m▀[38;2;202;209;209;48;2;193;200;200m▀[38;2;218;220;221;48;2;195;197;198m▀[38;2;220;219;220;48;2;142;145;148m▀[38;2;237;230;239;48;2;194;202;207m▀[38;2;198;185;220;48;2;208;219;215m▀[38;2;152;129;209;48;2;211;215;209m▀[38;2;114;81;211;48;2;234;229;236m▀[38;2;110;77;222;48;2;204;193;229m▀[38;2;114;82;211;48;2;221;210;235m▀[38;2;221;211;236;48;2;238;235;233m▀[38;2;199;205;206;48;2;236;240;238m▀[38;2;190;199;203;48;2;221;238;241m▀[38;2;188;200;200;48;2;230;247;248m▀[38;2;153;157;158;48;2;233;240;241m▀[38;2;221;225;227;48;2;189;227;222m▀[38;2;144;216;206;48;2;76;196;178m▀[38;2;177;229;222;48;2;103;203;190m▀[38;2;183;180;178;48;2;221;233;230m▀[38;2;184;179;177;48;2;152;142;143m▀[38;2;254;254;252;48;2;182;178;178m▀[48;2;253;252;252m▀[38;2;255;255;253;48;2;255;255;253m▀▀[0m
[38;2;253;255;252;48;2;253;255;252m▀[38;2;254;254;252;48;2;254;254;252m▀[38;2;254;253;254;48;2;253;253;251m▀[38;2;234;233;233;48;2;254;253;253m▀[38;2;247;245;248;48;2;248;245;246m▀[38;2;133;125;134;48;2;91;78;88m▀[38;2;104;101;118;48;2;111;113;129m▀[38;2;173;175;185;48;2;102;107;119m▀[38;2;203;191;226;48;2;165;165;169m▀[38;2;116;85;203;48;2;220;213;224m▀[38;2;112;83;197;48;2;232;225;236m▀[38;2;142;119;206;48;2;202;198;201m▀[38;2;176;162;220;48;2;167;168;173m▀[38;2;200;191;227;48;2;135;139;146m▀[38;2;202;188;234;48;2;98;96;101m▀[38;2;178;157;222;48;2;189;186;190m▀[38;2;120;88;208;48;2;220;208;236m▀[38;2;113;76;227;48;2;117;79;225m▀[38;2;116;87;206;48;2;116;72;233m▀[38;2;222;214;235;48;2;172;149;217m▀[38;2;203;208;211;48;2;227;225;230m▀[38;2;193;203;204;48;2;194;203;204m▀[48;2;194;202;204m▀[38;2;196;201;204;48;2;197;200;203m▀[38;2;193;195;196;48;2;140;143;147m▀[38;2;223;222;225;48;2;151;151;155m▀[38;2;145;122;211;48;2;234;229;239m▀[38;2;111;80;206;48;2;190;174;229m▀[38;2;136;109;210;48;2;229;217;235m▀[38;2;235;225;233;48;2;162;154;158m▀[38;2;246;238;246;48;2;229;224;224m▀[38;2;228;219;228;48;2;159;151;151m▀[38;2;233;228;232;48;2;190;184;185m▀[38;2;204;198;198;48;2;191;185;187m▀[38;2;196;186;190;48;2;196;188;191m▀[38;2;202;194;196;48;2;163;156;159m▀[38;2;220;219;216;48;2;245;249;243m▀[38;2;177;166;169;48;2;169;157;157m▀[38;2;210;206;215;48;2;216;210;205m▀[38;2;241;237;238;48;2;175;159;215m▀[38;2;144;119;216;48;2;111;80;209m▀[38;2;113;76;225;48;2;112;76;226m▀[38;2;112;77;216;48;2;143;116;217m▀[38;2;205;190;225;48;2;239;231;237m▀[38;2;164;156;160;48;2;193;186;189m▀[38;2;179;172;176;48;2;203;197;199m▀[38;2;205;200;205;48;2;168;163;167m▀[38;2;182;180;182;48;2;145;140;144m▀[38;2;146;141;142;48;2;116;82;88m▀[38;2;113;83;91;48;2;63;15;25m▀[38;2;101;77;89;48;2;147;126;137m▀[38;2;173;172;177;48;2;196;192;199m▀[38;2;199;200;202;48;2;200;200;201m▀[38;2;196;200;200;48;2;224;226;225m▀[38;2;195;199;200;48;2;198;202;203m▀[38;2;164;168;168;48;2;159;163;164m▀[38;2;194;200;200;48;2;211;216;216m▀[38;2;195;201;201;48;2;203;207;208m▀[38;2;196;198;200;48;2;197;200;201m▀[38;2;123;127;128;48;2;129;133;134m▀[38;2;141;151;152;48;2;112;117;121m▀[38;2;189;201;201;48;2;182;189;192m▀[38;2;165;170;169;48;2;192;201;199m▀[38;2;152;151;150;48;2;139;136;136m▀[38;2;199;209;208;48;2;192;202;201m▀[38;2;197;206;207;48;2;189;199;200m▀[38;2;205;208;215;48;2;197;206;210m▀[38;2;195;232;227;48;2;213;241;237m▀[38;2;70;196;181;48;2;88;191;188m▀[38;2;84;193;185;48;2;67;194;187m▀[38;2;128;212;208;48;2;64;199;186m▀[38;2;95;201;192;48;2;64;199;187m▀[38;2;71;197;186;48;2;66;199;189m▀[38;2;104;204;198;48;2;81;200;192m▀[38;2;221;230;231;48;2;186;232;227m▀[38;2;194;196;196;48;2;235;242;247m▀[38;2;146;137;141;48;2;232;223;229m▀[38;2;190;184;188;48;2;142;130;136m▀[38;2;253;251;252;48;2;209;201;205m▀[38;2;254;254;251;48;2;254;252;252m▀[0m
[38;2;252;254;251;48;2;232;229;228m▀[38;2;253;254;251;48;2;159;133;139m▀[38;2;251;248;244;48;2;75;36;41m▀[38;2;199;189;183;48;2;49;11;9m▀[38;2;107;85;83;48;2;51;16;16m▀[38;2;90;83;92;48;2;112;112;116m▀[38;2;106;109;128;48;2;86;89;104m▀[38;2;108;111;129;48;2;108;111;130m▀[48;2;108;110;129m▀[38;2;97;95;109;48;2;95;91;103m▀[38;2;171;161;168;48;2;177;166;172m▀[38;2;94;88;95;48;2;93;88;97m▀[38;2;110;112;123;48;2;110;112;124m▀[38;2;95;91;104;48;2;77;59;70m▀[38;2;83;70;82;48;2;105;106;120m▀[38;2;111;113;125;48;2;106;110;123m▀[38;2;217;217;220;48;2;199;198;206m▀[38;2;142;111;206;48;2;146;117;208m▀[38;2;118;74;217;48;2;118;73;225m▀[38;2;140;107;220;48;2;128;92;224m▀[38;2;238;233;240;48;2;237;233;240m▀[38;2;194;203;204;48;2;193;201;203m▀[38;2;197;201;204;48;2;181;185;189m▀[38;2;165;167;172;48;2;120;122;129m▀[38;2;117;118;124;48;2;117;117;127m▀[38;2;120;115;125;48;2;120;116;125m▀[38;2;136;126;136;48;2;90;81;89m▀[38;2;140;130;138;48;2;124;116;123m▀[38;2;147;139;148;48;2;125;120;127m▀[38;2;121;117;121;48;2;131;124;132m▀[38;2;191;179;183;48;2;155;137;144m▀[38;2;182;168;171;48;2;214;209;211m▀[38;2;172;163;166;48;2;123;114;117m▀[38;2;176;169;172;48;2;135;126;129m▀[38;2;175;168;170;48;2;132;123;123m▀[38;2;159;148;151;48;2;137;123;125m▀[38;2;198;190;189;48;2;144;118;122m▀[38;2;222;215;211;48;2;230;217;213m▀[38;2;173;158;161;48;2;148;127;127m▀[38;2;181;164;220;48;2;233;224;228m▀[38;2;109;81;205;48;2;209;196;234m▀[38;2;117;88;208;48;2;230;221;240m▀[38;2;226;217;237;48;2;214;209;215m▀[38;2;213;208;215;48;2;135;129;137m▀[38;2;183;181;181;48;2;147;139;139m▀[38;2;153;148;149;48;2;141;126;127m▀[38;2;144;137;138;48;2;139;103;93m▀[38;2;119;89;94;48;2;231;191;165m▀[38;2;135;87;94;48;2;123;78;79m▀[38;2;95;58;63;48;2;139;112;118m▀[38;2;166;153;162;48;2;180;172;177m▀[38;2;205;202;206;48;2;203;202;202m▀[38;2;201;201;201;48;2;201;202;201m▀[48;2;201;201;201m▀[38;2;183;184;186;48;2;155;156;158m▀[38;2;171;172;174;48;2;192;193;195m▀[38;2;240;243;244;48;2;200;204;205m▀[38;2;218;222;223m▀[38;2;198;199;201;48;2;196;200;201m▀[38;2;129;132;135;48;2;130;131;135m▀[38;2;121;126;132;48;2;125;127;136m▀[38;2;137;144;150;48;2;109;115;125m▀[38;2;192;202;202;48;2;191;198;200m▀[38;2;147;144;145;48;2;151;154;155m▀[38;2;193;200;200;48;2;191;195;196m▀[38;2;189;200;198;48;2;190;200;199m▀[38;2;188;200;200;48;2;188;200;200m▀[38;2;220;221;225;48;2;206;216;217m▀[38;2;217;236;241;48;2;235;244;247m▀[38;2;95;199;192;48;2;116;206;201m▀[38;2;68;198;190;48;2;68;197;191m▀[38;2;66;198;190;48;2;66;198;192m▀[38;2;63;198;190;48;2;64;198;191m▀[38;2;62;198;189;48;2;63;198;189m▀[38;2;64;201;181;48;2;64;200;185m▀[38;2;79;195;179;48;2;76;192;179m▀[38;2;204;232;233;48;2;196;231;230m▀[38;2;213;207;212;48;2;202;203;205m▀[38;2;129;120;125;48;2;195;193;196m▀[38;2;228;223;226;48;2;124;116;121m▀[0m
[38;2;65;17;29;48;2;235;235;234m▀[38;2;97;59;68;48;2;250;253;252m▀[38;2;155;134;137;48;2;252;253;252m▀[38;2;206;192;192;48;2;213;210;209m▀[38;2;96;77;79;48;2;100;87;89m▀[38;2;96;92;98;48;2;81;72;80m▀[38;2;98;100;112;48;2;113;117;127m▀[38;2;109;112;126;48;2;109;117;128m▀[38;2;108;111;128;48;2;111;117;133m▀[38;2;90;87;101;48;2;94;95;111m▀[38;2;158;147;155;48;2;79;71;81m▀[38;2;97;91;101;48;2;83;78;89m▀[38;2;109;110;121;48;2;93;84;95m▀[38;2;75;57;67;48;2;91;82;93m▀[38;2;109;115;129;48;2;110;118;131m▀[38;2;111;115;129;48;2;115;120;135m▀[38;2;226;224;231;48;2;222;216;235m▀[38;2;125;90;208;48;2;116;78;215m▀[38;2;118;73;227;48;2;118;73;223m▀[38;2;129;93;225;48;2;145;113;215m▀[38;2;236;233;239;48;2;219;215;221m▀[38;2;188;197;201;48;2;129;135;140m▀[38;2;133;139;144;48;2;106;110;116m▀[38;2;113;117;124;48;2;115;117;125m▀[38;2;116;118;123;48;2;121;121;125m▀[38;2;119;105;112;48;2;96;69;76m▀[38;2;104;94;98;48;2;120;86;94m▀[38;2;126;120;128;48;2;117;87;96m▀[48;2;112;88;95m▀[38;2;129;120;128;48;2;118;95;102m▀[38;2;122;103;108;48;2;130;102;105m▀[38;2;230;218;215;48;2;175;148;143m▀[38;2;122;108;107;48;2;145;122;118m▀[38;2;131;119;119;48;2;187;173;170m▀[38;2;109;98;95;48;2;234;224;220m▀[38;2;126;116;111;48;2;252;246;239m▀[38;2;161;134;132;48;2;251;247;238m▀[38;2;178;156;152;48;2;188;173;167m▀[38;2;154;130;129;48;2;131;119;113m▀[38;2;113;91;91;48;2;155;144;139m▀[38;2;179;167;165;48;2;152;143;139m▀[38;2;174;165;163;48;2;148;138;135m▀[38;2;145;140;138;48;2;141;116;115m▀[38;2;128;122;118;48;2;146;110;105m▀[38;2;128;103;96;48;2;177;137;119m▀[38;2;178;136;125;48;2;250;204;172m▀[38;2;252;203;179;48;2;253;204;177m▀[38;2;238;192;168;48;2;188;143;122m▀[38;2;94;55;53;48;2;120;90;91m▀[38;2;156;141;146;48;2;162;153;156m▀[38;2;195;191;191;48;2;202;201;198m▀[38;2;203;204;200;48;2;204;205;201m▀[38;2;201;202;197;48;2;202;202;198m▀[38;2;201;201;199;48;2;172;171;169m▀[38;2;139;139;139;48;2;159;159;159m▀[38;2;201;201;201;48;2;204;204;204m▀[38;2;202;202;204;48;2;202;202;204m▀[38;2;199;203;204;48;2;199;203;204m▀[38;2;194;202;202;48;2;193;204;202m▀[38;2;126;123;127;48;2;122;117;121m▀[38;2;126;128;136;48;2;129;126;135m▀[38;2;110;115;124;48;2;123;125;136m▀[38;2;166;171;176;48;2;137;140;148m▀[38;2;170;173;176;48;2;184;185;191m▀[38;2;168;174;174;48;2;152;155;156m▀[38;2;203;214;213;48;2;205;214;213m▀[38;2;201;211;211;48;2;206;213;215m▀[38;2;227;241;241;48;2;203;232;227m▀[38;2;100;203;194;48;2;78;192;190m▀[38;2;65;199;190;48;2;80;199;195m▀[38;2;63;200;190;48;2;152;222;221m▀[38;2;67;198;189;48;2;153;221;221m▀[38;2;67;196;189;48;2;70;193;187m▀[38;2;68;195;186;48;2;70;195;185m▀[38;2;166;224;221;48;2;187;231;228m▀[38;2;225;244;245;48;2;250;253;253m▀[38;2;253;253;254;48;2;252;253;250m▀[38;2;156;156;154;48;2;248;249;245m▀[38;2;181;183;183;48;2;147;147;146m▀[38;2;182;182;184;48;2;189;191;190m▀[0m
[38;2;254;255;254;48;2;255;255;253m▀[38;2;253;255;253;48;2;254;254;252m▀[38;2;254;254;252;48;2;248;245;244m▀[38;2;153;138;141;48;2;88;56;64m▀[38;2;91;74;81;48;2;88;76;86m▀[38;2;106;105;113;48;2;118;128;136m▀[38;2;110;123;131;48;2;109;127;136m▀[38;2;108;122;134;48;2;109;127;140m▀[38;2;110;121;135;48;2;110;123;136m▀[38;2;111;119;132;48;2;111;121;134m▀[38;2;111;117;127;48;2;111;119;130m▀[38;2;105;109;119;48;2;110;117;126m▀[38;2;55;40;50;48;2;78;58;69m▀[38;2;111;109;122;48;2;115;121;134m▀[38;2;112;118;132;48;2;112;119;132m▀[38;2;114;120;131;48;2;113;119;135m▀[38;2;216;217;218;48;2;135;137;146m▀[38;2;180;160;218;48;2;220;216;224m▀[38;2;140;114;209;48;2;226;224;229m▀[38;2;218;209;229;48;2;210;213;218m▀[38;2;211;211;215;48;2;157;159;164m▀[38;2;127;128;133;48;2;125;124;132m▀[38;2;101;101;107;48;2;104;101;110m▀[38;2;90;88;96;48;2;94;89;97m▀[38;2;99;82;87;48;2;86;56;64m▀[38;2;109;62;68;48;2;65;2;9m▀[38;2;140;94;94;48;2;71;1;4m▀[38;2;234;220;212;48;2;78;14;15m▀[38;2;252;244;235;48;2;131;89;88m▀[38;2;253;249;238;48;2;206;187;178m▀[38;2;253;246;233;48;2;253;244;231m▀[38;2;219;207;195;48;2;254;243;229m▀[38;2;243;233;223;48;2;254;246;231m▀[38;2;254;244;235;48;2;239;230;220m▀[38;2;253;245;236;48;2;168;157;149m▀[38;2;226;217;211;48;2;134;121;116m▀[38;2;142;131;127;48;2;154;136;135m▀[38;2;146;130;128;48;2;154;134;136m▀[38;2;152;139;136;48;2;129;115;112m▀[38;2;150;138;135;48;2;146;135;128m▀[38;2;133;120;115;48;2;209;199;191m▀[38;2;138;128;120;48;2;253;244;235m▀[38;2;210;193;184;48;2;253;246;229m▀[38;2;249;220;208;48;2;253;248;223m▀[38;2;177;136;124;48;2;215;192;179m▀[38;2;251;206;176;48;2;218;176;156m▀[38;2;252;206;179;48;2;242;198;173m▀[38;2;133;89;77;48;2;123;77;76m▀[38;2;149;130;132;48;2;158;147;149m▀[38;2;176;171;172;48;2;189;185;186m▀[38;2;205;205;203;48;2;205;205;203m▀[48;2;207;205;203m▀[38;2;206;203;202;48;2;183;177;177m▀[38;2;142;138;137;48;2;134;128;128m▀[38;2;181;179;180;48;2;194;191;192m▀[38;2;205;205;206;48;2;205;203;206m▀[38;2;201;202;204;48;2;202;202;204m▀[38;2;200;202;203;48;2;201;202;204m▀[38;2;197;201;203;48;2;200;196;200m▀[38;2;118;105;115;48;2;116;98;109m▀[38;2;131;124;138;48;2;131;123;136m▀[38;2;122;123;136;48;2;126;123;137m▀[38;2;120;122;131;48;2;108;108;117m▀[38;2;189;189;196;48;2;189;187;195m▀[38;2;135;135;138;48;2;121;121;123m▀[38;2;190;199;198;48;2;190;199;198m▀[38;2;193;201;203;48;2;191;198;200m▀[38;2;231;238;240;48;2;193;197;200m▀[38;2;216;238;235;48;2;172;165;172m▀[38;2;237;247;245;48;2;196;199;200m▀[38;2;251;253;250;48;2;228;235;231m▀[38;2;248;254;246;48;2;248;254;249m▀[38;2;130;215;203;48;2;243;250;250m▀[38;2;71;196;181;48;2;204;237;234m▀[38;2;177;225;219;48;2;220;222;222m▀[38;2;253;253;250;48;2;241;240;229m▀[38;2;253;254;250;48;2;247;247;209m▀[38;2;252;254;246;48;2;252;252;224m▀[38;2;247;242;217;48;2;247;237;123m▀[38;2;143;137;118;48;2;234;225;160m▀[0m
[38;2;254;254;252;48;2;254;254;252m▀[38;2;253;253;251;48;2;240;239;238m▀[38;2;175;159;162;48;2;73;47;55m▀[38;2;63;31;41;48;2;110;115;118m▀[38;2;118;120;128;48;2;118;126;135m▀[38;2;115;126;136;48;2;116;127;140m▀[38;2;112;128;142;48;2;116;129;142m▀[38;2;112;128;139;48;2;118;129;137m▀[38;2;115;125;135;48;2;117;127;137m▀[38;2;115;124;137;48;2;117;127;139m▀[38;2;116;123;136;48;2;119;125;138m▀[38;2;104;104;114;48;2;88;75;88m▀[38;2;93;83;95;48;2;118;114;124m▀[38;2;121;129;142;48;2;126;133;147m▀[38;2;120;125;140;48;2;129;132;147m▀[38;2;122;125;138;48;2;129;131;144m▀[38;2;121;125;135;48;2;113;116;124m▀[38;2;174;176;181;48;2;169;172;177m▀[38;2;179;180;185;48;2;178;179;183m▀[38;2;180;181;185;48;2;157;158;163m▀[38;2;131;131;139;48;2;131;131;140m▀[38;2;125;124;133;48;2;117;115;127m▀[38;2;90;87;96;48;2;97;93;101m▀[38;2;116;107;118;48;2;124;110;120m▀[38;2;144;121;129;48;2;205;183;193m▀[38;2;156;117;121;48;2;231;215;217m▀[38;2;77;17;19;48;2;172;142;142m▀[38;2;74;4;4;48;2;117;69;65m▀[38;2;73;4;7;48;2;73;9;10m▀[38;2;71;3;5;48;2;78;23;23m▀[38;2;98;47;45;48;2;91;45;51m▀[38;2;173;149;141;48;2;104;64;75m▀[38;2;178;157;154;48;2;99;66;74m▀[38;2;136;113;116;48;2;113;79;82m▀[38;2;152;134;131;48;2;160;145;139m▀[38;2;139;124;119;48;2;206;196;188m▀[38;2;131;112;108;48;2;251;244;233m▀[38;2;155;133;128;48;2;213;204;187m▀[38;2;229;219;206;48;2;190;170;158m▀[38;2;253;246;234;48;2;245;237;222m▀[38;2;255;245;232;48;2;255;246;231m▀[38;2;255;245;233m▀[38;2;255;246;230;48;2;255;246;230m▀[38;2;254;247;227;48;2;254;247;229m▀[38;2;251;244;225;48;2;254;247;228m▀[38;2;184;156;142;48;2;197;173;161m▀[38;2;196;166;150;48;2;149;120;114m▀[38;2;142;114;114;48;2;163;141;143m▀[38;2;160;148;152;48;2;165;157;160m▀[38;2;200;199;198;48;2;204;204;202m▀[38;2;207;204;203;48;2;210;203;203m▀[38;2;210;202;203;48;2;188;175;177m▀[38;2;140;132;133;48;2;138;127;128m▀[38;2;158;149;150;48;2;176;167;168m▀[38;2;205;201;202;48;2;207;202;201m▀[38;2;204;202;203;48;2;206;202;202m▀[38;2;203;203;205;48;2;204;203;202m▀[38;2;203;203;204;48;2;203;203;201m▀[38;2;197;192;191;48;2;180;176;172m▀[38;2;104;83;91;48;2;79;59;62m▀[38;2;134;127;137;48;2;136;127;136m▀[38;2;126;124;136;48;2;127;123;137m▀[38;2;111;110;120;48;2;119;116;127m▀[38;2;171;169;179;48;2;153;149;159m▀[38;2;107;108;110;48;2;100;97;102m▀[38;2;189;199;198;48;2;187;197;198m▀[38;2;191;199;201;48;2;191;200;202m▀[38;2;193;200;202;48;2;191;201;202m▀[38;2;162;164;168;48;2;160;162;166m▀[38;2;188;201;201;48;2;186;196;197m▀[38;2;193;205;203;48;2;191;203;203m▀[38;2;207;217;215;48;2;192;202;203m▀[38;2;195;205;205;48;2;190;199;201m▀[38;2;195;202;205;48;2;191;198;200m▀[38;2;168;160;168;48;2;187;180;187m▀[38;2;192;188;154;48;2;162;149;141m▀[38;2;240;237;115;48;2;250;247;201m▀[38;2;249;247;190;48;2;254;253;240m▀[38;2;251;247;206;48;2;253;255;254m▀[38;2;253;250;220;48;2;252;255;255m▀[0m
[38;2;252;251;250;48;2;168;152;155m▀[38;2;133;117;121;48;2;103;101;101m▀[38;2;103;102;104;48;2;126;138;145m▀[38;2;121;133;142;48;2;126;132;150m▀[38;2;121;131;144;48;2;122;133;149m▀[38;2;120;131;145;48;2;121;134;148m▀[38;2;120;132;145;48;2;122;134;148m▀[48;2;121;133;148m▀[38;2;121;131;143;48;2;123;133;145m▀▀[38;2;124;128;141;48;2;126;126;138m▀[38;2;79;66;75;48;2;81;74;83m▀[38;2;134;139;145;48;2;141;146;153m▀[38;2;133;139;148;48;2;141;145;153m▀[38;2;135;137;148;48;2;143;143;152m▀[38;2;126;126;138;48;2;118;115;126m▀[38;2;121;123;133;48;2;143;142;151m▀[38;2;164;164;173;48;2;161;160;168m▀[38;2;170;171;175;48;2;159;159;165m▀[38;2;138;138;145;48;2;134;134;142m▀[38;2;131;132;143;48;2;134;134;144m▀[38;2;104;102;112;48;2;100;96;106m▀[38;2;122;113;120;48;2;145;130;137m▀[38;2;130;111;121;48;2;162;148;156m▀[38;2;243;224;233;48;2;251;242;249m▀[38;2;236;221;227;48;2;243;230;237m▀[38;2;227;205;212;48;2;237;220;228m▀[38;2;181;148;151;48;2;242;216;228m▀[38;2;163;124;127;48;2;240;213;222m▀[38;2;109;69;71;48;2;240;210;217m▀[38;2;68;17;18;48;2;183;143;148m▀[38;2;67;6;7;48;2;91;35;37m▀[38;2;74;2;4;48;2;73;3;3m▀[38;2;73;2;2;48;2;74;2;3m▀[38;2;103;52;51;48;2;71;3;4m▀[38;2;208;192;183;48;2;71;8;10m▀[38;2;253;246;233;48;2;142;109;103m▀[38;2;252;248;233;48;2;243;235;221m▀[38;2;248;241;227;48;2;253;246;230m▀[38;2;186;161;154m▀[38;2;215;200;191;48;2;207;188;179m▀[38;2;253;245;233;48;2;189;168;160m▀[38;2;254;247;231;48;2;253;244;231m▀[38;2;255;246;229;48;2;255;246;231m▀[38;2;254;247;228;48;2;254;247;229m▀[38;2;235;230;214;48;2;209;203;189m▀[38;2;117;94;90;48;2;126;107;104m▀[38;2;162;148;147;48;2;159;146;145m▀[38;2;175;171;170;48;2;186;183;182m▀[38;2;205;204;202;48;2;207;204;203m▀[38;2;205;202;201;48;2;168;153;156m▀[38;2;142;122;126;48;2;147;127;131m▀[38;2;158;145;148;48;2;163;153;154m▀[38;2;195;186;187;48;2;206;200;200m▀[38;2;207;204;199;48;2;207;204;199m▀▀[38;2;207;203;200m▀[48;2;207;203;199m▀[38;2;158;145;139;48;2;134;109;102m▀[38;2;73;39;42;48;2;79;26;30m▀[38;2;135;127;136;48;2;135;128;137m▀[38;2;127;124;137;48;2;126;127;139m▀[38;2;121;120;131;48;2;120;121;131m▀[38;2;134;126;139;48;2;119;106;121m▀[38;2;97;88;97;48;2;97;83;95m▀[38;2;183;194;196;48;2;178;187;191m▀[38;2;189;201;203;48;2;189;202;203m▀[38;2;190;201;203;48;2;191;201;203m▀[38;2;175;180;183;48;2;191;200;202m▀[38;2;175;179;182;48;2;158;158;163m▀[38;2;190;202;202;48;2;190;202;202m▀[38;2;191;201;202;48;2;191;201;202m▀[38;2;191;199;201;48;2;191;199;201m▀[38;2;190;199;200;48;2;190;199;201m▀[38;2;198;195;200;48;2;196;200;203m▀[38;2;141;130;133;48;2;129;122;125m▀[38;2;255;254;253;48;2;254;252;251m▀[38;2;255;255;255;48;2;254;254;254m▀[38;2;254;254;254m▀▀[0m
[38;2;106;105;106;48;2;128;138;149m▀[38;2;125;137;146;48;2;128;135;154m▀[38;2;127;134;152;48;2;127;135;153m▀[38;2;126;134;152;48;2;126;136;153m▀[38;2;125;134;149;48;2;126;136;150m▀[38;2;123;135;149;48;2;124;136;150m▀▀▀[38;2;125;134;149;48;2;125;136;148m▀[38;2;126;134;146;48;2;127;133;145m▀[38;2;119;112;125;48;2;86;66;81m▀[38;2;106;94;104;48;2;133;124;135m▀[38;2;148;152;159;48;2;155;158;165m▀[38;2;150;152;157;48;2;157;157;163m▀[38;2;146;144;149;48;2;129;126;130m▀[38;2;130;126;132;48;2;162;157;162m▀[38;2;151;149;155;48;2;161;158;164m▀[38;2;157;156;162;48;2;155;153;159m▀[38;2;150;148;155;48;2;143;140;146m▀[38;2;139;138;146;48;2;142;140;146m▀[38;2;136;134;144;48;2;132;127;135m▀[38;2;117;108;117;48;2;137;127;135m▀[38;2;141;122;133;48;2;143;120;130m▀[38;2;202;193;199;48;2;242;238;241m▀[38;2;254;251;254;48;2;253;251;253m▀[38;2;253;251;253;48;2;222;217;214m▀[38;2;247;242;246;48;2;130;100;100m▀[38;2;201;186;192;48;2;246;245;232m▀[38;2;132;99;104;48;2;154;150;142m▀[38;2;101;73;69;48;2;46;61;52m▀[38;2;108;80;76;48;2;44;59;48m▀[38;2;146;108;107;48;2;47;52;41m▀[38;2;139;87;87;48;2;58;40;36m▀[38;2;75;11;11;48;2;148;107;108m▀[38;2;72;2;3;48;2;118;66;67m▀[38;2;72;3;6;48;2;74;6;6m▀[38;2;72;2;3;48;2;77;3;1m▀[38;2;96;46;39;48;2;82;5;2m▀[38;2;212;198;181;48;2;92;16;14m▀[38;2;251;247;228;48;2;176;130;123m▀[38;2;253;244;228;48;2;206;177;165m▀[38;2;231;213;201;48;2;231;212;198m▀[38;2;180;152;141;48;2;243;226;207m▀[38;2;250;238;221;48;2;195;157;141m▀[38;2;253;246;228;48;2;239;226;211m▀[38;2;164;154;142;48;2;145;126;120m▀[38;2;151;137;136;48;2;162;147;149m▀[38;2;147;136;136;48;2;139;128;129m▀[38;2;196;194;192;48;2;204;199;199m▀[38;2;200;190;191;48;2;146;128;132m▀[38;2;135;111;117;48;2;160;138;143m▀[38;2;161;145;148;48;2;163;146;149m▀[38;2;180;170;172;48;2;200;192;193m▀[38;2;208;204;203;48;2;208;204;199m▀[38;2;207;204;198;48;2;207;204;197m▀[38;2;207;204;199;48;2;207;204;199m▀[38;2;207;204;200;48;2;207;204;200m▀[38;2;197;194;188;48;2;169;166;160m▀[38;2;149;115;105;48;2;175;140;128m▀[38;2;92;43;42;48;2;114;72;68m▀[38;2;135;127;137;48;2;132;123;133m▀[38;2;124;128;139;48;2;125;128;139m▀[38;2;121;121;131;48;2;122;122;133m▀[38;2;111;94;110;48;2;113;94;108m▀[38;2;100;84;97;48;2;105;91;103m▀[38;2;173;181;186;48;2;171;177;183m▀[38;2;189;202;203;48;2;189;202;203m▀[38;2;190;201;203;48;2;190;201;203m▀[38;2;191;202;204;48;2;190;201;202m▀[38;2;152;152;156;48;2;145;143;148m▀[38;2;192;201;202;48;2;191;199;201m▀[38;2;191;201;202;48;2;190;201;202m▀[38;2;190;199;201;48;2;190;199;201m▀[38;2;190;198;200;48;2;190;198;200m▀[38;2;191;199;200;48;2;191;198;198m▀[38;2;130;119;124;48;2;130;119;125m▀[38;2;249;248;248;48;2;247;246;247m▀[38;2;254;254;254;48;2;254;254;254m▀▀▀[0m
[38;2;113;117;131;48;2;133;141;153m▀[38;2;130;139;153;48;2;131;141;153m▀[38;2;127;139;151;48;2;127;140;152m▀[38;2;126;139;152;48;2;126;140;153m▀[38;2;126;138;152;48;2;127;139;153m▀[48;2;128;140;154m▀[48;2;128;141;155m▀[38;2;125;138;150;48;2;129;140;152m▀[38;2;120;131;135;48;2;98;90;88m▀[38;2;103;90;93;48;2;235;223;209m▀[38;2;127;108;116;48;2;130;120;114m▀[38;2;154;151;158;48;2;161;163;167m▀[38;2;160;163;172;48;2;162;165;172m▀[38;2;157;158;164;48;2;133;131;137m▀[38;2;136;131;137;48;2;166;163;168m▀[38;2;167;163;169;48;2;168;166;171m▀[38;2;167;167;169;48;2;164;160;164m▀[38;2;158;154;158;48;2;159;156;159m▀[38;2;144;139;145;48;2;147;141;145m▀[38;2;147;141;145;48;2;150;142;145m▀[38;2;138;128;132;48;2;142;131;134m▀[38;2;168;153;158;48;2;183;167;170m▀[38;2;161;139;148;48;2;172;154;158m▀[38;2;253;251;252;48;2;251;249;247m▀[38;2;228;221;221;48;2;104;81;83m▀[38;2;63;45;45;48;2;54;49;45m▀[38;2;51;43;37;48;2;36;49;41m▀[38;2;107;108;99;48;2;48;62;53m▀[38;2;76;84;77;48;2;45;60;53m▀[38;2;59;77;68;48;2;44;61;52m▀[38;2;41;62;51;48;2;42;61;50m▀[38;2;41;61;49;48;2;41;61;48m▀[38;2;48;57;50;48;2;41;62;48m▀[38;2;54;37;35;48;2;46;59;49m▀[38;2;169;135;135;48;2;61;29;29m▀[38;2;182;147;146;48;2;226;195;197m▀[38;2;98;30;32;48;2;234;204;207m▀[38;2;85;10;2;48;2;153;102;98m▀[38;2;102;7;3;48;2;116;15;13m▀[38;2;127;17;15;48;2;158;17;16m▀[38;2;200;151;143;48;2;160;44;40m▀[38;2;247;244;227;48;2;229;204;187m▀[38;2;253;248;226;48;2;254;249;228m▀[38;2;247;233;208;48;2;254;248;229m▀[38;2;169;129;121;48;2;158;135;130m▀[38;2;158;136;136;48;2;157;131;136m▀[38;2;164;150;152;48;2;167;150;153m▀[38;2;153;139;142;48;2;171;151;155m▀[38;2;170;153;156;48;2;128;103;109m▀[38;2;138;116;121;48;2;166;149;153m▀[38;2;164;146;150;48;2;164;150;152m▀[38;2;177;165;165;48;2;201;194;192m▀[38;2;208;203;198;48;2;208;203;197m▀[38;2;208;204;196m▀[38;2;210;205;199;48;2;209;204;198m▀[38;2;210;205;200;48;2;201;196;192m▀[38;2;195;193;187;48;2;156;153;149m▀[38;2;137;123;119;48;2;135;109;101m▀[38;2;212;177;158;48;2;247;206;174m▀[38;2;147;105;97;48;2;185;141;128m▀[38;2;130;117;129;48;2;115;95;104m▀[38;2;126;122;133;48;2;125;120;131m▀[38;2;126;123;134;48;2;128;124;136m▀[38;2;107;85;95;48;2;94;72;78m▀[38;2;111;101;112;48;2;119;112;119m▀[38;2;171;176;182;48;2;171;176;182m▀[38;2;191;201;203;48;2;194;199;204m▀[38;2;190;201;203;48;2;192;201;204m▀[48;2;190;202;204m▀[38;2;139;140;144;48;2;136;135;140m▀[38;2;190;197;199;48;2;186;190;193m▀[38;2;191;201;202;48;2;190;201;202m▀[38;2;190;200;201;48;2;190;200;201m▀▀[38;2;191;199;199;48;2;191;200;199m▀[38;2;133;124;130;48;2;145;137;142m▀[38;2;239;236;238;48;2;226;221;224m▀[38;2;254;254;254;48;2;254;253;254m▀[48;2;254;254;254m▀▀[0m
[38;2;130;143;152;48;2;131;144;153m▀[48;2;130;143;153m▀[38;2;128;142;153;48;2;130;142;154m▀▀[38;2;129;141;155;48;2;130;142;156m▀[38;2;130;142;156;48;2;133;142;157m▀[38;2;131;143;157;48;2;133;144;159m▀[38;2;134;138;154;48;2;136;140;154m▀[38;2;133;126;115;48;2;133;108;103m▀[38;2;252;244;232;48;2;244;213;207m▀[38;2;119;105;100;48;2;124;98;97m▀[38;2;163;166;170;48;2;165;167;170m▀[38;2;163;165;171;48;2;137;136;141m▀[38;2;134;131;136;48;2;166;163;167m▀[38;2;170;171;175;48;2;169;171;175m▀[38;2;170;172;176;48;2;169;169;174m▀[38;2;148;142;146;48;2;144;139;143m▀[38;2;163;159;162;48;2;164;163;166m▀[38;2;149;141;146;48;2;151;146;150m▀[38;2;151;143;146;48;2;160;155;157m▀[38;2;151;140;143;48;2;158;147;150m▀[38;2;180;167;168;48;2;167;155;155m▀[38;2;188;177;176;48;2;210;200;197m▀[38;2;187;175;170;48;2;104;72;76m▀[38;2;67;51;49;48;2;78;88;80m▀[38;2;55;67;58;48;2;60;79;68m▀[38;2;38;58;49;48;2;43;61;54m▀[38;2;40;59;52;48;2;32;48;43m▀[38;2;44;61;53;48;2;37;54;48m▀[38;2;44;61;52;48;2;43;60;52m▀[38;2;43;60;50;48;2;42;59;50m▀[38;2;43;61;49;48;2;43;60;50m▀[38;2;44;61;49;48;2;87;102;93m▀[38;2;43;60;50;48;2;60;77;67m▀[38;2;53;34;31;48;2;48;48;42m▀[38;2;166;138;139;48;2;135;107;108m▀[38;2;236;215;217;48;2;233;217;220m▀[38;2;233;217;218;48;2;232;218;222m▀[38;2;217;177;177;48;2;235;217;225m▀[38;2;164;70;67;48;2;238;211;215m▀[38;2;170;52;41;48;2;208;151;138m▀[38;2;219;173;159;48;2;207;149;137m▀[38;2;253;248;229;48;2;253;246;227m▀[38;2;240;231;216;48;2;196;176;167m▀[38;2;144;120;117;48;2;164;142;139m▀[38;2;169;145;148;48;2;169;149;149m▀[38;2;172;147;151;48;2;163;137;141m▀[38;2;144;120;124;48;2;139;117;120m▀[38;2;156;136;140;48;2;167;148;152m▀[38;2;164;148;151;48;2;170;155;158m▀[38;2;182;171;172;48;2;196;189;190m▀[38;2;202;198;196;48;2;199;193;192m▀[38;2;206;201;197;48;2;199;194;190m▀[38;2;208;203;197m▀[38;2;205;200;195;48;2;168;161;157m▀[38;2;165;160;156;48;2;153;145;142m▀[38;2;152;140;140;48;2;137;116;115m▀[38;2;166;128;116;48;2;142;93;80m▀[38;2;211;165;144;48;2;208;160;141m▀[38;2;146;100;87;48;2;229;182;164m▀[38;2;123;104;117;48;2;125;107;117m▀[38;2;132;130;142;48;2;132;129;142m▀[38;2;130;129;141;48;2;130;126;139m▀[38;2;86;63;68;48;2;87;65;69m▀[38;2;123;119;126;48;2;122;122;130m▀[38;2;173;178;184;48;2;177;181;188m▀[38;2;199;199;205;48;2;199;200;205m▀[38;2;193;201;204;48;2;194;202;205m▀[38;2;191;202;204;48;2;191;202;204m▀[38;2;136;136;141;48;2;136;136;141m▀[38;2;172;176;179;48;2;153;154;158m▀[38;2;191;201;202;48;2;191;201;202m▀[38;2;190;200;201;48;2;190;200;201m▀▀[38;2;190;200;200;48;2;190;200;200m▀[38;2;147;140;144;48;2;144;139;143m▀[38;2;221;215;219;48;2;223;217;221m▀[38;2;254;254;254;48;2;254;254;254m▀▀▀[0m
[38;2;132;144;156;48;2;134;144;156m▀▀▀[38;2;132;143;156m▀[38;2;133;142;158;48;2;132;142;158m▀[38;2;132;142;158;48;2;134;140;154m▀[38;2;136;139;157;48;2;92;85;95m▀[38;2;93;86;97;48;2;96;85;96m▀[38;2;89;57;62;48;2;95;78;94m▀[38;2;217;169;165;48;2;94;63;66m▀[38;2;127;103;101;48;2;131;115;113m▀[38;2;170;168;173;48;2;150;143;149m▀[38;2;132;126;132;48;2;155;151;157m▀[38;2;173;171;176;48;2;170;173;176m▀[38;2;172;173;177;48;2;175;177;180m▀[38;2;168;166;171;48;2;155;150;156m▀[38;2;149;143;150;48;2;164;158;164m▀[38;2;168;167;172;48;2;173;171;176m▀[38;2;152;148;151;48;2;157;154;157m▀[38;2;169;165;167;48;2;179;173;175m▀[38;2;183;173;176;48;2;186;175;179m▀[38;2;160;143;146;48;2;157;137;141m▀[38;2;204;191;188;48;2;204;192;189m▀[38;2;79;51;51;48;2;121;108;103m▀[38;2;124;137;125;48;2;142;141;132m▀[38;2;129;140;131;48;2;210;209;203m▀[38;2;150;156;152;48;2;246;247;242m▀[38;2;51;61;56;48;2;99;105;101m▀[38;2;35;49;44;48;2;51;65;60m▀[38;2;41;58;52;48;2;39;58;52m▀[38;2;43;59;52;48;2;42;59;51m▀[38;2;47;62;55;48;2;54;69;62m▀[38;2;95;108;101;48;2;92;103;97m▀[38;2;156;168;162;48;2;247;252;251m▀[38;2;99;100;96;48;2;243;246;243m▀[38;2;134;118;118;48;2;191;187;184m▀[38;2;244;238;238;48;2;254;253;252m▀[38;2;230;219;224;48;2;236;229;233m▀[38;2;231;217;222;48;2;231;218;225m▀[38;2;231;217;225;48;2;230;217;226m▀[38;2;231;219;225;48;2;237;226;228m▀[38;2;239;232;217;48;2;252;247;232m▀[38;2;248;243;223;48;2;243;241;222m▀[38;2;166;143;135;48;2;145;124;119m▀[38;2;169;149;147;48;2;170;150;149m▀[38;2;169;148;147;48;2;136;109;111m▀[38;2;127;102;105;48;2;161;140;142m▀[38;2;169;150;151;48;2;166;150;151m▀[38;2;166;149;151;48;2;174;162;162m▀[38;2;183;173;174;48;2;185;177;177m▀[38;2;193;187;187;48;2;190;181;182m▀[38;2;196;190;190;48;2;174;166;167m▀[38;2;192;187;184;48;2;156;148;146m▀[38;2;167;159;157;48;2;136;129;126m▀[38;2;147;137;137;48;2;144;134;133m▀[38;2;130;119;118;48;2;149;133;132m▀[38;2;134;96;89;48;2;205;159;139m▀[38;2;250;204;182;48;2;253;206;181m▀[38;2;252;203;179;48;2;253;203;176m▀[38;2;235;187;166;48;2;236;188;164m▀[38;2;127;108;118;48;2;127;108;118m▀[38;2;134;130;143;48;2;134;130;143m▀[38;2;131;121;135;48;2;124;109;121m▀[38;2;95;75;81;48;2;111;94;104m▀[38;2;124;122;134;48;2;125;122;135m▀[38;2;183;185;194;48;2;192;192;201m▀[38;2;197;202;208;48;2;197;202;208m▀[38;2;195;202;208;48;2;195;202;208m▀[38;2;192;202;205;48;2;192;201;207m▀[38;2;129;129;134;48;2;119;118;126m▀[38;2;135;137;141;48;2;121;122;129m▀[38;2;191;201;202;48;2;191;200;204m▀[38;2;190;200;202;48;2;190;199;202m▀[38;2;190;199;202m▀[38;2;190;199;200;48;2;190;198;199m▀[38;2;139;135;139;48;2;131;127;131m▀[38;2;234;229;233;48;2;243;240;243m▀[38;2;254;254;254;48;2;254;254;254m▀▀▀[0m
[38;2;134;144;156;48;2;134;144;156m▀▀[38;2;134;144;155;48;2;133;144;156m▀[38;2;134;144;156;48;2;134;142;154m▀[38;2;134;140;154;48;2;94;88;97m▀[38;2;97;90;100;48;2;102;92;103m▀[38;2;100;95;102;48;2;100;95;102m▀[38;2;95;89;100;48;2;95;89;99m▀[38;2;91;85;98;48;2;94;85;96m▀[38;2;83;66;77;48;2;64;37;46m▀[38;2;140;126;129;48;2;133;113;117m▀[38;2;132;124;130;48;2;149;142;146m▀[38;2;175;174;179;48;2;172;173;176m▀[38;2;171;174;177;48;2;171;175;177m▀[38;2;175;176;180;48;2;176;176;180m▀[38;2;139;131;138;48;2;138;130;137m▀[38;2;177;171;177;48;2;185;176;183m▀[38;2;176;171;177;48;2;178;173;179m▀[38;2;166;161;165;48;2;177;170;173m▀[38;2;182;173;176;48;2;185;174;177m▀[38;2;187;176;180;48;2;187;176;179m▀[38;2;154;134;139;48;2;153;134;139m▀[38;2;219;208;205;48;2;244;236;232m▀[38;2;132;122;114;48;2;113;96;90m▀[38;2;173;178;168;48;2;175;188;173m▀[38;2;246;245;239;48;2;183;179;172m▀[38;2;246;244;239;48;2;172;157;155m▀[38;2;115;119;113;48;2;86;101;91m▀[38;2;51;70;60;48;2;49;75;62m▀[38;2;50;72;62;48;2;62;88;77m▀[38;2;42;60;52;48;2;119;156;141m▀[38;2;81;106;96;48;2;85;117;104m▀[38;2;87;107;98;48;2;101;130;118m▀[38;2;204;214;210;48;2;105;126;115m▀[38;2;249;253;249;48;2;117;88;93m▀[38;2;249;250;248;48;2;244;248;247m▀[38;2;253;254;254;48;2;254;253;253m▀[38;2;251;249;251;48;2;255;254;253m▀[38;2;236;228;230;48;2;249;244;241m▀[38;2;234;223;221;48;2;247;239;235m▀[38;2;253;245;236;48;2;254;247;232m▀[38;2;253;247;231;48;2;254;247;230m▀[38;2;213;206;193;48;2;183;170;160m▀[38;2;158;135;132;48;2;156;131;127m▀[38;2;147;123;123;48;2;142;116;117m▀[38;2;152;130;130;48;2;168;152;151m▀[38;2;164;147;148;48;2;168;152;152m▀[38;2;170;155;154;48;2;171;156;156m▀[38;2;175;163;163;48;2;179;166;166m▀[38;2;172;161;161;48;2;186;174;174m▀[38;2;168;159;160;48;2;189;178;179m▀[38;2;173;164;165;48;2;189;178;180m▀[38;2;179;170;170;48;2;188;178;179m▀[38;2;183;174;174;48;2;189;177;178m▀[38;2;182;172;169;48;2;167;148;146m▀[38;2;158;122;123;48;2;212;199;188m▀[38;2;252;205;170;48;2;251;209;174m▀[38;2;253;207;174;48;2;253;207;171m▀[38;2;253;204;172;48;2;253;204;170m▀[38;2;231;184;158;48;2;225;178;154m▀[38;2;127;110;114;48;2;130;113;113m▀[38;2;136;132;139;48;2;140;134;136m▀[38;2;112;95;103;48;2;111;95;102m▀[38;2;130;116;129;48;2;136;126;140m▀[38;2;129;126;137;48;2;138;133;145m▀[38;2;197;197;207;48;2;198;198;208m▀[38;2;197;202;208;48;2;197;202;208m▀[38;2;195;202;209;48;2;196;202;209m▀[38;2;190;200;207;48;2;174;184;191m▀[38;2;105;104;114;48;2;93;93;103m▀[38;2;115;117;125;48;2;110;112;121m▀[38;2;190;199;205;48;2;188;197;204m▀[38;2;190;199;204;48;2;190;199;204m▀[38;2;191;198;204;48;2;191;198;204m▀[38;2;193;197;200;48;2;194;196;200m▀[38;2;129;118;124;48;2;141;123;132m▀[38;2;247;244;247;48;2;251;247;250m▀[38;2;254;254;254;48;2;255;255;255m▀[48;2;254;254;254m▀▀[0m
[38;2;134;144;156;48;2;134;144;156m▀▀[38;2;134;145;158;48;2;117;121;136m▀[38;2;108;111;124;48;2;104;105;119m▀[38;2;96;94;106;48;2;111;110;122m▀[38;2;104;102;112;48;2;102;101;109m▀[38;2;104;98;104;48;2;79;73;75m▀[38;2;99;86;91;48;2;113;98;98m▀[38;2;85;55;65;48;2;119;89;89m▀[38;2;62;19;24;48;2;159;137;129m▀[38;2;111;85;87;48;2;148;122;120m▀[38;2;176;172;171;48;2;137;122;119m▀[38;2;173;176;174;48;2;162;160;156m▀[38;2;173;174;175;48;2;129;117;117m▀[38;2;180;174;175;48;2;137;117;117m▀[38;2;139;121;123;48;2;156;134;133m▀[38;2;158;139;145;48;2;116;90;91m▀[38;2;174;162;166;48;2;175;156;160m▀[38;2;180;169;174;48;2;168;155;159m▀[38;2;186;174;176;48;2;184;172;172m▀[38;2;188;176;176;48;2;187;176;171m▀[38;2;150;133;131;48;2;150;133;127m▀[38;2;250;243;237;48;2;252;247;239m▀[38;2;141;108;109;48;2;233;223;217m▀[38;2;188;188;173;48;2;84;63;55m▀[38;2;244;249;231;48;2;182;175;153m▀[38;2;233;226;210;48;2;253;249;219m▀[38;2;229;243;215;48;2;251;252;214m▀[38;2;167;221;185;48;2;230;251;213m▀[38;2;173;225;197;48;2;196;245;207m▀[38;2;161;214;189;48;2;188;239;204m▀[38;2;119;167;145;48;2;164;199;176m▀[38;2;98;114;104;48;2;71;54;51m▀[38;2;74;59;58;48;2;141;120;120m▀[38;2;184;170;170;48;2;251;249;248m▀[38;2;253;253;253;48;2;253;252;252m▀[38;2;255;253;255;48;2;254;253;251m▀[38;2;255;253;251;48;2;255;253;246m▀[38;2;254;250;240;48;2;253;250;236m▀[38;2;252;249;234;48;2;253;250;233m▀[38;2;253;248;229;48;2;252;248;230m▀[38;2;253;247;232;48;2;221;212;198m▀[38;2;156;134;128;48;2;126;101;100m▀[38;2;137;110;111;48;2;179;161;161m▀[38;2;170;152;152;48;2;187;174;173m▀[38;2;176;161;160;48;2;188;177;175m▀[38;2;183;169;168;48;2;186;175;173m▀[38;2;185;173;172;48;2;186;174;172m▀[38;2;188;176;177;48;2;187;176;175m▀[38;2;189;177;177;48;2;183;171;170m▀[38;2;191;177;179;48;2;126;95;102m▀[38;2;190;178;179;48;2;188;170;172m▀[38;2;191;177;176;48;2;195;174;172m▀[38;2;190;170;167;48;2;152;131;124m▀[38;2;174;149;145;48;2;244;232;221m▀[38;2;252;246;234;48;2;253;247;235m▀[38;2;249;220;188;48;2;250;236;212m▀[38;2;253;207;170;48;2;253;206;171m▀[38;2;253;204;171;48;2;252;205;171m▀[38;2;216;169;146;48;2;197;154;130m▀[38;2;135;124;123;48;2;140;134;135m▀[38;2;140;134;134;48;2;121;112;115m▀[38;2;110;98;107;48;2;129;120;130m▀[38;2;135;129;142;48;2;130;129;141m▀[38;2;146;144;155;48;2;159;157;167m▀[38;2;200;199;208;48;2;200;199;207m▀[38;2;197;202;205;48;2;196;199;202m▀[38;2;195;200;205;48;2;184;186;192m▀[38;2;147;149;157;48;2;117;117;127m▀[38;2;88;80;93;48;2;81;69;82m▀[38;2;110;109;119;48;2;111;108;119m▀[38;2;183;192;199;48;2;176;186;193m▀[38;2;191;200;207;48;2;191;200;207m▀[38;2;191;200;206;48;2;190;199;205m▀[38;2;192;195;199;48;2;192;199;202m▀[38;2;135;122;129;48;2;142;133;138m▀[38;2;254;251;253;48;2;255;253;255m▀[38;2;254;254;255;48;2;254;254;254m▀[38;2;254;254;254m▀▀[0m
[38;2;133;144;156;48;2;133;142;153m▀[38;2;126;133;146;48;2;109;110;123m▀[38;2;116;118;134;48;2;129;138;149m▀[38;2;104;104;120;48;2;102;102;116m▀[38;2;116;112;125;48;2;97;92;101m▀[38;2;111;91;92;48;2;185;146;136m▀[38;2;205;187;177;48;2;183;146;123m▀[38;2;253;239;220;48;2;246;213;180m▀[38;2;194;180;167;48;2;188;168;145m▀[38;2;252;245;231;48;2;252;246;228m▀[38;2;232;220;212;48;2;184;171;163m▀[38;2;125;107;101;48;2;249;242;233m▀[38;2;181;171;163;48;2;253;245;237m▀[38;2;238;231;222;48;2;237;226;219m▀[38;2;250;235;231;48;2;129;113;111m▀[38;2;154;135;131;48;2;149;133;132m▀[38;2;172;155;155;48;2;185;177;178m▀[38;2;181;172;173;48;2;180;175;176m▀[38;2;159;147;151;48;2;154;144;148m▀[38;2;184;172;173;48;2;188;176;180m▀[38;2;188;176;175;48;2;187;175;178m▀[38;2;153;135;133;48;2;160;142;144m▀[38;2;250;242;231;48;2;246;238;223m▀[38;2;254;250;235;48;2;254;250;230m▀[38;2;224;217;207;48;2;252;245;229m▀[38;2;96;75;65;48;2;246;242;228m▀[38;2;122;96;81;48;2;180;165;151m▀[38;2;173;163;142;48;2;107;78;69m▀[38;2;183;199;171;48;2;91;58;52m▀[38;2;166;181;156;48;2;99;69;61m▀[38;2;129;117;105;48;2;146;118;111m▀[38;2;72;41;37;48;2;207;197;186m▀[38;2;144;128;122;48;2;253;251;241m▀[38;2;251;250;243;48;2;254;252;244m▀[38;2;255;253;247;48;2;255;249;240m▀[38;2;255;253;248;48;2;254;249;238m▀[38;2;254;253;242;48;2;252;249;234m▀[38;2;252;249;233;48;2;251;248;229m▀[38;2;254;248;232;48;2;209;201;184m▀[38;2;253;247;232;48;2;154;137;125m▀[38;2;204;193;180;48;2;168;145;142m▀[38;2;149;132;128;48;2;192;173;173m▀[38;2;191;175;173;48;2;191;176;175m▀[38;2;189;176;175;48;2;190;176;174m▀[38;2;188;177;175;48;2;190;176;173m▀[48;2;190;176;174m▀[38;2;186;175;174;48;2;180;166;165m▀[38;2;188;175;173;48;2;139;116;116m▀[38;2;178;153;151;48;2;177;154;151m▀[38;2;112;68;73;48;2;158;131;129m▀[38;2;125;92;97;48;2;187;175;169m▀[38;2;169;151;149;48;2;160;147;140m▀[38;2;145;113;111;48;2;208;192;184m▀[38;2;180;153;143;48;2;249;247;229m▀[38;2;200;180;166;48;2;251;247;226m▀[38;2;238;230;213;48;2;252;247;225m▀[38;2;253;247;229;48;2;253;248;232m▀[38;2;252;212;178;48;2;245;218;191m▀[38;2;252;204;171;48;2;216;156;135m▀[38;2;173;143;120;48;2;139;93;85m▀[38;2;147;138;139;48;2;124;107;110m▀[38;2;115;98;104;48;2;124;102;112m▀[38;2;136;131;139;48;2;136;133;141m▀[38;2;133;132;140;48;2;134;134;141m▀[38;2;174;173;178;48;2;185;185;188m▀[38;2;197;197;201;48;2;191;191;194m▀[38;2;196;198;204;48;2;167;168;176m▀[38;2;144;147;156;48;2;118;121;131m▀[38;2;117;117;130;48;2;114;115;127m▀[38;2;86;67;79;48;2;87;67;78m▀[38;2;110;107;118;48;2;106;104;115m▀[38;2;171;179;186;48;2;167;176;183m▀[38;2;191;200;207;48;2;191;200;207m▀[38;2;191;200;205;48;2;191;200;205m▀[38;2;189;193;196;48;2;172;172;177m▀[38;2;155;147;152;48;2;185;178;183m▀[38;2;254;254;254;48;2;254;254;254m▀▀▀▀[0m
[38;2;121;121;130;48;2;113;111;116m▀[38;2;126;130;138;48;2;108;100;106m▀[38;2;114;115;120;48;2;158;113;124m▀[38;2;103;69;79;48;2;246;198;204m▀[38;2;148;105;110;48;2;215;174;175m▀[38;2;230;188;170;48;2;221;181;161m▀[38;2;225;183;159;48;2;252;207;181m▀[38;2;171;129;107;48;2;230;187;162m▀[38;2;202;173;153;48;2;146;108;94m▀[38;2;192;176;165;48;2;149;127;120m▀[38;2;145;117;114;48;2;181;163;157m▀[38;2;244;240;229;48;2;182;165;158m▀[38;2;170;162;154;48;2;108;87;85m▀[38;2;138;124;122;48;2;170;157;156m▀[38;2;161;145;146;48;2;151;137;139m▀[38;2;165;152;154;48;2;176;163;166m▀[38;2;183;175;178;48;2;183;176;177m▀[38;2;179;176;177;48;2;179;177;176m▀[38;2;155;145;148;48;2;173;164;167m▀[38;2;186;173;177;48;2;160;147;151m▀[38;2;187;176;180;48;2;188;176;180m▀[38;2;168;151;154;48;2;181;161;167m▀[38;2;231;224;209;48;2;209;200;186m▀[38;2;254;250;231;48;2;253;250;229m▀[38;2;246;230;213;48;2;251;238;219m▀[38;2;247;230;213;48;2;244;214;198m▀[38;2;247;226;209;48;2;247;222;204m▀[38;2;252;239;222;48;2;248;223;206m▀[38;2;253;239;224;48;2;246;216;201m▀[38;2;254;246;230;48;2;251;231;215m▀[38;2;254;244;230;48;2;249;230;213m▀[38;2;254;249;232;48;2;252;244;226m▀[38;2;254;247;234;48;2;254;247;231m▀▀[38;2;253;247;233m▀[38;2;254;248;233;48;2;255;248;232m▀[38;2;254;248;234;48;2;255;249;233m▀[38;2;253;250;231;48;2;254;250;233m▀[38;2;222;213;198;48;2;252;251;231m▀[38;2;162;137;127;48;2;252;250;231m▀[38;2;141;113;110;48;2;250;247;235m▀[38;2;148;117;118;48;2;235;230;222m▀[38;2;157;126;125;48;2;227;221;209m▀[38;2;150;120;115;48;2;234;230;209m▀[38;2;140;112;107;48;2;249;246;225m▀[38;2;149;121;116;48;2;252;249;230m▀[38;2;176;151;147;48;2;253;248;234m▀[38;2;242;235;226;48;2;209;194;188m▀[38;2;198;182;176;48;2;142;109;108m▀[38;2;182;156;152;48;2;174;153;148m▀[38;2;159;128;126;48;2;238;229;216m▀[38;2;212;197;189;48;2;228;218;202m▀[38;2;243;239;227;48;2;168;132;126m▀[38;2;191;182;170;48;2;101;42;40m▀[38;2;230;216;200;48;2;72;7;6m▀[38;2;174;146;134;48;2;69;5;5m▀[38;2;127;70;64;48;2;79;5;5m▀[38;2;105;20;17;48;2;99;11;8m▀[38;2;117;15;15;48;2;123;20;22m▀[38;2;95;47;49;48;2;112;63;66m▀[38;2;91;68;74;48;2;110;89;99m▀[38;2;130;117;127;48;2;142;138;146m▀[38;2;137;136;144;48;2;138;137;145m▀[38;2;147;146;153;48;2;162;161;167m▀[38;2;184;183;187;48;2;166;166;172m▀[38;2;171;172;178;48;2;128;130;140m▀[38;2;126;129;138;48;2;124;128;137m▀[38;2;119;123;132;48;2;120;123;132m▀[38;2;104;99;109;48;2;88;81;91m▀[38;2;96;87;98;48;2;107;104;114m▀[38;2;105;105;112;48;2;105;105;113m▀[38;2;161;173;177;48;2;158;170;174m▀[38;2;188;201;206;48;2;186;198;202m▀[38;2;190;199;204;48;2;189;199;200m▀[38;2;147;145;147;48;2;134;128;130m▀[38;2;226;222;224;48;2;249;246;246m▀[38;2;255;255;253;48;2;255;255;253m▀▀▀▀[0m
[38;2;98;66;71;48;2;233;186;193m▀[38;2;207;157;166;48;2;250;215;217m▀[38;2;253;208;214;48;2;250;208;213m▀[38;2;254;217;220;48;2;253;196;204m▀[38;2;238;191;194;48;2;250;192;199m▀[38;2;197;151;137;48;2;187;140;132m▀[38;2;254;209;180;48;2;252;206;180m▀[38;2;253;209;181;48;2;223;180;154m▀[38;2;180;153;133;48;2;223;204;183m▀[38;2;249;239;227;48;2;248;242;229m▀[38;2;171;153;148;48;2;129;103;99m▀[38;2;246;251;237;48;2;170;152;146m▀[38;2;250;247;236;48;2;187;170;163m▀[38;2;185;176;168;48;2;186;168;161m▀[38;2;123;107;103;48;2;177;156;148m▀[38;2;142;122;120;48;2;142;109;109m▀[38;2;180;170;166;48;2;96;66;67m▀[38;2;182;178;174;48;2;179;168;168m▀[38;2;186;175;174;48;2;186;178;176m▀[38;2;149;128;132;48;2;152;134;136m▀[38;2;190;177;180;48;2;171;149;153m▀[38;2;186;171;176;48;2;189;176;179m▀[38;2;185;172;166;48;2;171;156;155m▀[38;2;252;251;229;48;2;253;249;230m▀[38;2;254;245;227;48;2;254;247;229m▀[38;2;251;233;216;48;2;255;246;228m▀[38;2;250;230;214;48;2;252;242;226m▀[38;2;245;218;200;48;2;251;233;214m▀[38;2;250;226;210;48;2;252;233;216m▀[38;2;245;212;196;48;2;249;225;208m▀[38;2;250;225;209;48;2;251;228;212m▀[38;2;248;222;206;48;2;244;215;199m▀[38;2;254;247;231;48;2;254;245;230m▀[48;2;254;247;231m▀▀[38;2;255;247;231;48;2;253;247;231m▀[38;2;255;248;232;48;2;254;248;232m▀[38;2;254;248;232;48;2;255;248;233m▀[38;2;252;249;232;48;2;253;248;233m▀[38;2;251;250;232;48;2;252;249;231m▀[38;2;251;249;232;48;2;252;250;229m▀[38;2;251;249;233m▀[38;2;251;249;232;48;2;252;250;228m▀[38;2;251;250;228;48;2;252;250;227m▀[38;2;250;251;227;48;2;251;251;227m▀[38;2;251;250;228;48;2;250;251;228m▀[38;2;238;230;212;48;2;248;242;219m▀[38;2;180;165;150;48;2;192;152;133m▀[38;2;232;227;208;48;2;153;51;44m▀[38;2;203;163;156;48;2;126;11;6m▀[38;2;135;71;67;48;2;103;5;6m▀[38;2;87;11;11;48;2;90;17;15m▀[38;2;74;4;3;48;2;121;68;63m▀[38;2;72;3;2;48;2;160;125;116m▀[38;2;69;5;4;48;2;196;173;160m▀[38;2;68;7;6;48;2;229;220;203m▀[38;2;89;29;25;48;2;249;244;224m▀[38;2;125;66;61;48;2;254;247;228m▀[38;2;140;75;75;48;2;159;136;130m▀[38;2;114;71;78;48;2;138;108;116m▀[38;2;136;126;134;48;2;150;142;146m▀[38;2;142;139;145;48;2;146;141;147m▀[38;2;145;143;149;48;2;146;143;149m▀[38;2;155;152;159;48;2;145;142;149m▀[38;2;138;137;145;48;2;128;125;134m▀[38;2;130;130;140;48;2;127;125;135m▀[38;2;128;129;140;48;2;135;138;149m▀[38;2;124;123;134;48;2;107;104;112m▀[38;2;87;82;92;48;2;109;108;114m▀[38;2;109;105;114;48;2;108;106;117m▀[38;2;105;104;113;48;2;104;102;112m▀[38;2;158;170;172;48;2;159;169;173m▀[38;2;187;198;200;48;2;186;197;198m▀[38;2;190;199;198;48;2;182;189;186m▀[38;2;146;140;139;48;2;171;166;164m▀[38;2;254;253;250;48;2;255;253;249m▀[38;2;255;255;252;48;2;255;255;252m▀[38;2;255;255;253;48;2;255;255;253m▀▀▀[0m
[38;2;251;217;218;48;2;250;197;205m▀[38;2;251;203;209;48;2;254;194;204m▀[38;2;251;195;201;48;2;251;201;210m▀[38;2;251;195;202;48;2;253;215;222m▀[38;2;253;213;217;48;2;251;202;209m▀[38;2;195;159;157;48;2;241;190;195m▀[38;2;237;213;194;48;2;99;65;63m▀[38;2;249;240;217;48;2;160;144;137m▀[38;2;254;248;232;48;2;193;182;178m▀[38;2;219;213;202;48;2;138;129;126m▀[38;2;131;123;120;48;2;175;173;175m▀[38;2;173;173;172;48;2;177;180;190m▀[38;2;158;160;156;48;2;179;179;186m▀[38;2;162;158;154;48;2;185;177;183m▀[38;2;134;112;113;48;2;140;123;127m▀[38;2;182;176;173;48;2;184;178;180m▀[38;2;183;179;178;48;2;184;180;182m▀[38;2;184;180;181;48;2;184;179;183m▀[38;2;183;180;179;48;2;182;180;181m▀[38;2;179;172;171;48;2;188;183;182m▀[38;2;132;100;105;48;2;164;141;142m▀[38;2;192;175;175;48;2;166;142;144m▀[38;2;161;143;145;48;2;181;163;164m▀[38;2;248;239;226;48;2;207;195;186m▀[38;2;255;247;228;48;2;255;247;228m▀▀▀▀[38;2;254;244;227m▀[38;2;253;243;225m▀[38;2;253;242;225m▀▀[38;2;253;244;227;48;2;253;246;227m▀[38;2;252;245;228;48;2;242;234;215m▀[38;2;253;245;229;48;2;177;151;140m▀[38;2;238;231;216;48;2;180;137;132m▀[38;2;193;175;163;48;2;233;178;168m▀[38;2;198;172;165;48;2;233;169;153m▀[38;2;249;243;230;48;2;176;130;119m▀[38;2;252;249;232;48;2;240;227;216m▀[38;2;254;249;230;48;2;254;248;231m▀[38;2;254;249;229;48;2;254;249;230m▀[48;2;254;249;229m▀▀[38;2;252;250;229;48;2;252;250;229m▀[38;2;252;249;230;48;2;252;249;230m▀[38;2;238;214;204;48;2;250;246;230m▀[38;2;161;56;44;48;2;237;223;210m▀[38;2;146;16;12;48;2;159;106;98m▀[38;2;128;39;28;48;2;87;14;10m▀[38;2;196;172;156;48;2;90;33;31m▀[38;2;245;239;220;48;2;172;145;137m▀[38;2;253;251;230;48;2;247;244;226m▀[38;2;254;252;233;48;2;254;251;232m▀[38;2;255;250;231;48;2;255;250;231m▀▀[38;2;253;250;230;48;2;252;248;227m▀[38;2;249;243;225;48;2;208;198;186m▀[38;2;119;90;92;48;2;150;123;130m▀[38;2;159;136;145;48;2;160;150;155m▀[38;2;148;142;146;48;2;169;163;166m▀[38;2;156;150;155;48;2;173;168;171m▀[38;2;165;156;164;48;2;172;158;165m▀[38;2;160;148;157;48;2;120;103;112m▀[38;2;121;107;117;48;2;161;153;160m▀[38;2;152;147;156;48;2;156;152;159m▀[38;2;146;142;154;48;2;127;115;124m▀[38;2;91;80;87;48;2;107;93;100m▀[38;2;121;125;133;48;2;120;127;137m▀[38;2;109;108;119;48;2;110;109;121m▀[38;2;106;104;116;48;2;107;104;118m▀[38;2;158;168;174;48;2;157;167;175m▀[38;2;180;189;191;48;2;180;186;188m▀[38;2;155;155;152;48;2;141;137;134m▀[38;2;215;210;209;48;2;250;247;243m▀[38;2;254;254;249;48;2;254;254;251m▀[38;2;255;255;253;48;2;255;255;253m▀▀▀▀[0m
[38;2;229;172;182;48;2;185;138;145m▀[38;2;252;208;216;48;2;251;217;220m▀[38;2;254;215;223;48;2;251;198;204m▀[38;2;252;201;208;48;2;252;191;197m▀[38;2;254;194;201;48;2;254;209;213m▀[38;2;254;208;214;48;2;253;210;215m▀[38;2;164;129;132;48;2;232;185;189m▀[38;2;105;72;75;48;2;130;92;97m▀[38;2;151;143;142;48;2;185;191;192m▀[38;2;167;165;167;48;2;183;188;192m▀[38;2;181;186;189;48;2;180;187;190m▀[38;2;181;185;191m▀[38;2;183;182;190;48;2;182;185;190m▀[38;2;185;180;184;48;2;187;182;188m▀[38;2;136;127;131;48;2;139;130;135m▀[38;2;181;179;180;48;2;184;185;186m▀[38;2;183;181;184;48;2;186;186;188m▀[38;2;184;182;185;48;2;187;187;189m▀[38;2;185;183;187;48;2;189;187;191m▀[38;2;187;184;186;48;2;191;189;190m▀[38;2;172;157;153;48;2;193;187;179m▀[38;2;200;180;176;48;2;178;158;150m▀[38;2;173;150;147;48;2;207;193;185m▀[38;2;176;158;153;48;2;152;131;125m▀[38;2;253;246;229;48;2;233;222;207m▀[38;2;255;247;228;48;2;254;247;228m▀[48;2;255;247;228m▀▀▀▀[38;2;254;247;228;48;2;254;247;228m▀[38;2;253;246;226;48;2;225;215;196m▀[38;2;218;206;186;48;2;201;161;150m▀[38;2;180;149;135;48;2;253;199;190m▀[38;2;245;195;185;48;2;253;198;186m▀[38;2;253;199;186;48;2;255;199;187m▀[38;2;253;196;181;48;2;255;201;187m▀[38;2;245;187;167;48;2;251;192;177m▀[38;2;245;177;156;48;2;250;184;161m▀[38;2;184;132;120;48;2;249;174;147m▀[38;2;244;234;219;48;2;182;139;127m▀[38;2;253;249;231;48;2;246;241;226m▀[38;2;254;249;230;48;2;254;249;230m▀▀▀[38;2;254;248;232;48;2;254;248;232m▀[38;2;251;248;230;48;2;252;248;232m▀[38;2;251;247;234;48;2;252;248;233m▀[38;2;249;245;232;48;2;251;248;232m▀[38;2;209;192;182m▀[38;2;97;49;47;48;2;244;241;224m▀[38;2;68;8;10;48;2;147;118;110m▀[38;2;103;55;53;48;2;71;10;13m▀[38;2;212;198;185;48;2;76;16;18m▀[38;2;252;249;231;48;2;163;138;128m▀[38;2;253;249;231;48;2;233;227;209m▀[38;2;243;237;220;48;2;158;137;135m▀[38;2;152;130;132;48;2;182;167;173m▀[38;2;170;158;164;48;2;182;172;176m▀[38;2;178;172;175;48;2;181;169;173m▀[38;2;177;172;169;48;2;139;121;122m▀[38;2;167;155;155;48;2;110;82;87m▀[38;2;92;62;70;48;2;127;105;109m▀[38;2;163;149;155;48;2;175;169;170m▀[38;2;164;164;166;48;2;162;158;160m▀[38;2;154;147;151;48;2;98;86;93m▀[38;2;98;87;94;48;2;134;130;141m▀[38;2;113;107;115;48;2;106;101;108m▀[38;2;123;129;135;48;2;126;132;138m▀[38;2;110;110;122;48;2;111;111;123m▀[38;2;108;106;119;48;2;109;107;119m▀[38;2;155;165;172;48;2;154;164;172m▀[38;2;178;180;179;48;2;160;158;159m▀[38;2;157;150;149;48;2;202;197;195m▀[38;2;254;253;249;48;2;254;253;249m▀▀[38;2;255;255;253;48;2;255;255;253m▀▀▀▀[0m
[38;2;193;140;149;48;2;230;177;186m▀[38;2;242;188;196;48;2;195;139;147m▀[38;2;253;194;201;48;2;253;206;212m▀[38;2;252;207;210;48;2;254;216;219m▀[38;2;253;215;219;48;2;251;196;202m▀[38;2;249;195;202;48;2;156;107;114m▀[38;2;151;112;115;48;2;88;57;61m▀[38;2;158;139;140;48;2;150;150;150m▀[38;2;184;193;194;48;2;186;197;198m▀[38;2;183;193;195;48;2;186;196;198m▀[38;2;182;190;193;48;2;185;195;197m▀[38;2;183;189;193;48;2;185;193;196m▀[38;2;184;189;193;48;2;188;193;197m▀[38;2;189;186;191;48;2;193;189;195m▀[38;2;139;134;138;48;2;140;135;140m▀[38;2;187;190;191;48;2;190;193;195m▀[38;2;189;190;192;48;2;191;192;194m▀▀[38;2;182;179;182;48;2;167;153;157m▀[38;2;187;182;186;48;2;154;140;144m▀[38;2;199;196;193;48;2;198;197;199m▀[38;2;161;143;137;48;2;189;175;172m▀[38;2;244;226;214;48;2;195;164;157m▀[38;2;211;193;183;48;2;251;242;225m▀[38;2;156;129;119;48;2;236;229;212m▀[38;2;250;246;228;48;2;191;171;159m▀[38;2;252;248;229;48;2;213;201;185m▀[38;2;253;247;229;48;2;251;246;227m▀[38;2;255;248;229;48;2;255;248;229m▀▀[38;2;251;245;228;48;2;220;207;191m▀[38;2;186;153;144;48;2;229;177;175m▀[38;2;254;198;190;48;2;255;198;190m▀[38;2;255;198;188;48;2;255;198;189m▀▀[38;2;255;198;187m▀[38;2;254;200;186;48;2;255;198;187m▀[38;2;254;197;183m▀[38;2;253;182;164;48;2;254;187;172m▀[38;2;254;174;149;48;2;254;175;154m▀[38;2;245;167;146;48;2;253;170;148m▀[38;2;184;146;134;48;2;236;163;144m▀[38;2;251;245;230;48;2;176;149;136m▀[38;2;253;249;230;48;2;252;245;231m▀[38;2;253;247;231;48;2;253;247;231m▀▀▀▀[48;2;253;248;229m▀[38;2;253;247;230;48;2;253;247;229m▀[38;2;253;248;230;48;2;246;222;206m▀[38;2;253;247;230;48;2;246;228;212m▀[38;2;208;189;178;48;2;251;242;225m▀[38;2;94;37;36;48;2;239;228;212m▀[38;2;79;7;8;48;2;146;103;93m▀[38;2;107;50;45;48;2;149;73;70m▀[38;2;161;121;119;48;2;162;99;99m▀[38;2;138;117;118;48;2;114;73;75m▀[38;2;132;107;112;48;2;185;174;171m▀[38;2;134;110;114;48;2;177;161;162m▀[38;2;171;148;150;48;2;135;112;116m▀[38;2;128;108;112;48;2;178;168;169m▀[38;2;176;171;170;48;2;129;114;119m▀[38;2;159;152;155;48;2;115;94;101m▀[38;2;96;85;89;48;2;140;137;144m▀[38;2;134;133;141;48;2;131;139;146m▀[38;2;135;135;144;48;2;128;122;130m▀[38;2;88;77;84;48;2;73;55;65m▀[38;2;129;133;141;48;2;129;135;142m▀[38;2;108;107;119;48;2;105;103;116m▀[38;2;115;112;125;48;2;118;117;130m▀[38;2;151;159;164;48;2;151;158;163m▀[38;2;141;135;138;48;2;163;160;163m▀[38;2;247;243;241;48;2;254;253;251m▀[38;2;254;253;249m▀▀[38;2;255;255;253;48;2;255;255;253m▀▀▀▀[0m
[38;2;249;197;204;48;2;248;198;206m▀[38;2;197;151;158;48;2;250;215;220m▀[38;2;240;198;204;48;2;194;148;154m▀[38;2;250;198;207;48;2;158;108;118m▀[38;2;171;113;124;48;2;125;62;79m▀[38;2;189;131;143;48;2;197;129;149m▀[38;2;156;126;132;48;2;157;121;132m▀[38;2;154;157;156;48;2;171;169;169m▀[38;2;184;194;194;48;2;173;178;180m▀[38;2;188;198;199;48;2;187;198;199m▀[38;2;188;198;200;48;2;189;199;201m▀[38;2;189;197;200;48;2;189;198;200m▀[38;2;188;196;199;48;2;189;197;200m▀[38;2;192;193;198;48;2;192;196;200m▀[38;2;140;133;139;48;2;140;132;138m▀[38;2;190;194;195;48;2;193;194;196m▀[38;2;193;194;196;48;2;194;195;197m▀[48;2;196;196;198m▀[38;2;149;121;127;48;2;155;117;125m▀[38;2;117;82;89;48;2;158;104;115m▀[38;2;200;196;193;48;2;197;192;189m▀[38;2;203;195;193;48;2;204;201;197m▀[38;2;104;82;75;48;2;154;131;126m▀[38;2;188;160;149;48;2;167;122;115m▀[38;2;253;246;227;48;2;169;138;128m▀[38;2;254;249;230;48;2;253;246;227m▀[38;2;255;248;229;48;2;255;247;228m▀▀[38;2;255;248;228;48;2;254;247;229m▀[38;2;255;248;229;48;2;254;247;228m▀[38;2;202;183;166;48;2;199;173;153m▀[38;2;251;197;189;48;2;253;201;186m▀[38;2;255;198;189;48;2;255;198;188m▀[38;2;255;198;188;48;2;255;198;189m▀[38;2;255;198;189m▀▀[38;2;255;198;187;48;2;255;198;187m▀▀[38;2;255;194;181;48;2;254;197;185m▀[38;2;254;176;155;48;2;254;179;160m▀[38;2;255;171;150;48;2;255;171;148m▀[38;2;252;169;149;48;2;246;168;147m▀[38;2;115;62;53;48;2;140;107;97m▀[38;2;227;216;204;48;2;251;250;233m▀[38;2;254;247;229;48;2;252;248;229m▀[38;2;253;247;231;48;2;253;247;231m▀▀▀[38;2;253;248;229;48;2;253;248;229m▀▀[38;2;244;213;198;48;2;249;238;220m▀[38;2;242;214;198;48;2;244;216;201m▀[38;2;252;227;212;48;2;252;227;210m▀[38;2;250;232;215;48;2;249;216;202m▀[38;2;246;238;217;48;2;244;218;203m▀[38;2;202;164;152;48;2;162;132;120m▀[38;2;95;52;48;48;2;104;71;66m▀[38;2;157;133;130;48;2;186;176;173m▀[38;2;142;123;124;48;2;176;170;166m▀[38;2;103;77;80;48;2;134;121;120m▀[38;2;124;101;109;48;2;155;146;151m▀[38;2;103;91;99;48;2;151;145;156m▀[38;2;133;126;135;48;2;146;144;157m▀[38;2;142;142;149;48;2;140;142;154m▀[38;2;135;141;150;48;2;136;143;151m▀[38;2;136;142;147;48;2;130;132;136m▀[38;2;121;106;109;48;2;165;152;157m▀[38;2;85;67;74;48;2;100;85;91m▀[38;2;129;137;141;48;2;129;136;142m▀[38;2;103;101;113;48;2;98;96;107m▀[38;2;123;123;135;48;2;128;129;140m▀[38;2;130;138;146;48;2;132;138;145m▀[38;2;216;214;218;48;2;250;250;252m▀[38;2;254;253;254;48;2;254;254;254m▀[38;2;255;253;253;48;2;255;253;254m▀[38;2;255;254;252;48;2;255;253;253m▀[38;2;255;255;253;48;2;255;255;253m▀▀▀▀[0m
[38;2;253;206;211;48;2;254;217;220m▀[38;2;253;214;218;48;2;253;202;209m▀[38;2;246;192;199;48;2;251;193;203m▀[38;2;210;159;169;48;2;172;120;129m▀[38;2;201;139;157;48;2;233;174;192m▀[38;2;188;122;143;48;2;196;133;153m▀[38;2;149;113;123;48;2;174;136;146m▀[38;2;191;190;190;48;2;199;197;198m▀[38;2;156;159;162;48;2;148;151;154m▀[38;2;186;199;199;48;2;187;198;198m▀[38;2;190;200;202;48;2;190;200;202m▀▀[38;2;190;198;201;48;2;190;198;201m▀[38;2;192;197;201;48;2;192;197;201m▀[38;2;141;133;139;48;2;147;140;145m▀[38;2;193;196;197;48;2;189;193;193m▀[38;2;195;196;198;48;2;193;196;198m▀[38;2;194;191;192;48;2;163;144;151m▀[38;2;168;116;134;48;2;185;108;136m▀[38;2;195;127;148;48;2;199;118;150m▀[38;2;179;166;166;48;2;170;145;150m▀[38;2;204;201;198;48;2;204;200;200m▀[38;2;182;162;159;48;2;201;183;186m▀[38;2;213;172;156;48;2;179;146;124m▀[38;2;196;153;136;48;2;252;210;177m▀[38;2;147;109;98;48;2;221;172;149m▀[38;2;243;232;217;48;2;112;70;62m▀[38;2;254;246;233;48;2;207;191;183m▀[38;2;254;244;231;48;2;254;245;231m▀[38;2;254;246;228;48;2;255;246;229m▀[38;2;215;185;169;48;2;239;217;200m▀[38;2;251;202;186;48;2;247;196;182m▀[38;2;254;199;188;48;2;255;199;188m▀[38;2;255;198;187;48;2;255;198;187m▀[38;2;255;199;190;48;2;255;199;190m▀▀▀▀[38;2;254;198;187;48;2;254;199;189m▀[38;2;254;182;165;48;2;254;185;170m▀[38;2;253;170;148;48;2;192;138;122m▀[38;2;183;134;118;48;2;216;208;193m▀[38;2;228;225;207;48;2;252;249;234m▀[38;2;250;249;232;48;2;253;247;231m▀[38;2;253;247;231m▀▀▀▀▀[38;2;253;248;230;48;2;253;248;230m▀[38;2;252;247;228;48;2;253;247;227m▀[38;2;248;242;222;48;2;255;252;232m▀[38;2;252;238;220;48;2;254;248;230m▀[38;2;243;220;206;48;2;253;240;225m▀[38;2;239;215;203;48;2;221;207;197m▀[38;2;131;103;96;48;2;176;158;154m▀[38;2;170;157;153;48;2;179;169;167m▀[38;2;185;173;171;48;2;130;115;115m▀[38;2;128;117;116;48;2;152;145;147m▀[38;2;149;151;150;48;2;146;148;155m▀[38;2;146;146;154;48;2;144;147;155m▀[38;2;147;145;154;48;2;143;147;153m▀[38;2;142;145;154;48;2;140;145;154m▀[38;2;138;145;153;48;2;138;144;153m▀[38;2;139;142;147;48;2;129;129;132m▀[38;2;123;120;121;48;2;187;180;179m▀[38;2;216;209;213;48;2;209;203;205m▀[38;2;108;101;108;48;2;124;125;134m▀[38;2;128;136;142;48;2;129;136;146m▀[38;2;95;94;105;48;2;96;92;103m▀[38;2;138;135;142;48;2;126;121;127m▀[38;2;184;183;186;48;2;241;240;242m▀[38;2;255;253;255;48;2;254;254;254m▀▀[38;2;254;254;254m▀▀▀▀▀▀[0m
[38;2;253;217;222;48;2;254;205;212m▀[38;2;252;196;203;48;2;251;193;202m▀[38;2;245;190;199;48;2;202;149;157m▀[38;2;186;131;140;48;2;238;183;192m▀[38;2;251;191;207;48;2;251;190;206m▀[38;2;183;120;140;48;2;205;141;160m▀[38;2;166;115;130;48;2;192;123;144m▀[38;2;199;195;196;48;2;184;175;177m▀[38;2;150;151;153;48;2;174;176;178m▀[38;2;191;200;201;48;2;172;177;179m▀[38;2;190;200;202;48;2;190;201;203m▀[38;2;191;201;203;48;2;191;201;203m▀[38;2;191;199;202;48;2;191;199;202m▀▀[38;2;168;159;166;48;2;186;186;190m▀[38;2;177;173;178;48;2;158;148;155m▀[38;2;195;196;198;48;2;178;173;175m▀[38;2;159;121;134;48;2;196;139;158m▀[38;2;230;152;182;48;2;201;125;154m▀[38;2;222;144;175;48;2;156;82;108m▀[38;2;167;135;141;48;2;142;108;116m▀[38;2;202;201;199;48;2;203;201;199m▀[38;2;204;190;194;48;2;185;181;182m▀[38;2;174;136;116;48;2;189;147;134m▀[38;2;253;207;174;48;2;255;205;175m▀[38;2;255;206;178;48;2;255;205;179m▀[38;2;181;133;116;48;2;235;186;169m▀[38;2;66;11;6;48;2;88;29;25m▀[38;2;141;107;97;48;2;65;5;3m▀[38;2;239;231;212;48;2;84;29;25m▀[38;2;250;245;225;48;2;172;146;132m▀[38;2;242;219;201;48;2;247;243;223m▀[38;2;253;198;187;48;2;251;233;215m▀[38;2;254;201;189;48;2;253;201;191m▀[38;2;254;202;190;48;2;241;183;173m▀[38;2;254;201;190;48;2;229;170;163m▀[38;2;254;201;191;48;2;212;156;148m▀[38;2;254;201;192;48;2;194;147;141m▀[38;2;237;187;178;48;2;196;177;161m▀[38;2;182;136;126;48;2;248;243;226m▀[38;2;226;219;201;48;2;251;247;230m▀[38;2;251;248;232;48;2;252;248;232m▀[38;2;253;247;231;48;2;253;247;231m▀▀▀▀▀▀[48;2;241;235;219m▀[38;2;252;247;231;48;2;253;248;232m▀[38;2;253;249;230;48;2;254;250;231m▀[38;2;211;208;189;48;2;251;248;229m▀[38;2;208;199;182;48;2;242;239;220m▀[38;2;188;173;161;48;2;202;187;175m▀[38;2;165;148;142;48;2;201;187;181m▀[38;2;154;135;134;48;2;216;203;202m▀[38;2;126;106;108;48;2;112;95;101m▀[38;2;154;146;150;48;2;149;147;157m▀[38;2;147;147;156;48;2;142;149;159m▀[38;2;144;148;159;48;2;141;148;158m▀[38;2;141;147;155;48;2;140;148;155m▀[38;2;140;146;155;48;2;139;147;155m▀[38;2;140;145;153;48;2;142;144;152m▀[38;2;141;144;149;48;2;125;121;128m▀[38;2;127;123;126;48;2;203;200;201m▀[38;2;248;246;242;48;2;252;249;248m▀[38;2;182;178;182;48;2;146;143;149m▀[38;2;134;137;148;48;2;135;140;151m▀[38;2;129;137;149;48;2;133;140;152m▀[38;2;100;91;102;48;2;88;68;79m▀[38;2;148;142;146;48;2;182;175;179m▀[38;2;254;252;254;48;2;254;253;255m▀[38;2;255;253;255;48;2;255;254;255m▀[38;2;254;254;254;48;2;255;255;255m▀▀▀[48;2;254;254;254m▀▀▀▀[0m
[38;2;253;194;204;48;2;253;192;203m▀[38;2;251;193;203;48;2;205;148;157m▀[38;2;191;139;148;48;2;225;170;179m▀[38;2;253;211;220;48;2;249;197;207m▀[38;2;253;208;218;48;2;253;208;216m▀[38;2;228;167;183;48;2;248;205;213m▀[38;2;205;139;157;48;2;210;157;170m▀[38;2;183;151;161;48;2;195;153;164m▀[38;2;208;211;211;48;2;219;221;221m▀[38;2;149;151;154;48;2;170;171;175m▀[38;2;190;201;202;48;2;185;192;195m▀[38;2;191;201;203;48;2;190;201;202m▀[38;2;191;200;202;48;2;189;200;202m▀[38;2;190;199;202m▀[38;2;194;197;201;48;2;192;199;202m▀[38;2;156;143;151;48;2;145;135;142m▀[38;2;156;127;136;48;2;175;128;140m▀[38;2;187;128;144;48;2;239;185;195m▀[38;2;160;88;111;48;2;228;160;179m▀[38;2;194;120;143;48;2;194;122;142m▀[38;2;147;113;120;48;2;159;126;132m▀[38;2;203;199;198;48;2;202;199;196m▀[38;2;160;145;143;48;2;151;118;113m▀[38;2;227;181;163;48;2;253;204;181m▀[38;2;254;206;178;48;2;254;205;179m▀[38;2;244;196;171;48;2;235;188;161m▀[38;2;133;84;71;48;2;219;170;156m▀[38;2;183;114;121;48;2;203;130;145m▀[38;2;158;87;99;48;2;217;135;159m▀[38;2;80;13;22;48;2;158;83;108m▀[38;2;70;18;20;48;2;79;32;42m▀[38;2;83;44;40;48;2;89;50;53m▀[38;2;173;149;138;48;2;79;31;34m▀[38;2;244;237;219;48;2;73;30;30m▀[38;2;241;237;218;48;2;146;108;105m▀[38;2;227;219;200;48;2;211;194;181m▀[38;2;245;238;219;48;2;253;243;227m▀[38;2;254;248;228;48;2;254;246;227m▀[38;2;254;247;228;48;2;254;247;229m▀[38;2;252;248;228m▀[38;2;254;247;229m▀▀[38;2;254;247;231;48;2;254;247;231m▀▀[48;2;253;247;231m▀[48;2;254;247;231m▀[38;2;218;212;197;48;2;250;246;230m▀[38;2;229;223;207;48;2;217;212;196m▀[38;2;219;212;197;48;2;251;245;232m▀[38;2;254;251;235;48;2;254;250;237m▀[38;2;255;248;232;48;2;255;248;232m▀[48;2;255;248;229m▀[38;2;253;248;232;48;2;207;191;178m▀[38;2;253;249;232;48;2;121;89;81m▀[38;2;204;191;186;48;2;97;71;69m▀[38;2;92;66;71;48;2;152;139;144m▀[38;2;146;134;144;48;2;147;147;156m▀[38;2;142;149;158;48;2;141;149;158m▀[38;2;139;149;158;48;2;140;147;158m▀[38;2;139;148;158;48;2;139;148;155m▀[38;2;139;148;157;48;2;140;147;153m▀[38;2;141;147;155;48;2;142;147;151m▀[38;2;141;142;148;48;2;114;114;116m▀[38;2;147;143;149;48;2;242;238;241m▀[38;2;253;249;252;48;2;253;249;251m▀[38;2;240;238;240;48;2;188;186;188m▀[38;2;124;124;131;48;2;134;138;145m▀[38;2;133;139;150;48;2;132;140;151m▀[38;2;139;140;151;48;2;141;140;151m▀[38;2;65;41;48;48;2;90;71;75m▀[38;2;234;230;232;48;2;251;249;250m▀[38;2;254;254;254;48;2;254;254;254m▀[38;2;255;255;255;48;2;254;255;255m▀[38;2;254;255;255;48;2;253;255;255m▀[38;2;255;255;255m▀[38;2;254;255;255;48;2;254;255;253m▀[38;2;255;255;255;48;2;255;255;255m▀[38;2;255;255;253;48;2;255;255;253m▀▀▀[0m
[38;2;235;176;193;48;2;201;139;161m▀[38;2;175;122;136;48;2;213;162;179m▀[38;2;253;199;212;48;2;255;214;225m▀[38;2;253;192;205;48;2;253;198;208m▀[38;2;253;196;204;48;2;253;192;201m▀[38;2;251;197;204;48;2;253;193;202m▀[38;2;220;178;184;48;2;214;159;169m▀[38;2;240;209;215;48;2;251;201;211m▀[38;2;186;174;176;48;2;198;167;173m▀[38;2;223;220;221;48;2;219;206;208m▀[38;2;156;157;159;48;2;187;181;183m▀[38;2;191;198;200;48;2;198;200;202m▀[38;2;188;199;201;48;2;192;204;204m▀[38;2;188;201;202;48;2;188;201;202m▀[38;2;189;199;201;48;2;189;201;203m▀[38;2;176;175;178;48;2;191;199;199m▀[38;2;223;175;185;48;2;190;151;156m▀[38;2;254;196;202;48;2;254;194;198m▀[38;2;253;194;203;48;2;254;195;202m▀[38;2;217;154;166;48;2;221;167;176m▀[38;2;163;135;136;48;2;166;131;133m▀[38;2;158;146;142;48;2;126;78;86m▀[38;2;198;161;154;48;2;216;195;185m▀[38;2;254;206;183;48;2;252;214;193m▀[38;2;255;206;174;48;2;254;206;174m▀[38;2;254;207;173;48;2;254;206;173m▀[38;2;227;178;162;48;2;213;165;151m▀[38;2;187;111;128;48;2;186;109;128m▀[38;2;204;117;150;48;2;236;155;184m▀[38;2;225;144;176;48;2;220;139;169m▀[38;2;147;88;108;48;2;218;139;169m▀[38;2;83;55;58;48;2;113;64;79m▀[38;2;82;55;59;48;2;81;57;63m▀[38;2;83;51;58;48;2;68;45;52m▀[38;2;78;32;41;48;2;79;55;65m▀[38;2;68;23;31;48;2;78;56;66m▀[38;2;75;36;40;48;2;84;52;67m▀[38;2;131;95;94;48;2;83;40;52m▀[38;2;182;153;148;48;2;72;30;34m▀[38;2;215;195;187;48;2;66;24;26m▀[38;2;242;228;218;48;2;61;19;23m▀[38;2;253;242;231;48;2;69;28;34m▀[38;2;252;248;233;48;2;93;42;48m▀[38;2;250;248;233;48;2;102;51;57m▀[38;2;251;247;232;48;2;109;61;65m▀[38;2;252;247;233;48;2;99;49;55m▀[38;2;252;243;231;48;2;83;40;45m▀[38;2;235;222;211;48;2;83;50;48m▀[38;2;202;181;175;48;2;101;72;74m▀[38;2;169;140;137;48;2;120;97;99m▀[38;2;125;88;86;48;2;143;127;129m▀[38;2;89;47;43;48;2;155;146;149m▀[38;2;77;41;38;48;2;113;98;107m▀[38;2;144;121;117;48;2;145;146;152m▀[38;2;139;128;132;48;2;126;121;128m▀[38;2;150;144;151;48;2;151;145;153m▀[38;2;148;147;155;48;2;148;147;153m▀[38;2;145;146;155;48;2;144;145;152m▀[38;2;142;146;155;48;2;143;147;156m▀[38;2;142;146;152;48;2;142;146;152m▀[38;2;119;111;116;48;2;88;62;69m▀[38;2;123;95;102;48;2;202;195;192m▀[38;2;218;213;213;48;2;254;251;248m▀[38;2;251;249;249;48;2;252;248;247m▀[38;2;252;250;250;48;2;214;211;210m▀[38;2;148;147;150;48;2;148;149;155m▀[38;2;143;151;158;48;2;145;155;162m▀[38;2;136;146;153;48;2;139;151;156m▀[38;2;134;132;138;48;2;122;120;122m▀[38;2;145;134;135;48;2;211;204;203m▀[38;2;254;254;253;48;2;252;255;254m▀[38;2;253;255;254;48;2;253;255;254m▀[48;2;253;255;253m▀[38;2;253;255;253;48;2;252;252;235m▀[38;2;253;253;246;48;2;249;239;147m▀[38;2;253;254;250;48;2;252;247;202m▀[38;2;255;255;252;48;2;254;255;252m▀[38;2;255;255;253;48;2;255;255;252m▀[48;2;254;255;253m▀▀[0m
[38;2;180;156;167;48;2;250;253;254m▀[38;2;213;157;174;48;2;215;201;205m▀[38;2;247;204;212;48;2;180;141;150m▀[38;2;253;212;220;48;2;240;196;205m▀[38;2;251;200;210;48;2;252;213;222m▀[38;2;248;188;201;48;2;239;178;194m▀[38;2;187;127;140;48;2;180;116;132m▀[38;2;251;188;204;48;2;247;183;200m▀[38;2;252;196;210;48;2;254;193;209m▀[38;2;180;144;152;48;2;248;190;203m▀[38;2;231;214;219;48;2;171;131;139m▀[38;2;162;156;158;48;2;208;190;191m▀[38;2;225;227;230;48;2;158;145;149m▀[38;2;209;217;221;48;2;224;219;225m▀[38;2;193;203;205;48;2;225;232;235m▀[38;2;193;200;203;48;2;211;222;222m▀[38;2;173;158;160;48;2;203;206;206m▀[38;2;243;189;191;48;2;155;119;122m▀[38;2;237;182;187;48;2;205;162;166m▀[38;2;134;83;89;48;2;250;200;207m▀[38;2;184;133;139;48;2;245;193;198m▀[38;2;199;143;150;48;2;161;116;121m▀[38;2;216;202;190;48;2;230;220;208m▀[38;2;251;242;218;48;2;254;247;229m▀[38;2;250;215;192;48;2;253;245;223m▀[38;2;229;180;156;48;2;248;225;204m▀[38;2;181;131;125;48;2;199;152;147m▀[38;2;225;152;172;48;2;204;131;152m▀[38;2;214;137;161;48;2;161;89;112m▀[38;2;142;70;91;48;2;202;130;151m▀[38;2;157;80;102;48;2;154;85;96m▀[38;2;176;98;120;48;2;124;50;62m▀[38;2;87;52;62;48;2;117;65;78m▀[38;2;73;46;56;48;2;73;41;53m▀[38;2;80;56;67;48;2;82;55;69m▀[38;2;78;56;71;48;2;80;56;72m▀[38;2;78;59;70;48;2;79;59;71m▀[38;2;80;58;69;48;2;79;59;70m▀[38;2;84;59;64;48;2;80;55;62m▀[38;2;78;51;55;48;2;87;64;70m▀[38;2;90;67;75;48;2;84;63;75m▀[38;2;89;65;74;48;2;90;71;83m▀[38;2;92;73;80;48;2;105;89;100m▀[38;2;104;88;94;48;2;121;110;120m▀[38;2;115;99;105;48;2;146;137;146m▀[38;2;116;105;109;48;2;128;121;129m▀[38;2;152;147;148;48;2;151;149;154m▀[38;2;151;149;151;48;2;150;149;154m▀[38;2;150;150;152;48;2;150;149;155m▀[38;2;149;150;152;48;2;149;150;155m▀[38;2;149;150;153;48;2;150;148;154m▀[38;2;143;141;146;48;2;125;117;123m▀[38;2;113;103;108;48;2;133;124;134m▀[38;2;149;145;157;48;2;151;145;157m▀[38;2;123;115;126;48;2;123;118;127m▀[38;2;149;147;156;48;2;147;149;156m▀[38;2;145;149;156;48;2;147;152;158m▀[38;2;143;148;157;48;2;155;162;170m▀[38;2;145;153;163;48;2;147;156;165m▀[38;2;129;130;137;48;2;120;121;127m▀[38;2;183;167;168;48;2;221;215;211m▀[38;2;252;250;246;48;2;254;254;250m▀[38;2;253;251;247;48;2;253;249;246m▀[38;2;252;249;246;48;2;198;195;193m▀[38;2;159;158;161;48;2;171;171;175m▀[38;2;166;171;179;48;2;170;178;184m▀[38;2;152;164;170;48;2;163;172;178m▀[38;2;147;157;162;48;2;156;164;169m▀[38;2;113;108;109;48;2;135;130;130m▀[38;2;243;242;240;48;2;251;252;251m▀[38;2;251;255;255;48;2;251;255;255m▀▀[38;2;253;255;254;48;2;253;255;254m▀[38;2;253;253;243;48;2;254;255;253m▀[38;2;251;240;153;48;2;254;253;246m▀[38;2;253;246;184;48;2;254;251;244m▀[38;2;248;230;121;48;2;252;241;178m▀[38;2;252;243;188;48;2;253;247;210m▀[38;2;251;254;243;48;2;248;245;178m▀[38;2;251;253;239;48;2;246;237;122m▀[0m
[38;2;254;253;255;48;2;255;253;255m▀[38;2;254;253;254;48;2;255;253;254m▀[38;2;238;228;228;48;2;205;195;198m▀[38;2;123;86;92;48;2;132;99;103m▀[38;2;197;147;155;48;2;160;110;115m▀[38;2;237;183;190;48;2;154;99;106m▀[38;2;226;165;182;48;2;189;133;147m▀[38;2;234;169;191;48;2;249;205;222m▀[38;2;255;193;206;48;2;253;199;211m▀[38;2;252;191;202;48;2;233;177;186m▀[38;2;211;157;163;48;2;226;171;179m▀[38;2;213;160;168;48;2;253;194;202m▀[38;2;181;148;154;48;2;246;200;207m▀[38;2;147;126;134;48;2;252;219;226m▀[38;2;204;196;198;48;2;187;148;153m▀[38;2;233;233;231;48;2;169;134;140m▀[38;2;231;231;228;48;2;210;202;198m▀[38;2;205;193;192;48;2;237;234;229m▀[38;2;224;192;195;48;2;199;172;175m▀[38;2;248;198;204;48;2;163;118;121m▀[38;2;170;132;132;48;2;170;137;131m▀[38;2;235;223;214;48;2;217;203;190m▀[38;2;213;202;188;48;2;209;202;186m▀[38;2;253;247;231;48;2;249;243;226m▀[38;2;254;249;233;48;2;254;247;232m▀[38;2;251;245;226;48;2;237;231;215m▀[38;2;150;117;114;48;2;172;144;141m▀[38;2;157;85;106;48;2;196;129;147m▀[38;2;227;149;178;48;2;231;158;183m▀[38;2;162;90;115;48;2;191;117;144m▀[38;2;204;132;150;48;2;160;88;110m▀[38;2;105;40;47;48;2;172;105;119m▀[38;2;77;30;34;48;2;85;50;54m▀[38;2;82;48;55;48;2;81;54;62m▀[38;2;80;56;71;48;2;79;57;71m▀[38;2;80;56;72;48;2;80;56;72m▀[38;2;80;57;73;48;2;80;58;72m▀[38;2;80;58;71;48;2;79;57;70m▀[38;2;76;54;63;48;2;82;60;71m▀[38;2;88;64;76;48;2;86;67;77m▀[38;2;81;60;72;48;2;131;119;127m▀[38;2;107;92;103;48;2;147;142;149m▀[38;2;134;126;134;48;2;147;145;151m▀[38;2;152;149;156;48;2;151;148;154m▀[38;2;142;139;146;48;2;129;124;131m▀[38;2;137;132;139;48;2;151;148;154m▀[38;2;157;154;160;48;2;149;149;154m▀[38;2;173;171;176;48;2;155;154;160m▀[38;2;161;159;165;48;2;174;173;181m▀[38;2;191;190;196;48;2;207;207;215m▀[38;2;153;153;157;48;2;159;156;161m▀[38;2;112;98;107;48;2;113;97;108m▀[38;2;149;141;151;48;2;152;144;155m▀[38;2;136;131;142;48;2;124;118;129m▀[38;2;132;135;142;48;2;154;158;165m▀[38;2;169;177;182;48;2;156;163;169m▀[38;2;155;162;168;48;2;160;165;171m▀[38;2;154;161;169;48;2;161;166;174m▀[38;2;153;162;172;48;2;163;171;180m▀[38;2;121;120;124;48;2;124;120;124m▀[38;2;237;233;228;48;2;241;237;232m▀[38;2;254;252;249;48;2;244;243;239m▀[38;2;234;232;229;48;2;156;156;154m▀[38;2;162;161;159;48;2;193;194;193m▀[38;2;186;189;189;48;2;190;195;195m▀[38;2;176;185;187;48;2;182;190;192m▀[38;2;171;178;181;48;2;176;183;185m▀[38;2;164;165;170;48;2;143;139;144m▀[38;2;166;160;161;48;2;222;215;217m▀[38;2;252;253;254;48;2;252;254;254m▀[38;2;251;255;255;48;2;254;255;255m▀▀[48;2;251;255;255m▀[38;2;254;255;255;48;2;254;255;255m▀[38;2;254;255;254m▀[38;2;254;254;252;48;2;255;255;254m▀[38;2;255;255;250;48;2;254;255;251m▀[38;2;254;255;250m▀[38;2;251;248;216;48;2;253;253;250m▀[38;2;249;244;177;48;2;216;214;209m▀[0m
[38;2;255;253;255;48;2;255;253;255m▀[38;2;254;251;251;48;2;255;253;252m▀[38;2;158;120;128;48;2;165;128;137m▀[38;2;254;215;222;48;2;253;212;218m▀[38;2;211;163;173;48;2;223;173;189m▀[38;2;166;104;121;48;2;170;100;126m▀[38;2;181;120;137;48;2;215;148;171m▀[38;2;157;97;114;48;2;241;176;195m▀[38;2;166;119;130;48;2;199;130;148m▀[38;2;191;142;151;48;2;145;77;92m▀[38;2;251;194;203;48;2;124;65;77m▀[38;2;251;192;200;48;2;146;89;99m▀[38;2;251;203;211;48;2;253;203;213m▀[38;2;252;211;219;48;2;253;210;217m▀[38;2;254;194;203;48;2;255;193;204m▀[38;2;251;194;203;48;2;254;196;208m▀[38;2;202;158;165;48;2;253;214;222m▀[38;2;173;133;139;48;2;220;181;185m▀[38;2;143;107;105;48;2;190;169;157m▀[38;2;151;123;114;48;2;254;251;229m▀[38;2;206;190;171;48;2;254;254;225m▀[38;2;221;212;186;48;2;254;254;219m▀[38;2;190;178;157;48;2;252;253;223m▀[38;2;173;155;140;48;2;207;194;174m▀[38;2;241;227;213;48;2;127;88;80m▀[38;2;214;202;187;48;2;183;148;135m▀[38;2;238;227;217;48;2;183;169;153m▀[38;2;180;138;144;48;2;202;179;174m▀[38;2;253;208;220;48;2;251;207;216m▀[38;2;235;175;194;48;2;253;199;213m▀[38;2;172;110;128;48;2;227;170;183m▀[38;2;207;150;161;48;2;197;159;164m▀[38;2;124;86;92;48;2;160;121;126m▀[38;2;146;135;147;48;2;150;142;154m▀[38;2;133;130;145;48;2;144;146;162m▀[38;2;126;121;136;48;2;144;145;160m▀[38;2;127;118;131;48;2;148;144;155m▀[38;2;120;111;119;48;2;133;123;129m▀[38;2;129;115;122;48;2;120;111;118m▀[38;2;141;133;138;48;2;149;148;153m▀[38;2;150;148;153;48;2;147;145;150m▀[38;2;126;124;129;48;2;126;124;129m▀[38;2;146;143;150;48;2;150;148;154m▀[38;2;143;141;147;48;2;128;128;134m▀[38;2;128;128;133;48;2;143;147;153m▀[38;2;143;145;150;48;2;139;147;152m▀[38;2;141;146;153;48;2;138;147;155m▀[38;2;141;145;154;48;2;139;146;156m▀[38;2;143;146;154;48;2;141;145;154m▀[38;2;152;155;162;48;2;143;145;152m▀[38;2;149;141;149;48;2;124;110;118m▀[38;2;108;94;104;48;2;120;106;118m▀[38;2;151;145;157;48;2;142;136;148m▀[38;2;128;120;130;48;2;141;136;145m▀[38;2;162;168;174;48;2;165;172;178m▀[38;2;164;171;177;48;2;171;177;183m▀[38;2;168;173;179;48;2;175;182;188m▀▀[38;2;172;179;186;48;2;179;186;192m▀[38;2;135;130;138;48;2;149;147;155m▀[38;2;222;216;221;48;2;111;105;112m▀[38;2;154;155;156;48;2;175;182;184m▀[38;2;192;196;196;48;2;189;198;200m▀[38;2;191;196;198;48;2;188;198;200m▀[38;2;189;196;196;48;2;188;196;199m▀[38;2;187;195;197;48;2;187;197;198m▀[38;2;183;189;193;48;2;175;175;181m▀[38;2;146;134;140;48;2;181;170;174m▀[38;2;253;251;252;48;2;255;255;255m▀[38;2;254;255;255m▀▀▀[38;2;253;254;254;48;2;253;254;253m▀[38;2;214;215;216;48;2;210;211;212m▀[38;2;252;252;253;48;2;170;170;172m▀[38;2;251;253;252;48;2;168;168;168m▀[38;2;250;254;251;48;2;120;96;104m▀[38;2;228;226;224;48;2;127;104;110m▀[38;2;170;162;160;48;2;167;159;160m▀[38;2;201;194;190;48;2;161;152;151m▀[0m
[38;2;254;254;254;48;2;188;167;173m▀[38;2;254;253;254;48;2;186;167;165m▀[38;2;183;155;160;48;2;155;128;126m▀[38;2;249;201;209;48;2;235;184;189m▀[38;2;239;196;209;48;2;252;210;219m▀[38;2;185;110;138;48;2;192;125;147m▀[38;2;212;137;164;48;2;209;130;157m▀[38;2;238;176;198;48;2;201;139;162m▀[38;2;222;147;173;48;2;238;165;195m▀[38;2;211;133;157;48;2;212;134;163m▀[38;2;237;189;202;48;2;225;168;185m▀[38;2;239;191;202;48;2;250;210;218m▀[38;2;253;205;215;48;2;253;206;216m▀[38;2;253;203;213;48;2;252;202;212m▀[38;2;254;193;203;48;2;254;193;203m▀[38;2;253;205;214;48;2;254;206;215m▀[38;2;243;204;212;48;2;178;150;149m▀[38;2;174;151;143;48;2;246;241;219m▀[38;2;255;253;224;48;2;255;255;224m▀[38;2;255;254;224;48;2;255;254;223m▀[38;2;255;255;220;48;2;255;255;221m▀[38;2;255;255;221;48;2;255;254;223m▀[38;2;253;254;223;48;2;254;253;223m▀[38;2;193;174;155;48;2;236;228;205m▀[38;2;153;105;101;48;2;158;131;118m▀[38;2;235;210;189;48;2;246;240;211m▀[38;2;255;250;224;48;2;254;251;221m▀[38;2;236;226;208;48;2;253;249;221m▀[38;2;235;193;199;48;2;220;189;187m▀[38;2;252;204;215;48;2;253;207;217m▀[38;2;247;194;203;48;2;245;196;202m▀[38;2;180;140;144;48;2;182;142;145m▀[38;2;219;175;179;48;2;247;205;209m▀[38;2;138;122;132;48;2;110;81;87m▀[38;2;142;146;158;48;2;137;132;142m▀[38;2;144;146;158;48;2;144;145;157m▀[38;2;149;144;154;48;2;148;142;152m▀[38;2;109;100;106;48;2;112;105;110m▀[38;2;139;141;146;48;2;142;146;153m▀[38;2;145;149;153;48;2;143;147;154m▀[38;2;119;118;124;48;2;117;116;119m▀[38;2;143;141;146;48;2;127;126;131m▀[38;2;130;132;137;48;2;132;135;139m▀[38;2;134;138;144;48;2;139;148;152m▀[38;2;139;146;153;48;2;138;146;155m▀[38;2;139;146;155;48;2;139;146;157m▀[48;2;139;145;157m▀[38;2;140;145;156;48;2;140;145;156m▀[38;2;141;145;155;48;2;143;144;154m▀[38;2;146;144;149;48;2;121;115;120m▀[38;2;76;55;57;48;2;93;76;74m▀[38;2;139;133;141;48;2;148;143;149m▀[38;2;125;118;130;48;2;133;129;137m▀[38;2;171;174;181;48;2;181;188;192m▀[38;2;174;180;186;48;2;183;190;196m▀[38;2;178;183;189;48;2;182;190;195m▀[38;2;179;185;191;48;2;183;192;197m▀[38;2;179;186;192;48;2;184;193;198m▀[38;2;183;193;198;48;2;184;194;197m▀[38;2;172;175;183;48;2;186;191;196m▀[38;2;109;105;112;48;2;106;104;110m▀[38;2;166;179;180;48;2;157;167;169m▀[38;2;187;201;201;48;2;185;201;201m▀[38;2;188;199;201;48;2;187;199;201m▀[38;2;187;198;198;48;2;187;197;199m▀[38;2;189;196;199;48;2;172;170;175m▀[38;2;137;128;135;48;2;181;173;177m▀[38;2;244;241;240;48;2;254;254;252m▀[38;2;254;254;254;48;2;254;255;255m▀[38;2;255;255;255;48;2;255;255;255m▀▀▀[38;2;254;254;254;48;2;254;254;254m▀▀▀▀[38;2;253;251;252;48;2;255;255;254m▀[38;2;250;248;248;48;2;255;255;255m▀[38;2;254;253;253m▀[38;2;255;253;254;48;2;254;254;254m▀[0m
[38;2;204;186;161;48;2;253;252;220m▀[38;2;206;187;171;48;2;250;245;217m▀[38;2;185;141;133;48;2;234;191;175m▀[38;2;202;156;151;48;2;197;154;138m▀[38;2;250;203;211;48;2;244;195;187m▀[38;2;232;185;180;48;2;249;211;172m▀[38;2;229;181;135;48;2;252;226;111m▀[38;2;199;137;133;48;2;231;166;156m▀[38;2;226;153;179;48;2;202;124;151m▀[38;2;217;140;166;48;2;219;145;170m▀[38;2;216;144;166;48;2;210;133;157m▀[38;2;250;205;217;48;2;245;194;208m▀[38;2;252;205;215;48;2;250;204;215m▀[38;2;252;205;213;48;2;252;206;216m▀[38;2;251;193;204;48;2;249;194;205m▀[38;2;243;199;206;48;2;217;172;178m▀[38;2;191;177;165;48;2;225;217;201m▀[38;2;255;254;229;48;2;254;254;225m▀[38;2;255;254;223;48;2;255;254;223m▀▀▀▀[38;2;254;254;225;48;2;254;254;225m▀[38;2;239;237;208;48;2;215;204;179m▀[38;2;205;186;168;48;2;235;226;201m▀[38;2;254;252;222;48;2;254;253;222m▀[38;2;254;254;219;48;2;254;254;219m▀[38;2;254;253;219;48;2;254;253;219m▀[38;2;214;194;183;48;2;211;194;179m▀[38;2;252;209;219;48;2;250;210;217m▀[38;2;250;199;206;48;2;251;200;208m▀[38;2;183;140;143;48;2;181;140;143m▀[38;2;210;167;172;48;2;191;147;152m▀[38;2;212;175;178;48;2;249;206;211m▀[38;2;133;100;105;48;2;250;213;216m▀[38;2;111;93;99;48;2;211;185;186m▀[38;2;136;128;134;48;2;98;85;90m▀[38;2;122;119;123;48;2;135;141;148m▀[38;2;139;147;155;48;2;139;146;154m▀[38;2;138;141;146;48;2;120;125;130m▀[38;2;106;102;105;48;2;131;133;140m▀[38;2;139;144;150;48;2;139;148;154m▀[38;2;139;148;153;48;2;138;149;153m▀[38;2;137;149;155;48;2;136;149;155m▀[38;2;137;147;156;48;2;135;148;154m▀[38;2;137;147;157;48;2;135;148;156m▀[38;2;138;146;159;48;2;137;147;156m▀[38;2;139;145;156;48;2;117;120;127m▀[38;2;128;127;134;48;2;181;176;179m▀[38;2;185;181;184;48;2;251;246;250m▀[38;2;145;140;140;48;2;130;123;126m▀[38;2;127;122;126;48;2;141;140;143m▀[38;2;176;177;181;48;2;189;194;195m▀[38;2;185;193;196;48;2;188;197;198m▀[38;2;185;196;198;48;2;186;198;199m▀[38;2;185;197;198;48;2;184;198;199m▀[38;2;185;197;202;48;2;186;197;200m▀[38;2;186;197;200;48;2;186;198;198m▀[38;2;186;197;196;48;2;187;197;195m▀[38;2;187;196;196;48;2;186;198;195m▀[38;2;133;132;138;48;2;182;185;189m▀[38;2;141;144;149;48;2;102;102;106m▀[38;2;185;198;199;48;2;171;179;180m▀[38;2;188;199;201;48;2;188;195;196m▀[38;2;192;194;199;48;2;135;126;131m▀[38;2;140;128;132;48;2;237;232;232m▀[38;2;252;250;249;48;2;254;254;252m▀[38;2;254;254;252m▀[38;2;255;255;255;48;2;255;255;255m▀▀[38;2;254;254;254;48;2;254;254;254m▀[48;2;245;245;245m▀[38;2;253;255;254;48;2;253;255;252m▀▀[38;2;254;254;254;48;2;252;255;254m▀[48;2;254;254;254m▀[38;2;255;255;255;48;2;255;255;255m▀▀▀▀[0m
[38;2;242;232;199;48;2;230;202;170m▀[38;2;243;230;197;48;2;230;194;162m▀[38;2;232;194;167;48;2;232;194;165m▀[38;2;233;191;165;48;2;233;193;164m▀[38;2;226;190;126;48;2;239;205;135m▀[38;2;253;224;126;48;2;232;202;118m▀[38;2;221;177;152;48;2;246;198;189m▀[38;2;223;151;172;48;2;207;146;157m▀[38;2;220;138;168;48;2;235;158;179m▀[38;2;200;124;150;48;2;219;136;167m▀[38;2;211;137;162;48;2;196;121;147m▀[38;2;228;168;188;48;2;212;142;164m▀[38;2;249;199;211;48;2;232;165;184m▀[38;2;254;212;223;48;2;234;178;192m▀[38;2;252;195;210;48;2;230;173;187m▀[38;2;218;165;175;48;2;201;139;153m▀[38;2;220;187;167;48;2;218;169;145m▀[38;2;228;205;176;48;2;228;185;159m▀[38;2;239;225;193;48;2;227;186;155m▀[38;2;250;246;214;48;2;226;189;158m▀[38;2;254;254;223;48;2;243;235;203m▀[48;2;254;254;224m▀[38;2;253;253;224;48;2;240;234;207m▀[38;2;194;176;153;48;2;203;187;163m▀[38;2;254;252;220;48;2;255;254;221m▀[38;2;255;253;220;48;2;254;254;219m▀[38;2;254;254;219;48;2;254;254;218m▀[38;2;255;254;220;48;2;254;254;220m▀[38;2;192;175;160;48;2;131;114;101m▀[38;2;242;203;211;48;2;222;183;192m▀[38;2;248;197;205;48;2;249;199;207m▀[38;2;182;139;143;48;2;183;141;147m▀[38;2;243;192;199;48;2;240;181;194m▀[38;2;252;194;205;48;2;183;109;125m▀[38;2;235;183;190;48;2;175;111;125m▀[38;2;164;127;133;48;2;138;91;100m▀[38;2;107;99;101;48;2;93;85;87m▀[38;2;139;146;153;48;2;136;143;150m▀[38;2;137;147;154;48;2;136;148;154m▀[38;2;112;109;118;48;2;136;125;136m▀[38;2;140;144;151;48;2;185;175;185m▀[38;2;141;150;155;48;2;152;144;153m▀[38;2;141;149;154;48;2;143;140;146m▀[48;2;154;146;154m▀[38;2;142;146;154;48;2;171;164;172m▀[38;2;118;120;127;48;2;221;217;222m▀[38;2;130;132;136;48;2;253;252;252m▀[38;2;218;217;217;48;2;254;254;254m▀[38;2;253;250;250;48;2;254;251;247m▀[38;2;198;191;191;48;2;116;107;104m▀[38;2;116;98;105;48;2;180;180;180m▀[38;2;188;190;194;48;2;189;195;196m▀[38;2;189;196;198;48;2;188;197;198m▀[38;2;186;198;198;48;2;187;198;199m▀[38;2;187;198;200;48;2;188;198;200m▀[48;2;190;200;201m▀[38;2;187;199;197;48;2;188;200;196m▀[38;2;187;199;196;48;2;187;199;195m▀[38;2;188;199;195;48;2;149;160;156m▀[48;2;188;199;195m▀[38;2;190;199;200;48;2;188;198;197m▀[38;2;134;130;134;48;2;187;196;194m▀[38;2;107;103;102;48;2;130;127;127m▀[38;2;133;132;130;48;2;252;251;247m▀[38;2;235;232;232;48;2;253;252;250m▀[38;2;252;252;250;48;2;253;253;251m▀[38;2;254;254;252;48;2;254;254;252m▀▀[38;2;255;255;255;48;2;255;255;255m▀[48;2;254;254;254m▀[38;2;254;254;254;48;2;249;249;249m▀[38;2;191;191;191;48;2;191;189;190m▀[38;2;253;254;247;48;2;253;245;199m▀[38;2;252;252;240;48;2;248;233;126m▀[38;2;253;255;253;48;2;253;250;230m▀[38;2;253;254;253;48;2;253;255;253m▀[38;2;255;255;255;48;2;255;255;255m▀[48;2;254;254;254m▀[48;2;255;255;255m▀▀[0m
[38;2;252;251;218;48;2;253;254;223m▀[38;2;245;229;197;48;2;253;253;222m▀[38;2;236;199;150;48;2;236;203;152m▀[38;2;247;215;130;48;2;251;228;117m▀[38;2;239;206;140;48;2;240;212;134m▀[38;2;227;189;150;48;2;232;193;158m▀[38;2;187;142;130;48;2;230;187;162m▀[38;2;229;173;181;48;2;157;108;106m▀[38;2;229;164;177;48;2;200;143;153m▀[38;2;240;165;192;48;2;224;156;179m▀[38;2;218;143;172;48;2;233;161;185m▀[38;2;190;125;146;48;2;225;158;181m▀[38;2;239;192;206;48;2;188;132;147m▀[38;2;249;197;208;48;2;228;174;185m▀[38;2;248;205;216;48;2;249;203;213m▀[38;2;207;138;154;48;2;244;196;207m▀[38;2;205;153;133;48;2;190;139;125m▀[38;2;230;184;158;48;2;230;185;155m▀[38;2;229;186;155;48;2;229;186;154m▀[38;2;229;186;152;48;2;228;185;152m▀[38;2;232;207;175;48;2;231;200;169m▀[38;2;253;250;220;48;2;224;209;180m▀[38;2;191;169;146;48;2;192;159;136m▀[38;2;245;235;209;48;2;252;244;215m▀[38;2;254;253;221;48;2;255;253;221m▀[38;2;255;253;220;48;2;254;254;220m▀[38;2;254;253;219;48;2;252;249;217m▀[38;2;239;232;206;48;2;148;126;114m▀[38;2;94;61;59;48;2;198;141;155m▀[38;2;236;196;205;48;2;228;176;188m▀[38;2;248;202;210;48;2;206;166;175m▀[38;2;152;96;105;48;2;168;101;118m▀[38;2;198;126;144;48;2;206;132;154m▀[38;2;204;130;150;48;2;248;196;213m▀[38;2;245;191;205;48;2;251;198;211m▀[38;2;241;207;214;48;2;249;214;221m▀[38;2;84;55;61;48;2;211;182;187m▀[38;2;117;116;122;48;2;88;67;73m▀[38;2;135;149;154;48;2;135;148;152m▀[38;2;139;130;139;48;2;129;126;135m▀[38;2;240;231;237;48;2;199;190;195m▀[38;2;254;249;253;48;2;240;234;238m▀[38;2;254;252;255;48;2;255;252;255m▀[38;2;254;253;255;48;2;254;254;255m▀[38;2;255;253;255;48;2;255;253;255m▀▀[38;2;253;253;253;48;2;253;253;253m▀[48;2;183;183;183m▀[38;2;190;190;186;48;2;171;176;173m▀[38;2;170;172;167;48;2;192;199;195m▀[38;2;191;199;195;48;2;190;199;194m▀[38;2;189;199;195;48;2;189;200;196m▀[38;2;190;199;198;48;2;190;199;198m▀[38;2;189;199;198m▀[38;2;189;199;199m▀▀[38;2;190;199;198;48;2;189;200;198m▀[48;2;188;195;195m▀[38;2;120;117;119;48;2;163;153;159m▀[38;2;184;183;183;48;2;154;148;150m▀[38;2;188;198;196;48;2;182;185;184m▀[38;2;188;199;198;48;2;189;199;197m▀[38;2;182;188;185;48;2;186;197;196m▀[38;2;154;151;149;48;2;188;192;190m▀[38;2;247;246;242;48;2;151;148;146m▀[38;2;253;253;250;48;2;192;188;185m▀[38;2;254;253;251;48;2;247;244;243m▀[38;2;254;254;252;48;2;253;252;250m▀[38;2;254;253;251;48;2;215;213;213m▀[38;2;249;249;247;48;2;169;163;164m▀[38;2;153;149;150;48;2;179;174;175m▀[38;2;227;224;225;48;2;253;252;252m▀[38;2;254;250;228;48;2;254;254;249m▀[38;2;250;241;185;48;2;255;255;251m▀[38;2;254;250;229;48;2;254;250;227m▀[38;2;252;242;187;48;2;252;233;119m▀[38;2;253;248;229;48;2;252;243;205m▀[38;2;254;253;252;48;2;254;253;253m▀[38;2;254;254;254m▀[48;2;255;254;254m▀[0m
[38;2;254;254;218;48;2;253;253;209m▀[38;2;253;248;193;48;2;247;238;134m▀[38;2;242;216;143;48;2;247;224;96m▀[38;2;235;196;150;48;2;187;142;118m▀[38;2;238;194;167;48;2;177;126;124m▀[38;2;237;192;167;48;2;178;127;125m▀[38;2;235;189;168;48;2;185;134;131m▀[38;2;219;167;155;48;2;203;150;148m▀[38;2;116;63;61;48;2;220;167;167m▀[38;2;94;37;42;48;2;234;179;182m▀[38;2;139;80;87;48;2;235;179;183m▀[38;2;167;107;115;48;2;235;180;183m▀[38;2;172;114;122;48;2;235;180;182m▀[38;2;115;61;66;48;2;212;158;161m▀[38;2;210;160;170;48;2;144;98;99m▀[38;2;252;213;221;48;2;190;153;158m▀[38;2;178;131;128;48;2;171;128;134m▀[38;2;233;186;156;48;2;219;170;146m▀[38;2;229;184;152;48;2;228;181;148m▀[38;2;223;182;150;48;2;203;156;128m▀[38;2;224;195;167;48;2;192;145;122m▀[38;2;183;149;125;48;2;228;176;154m▀[38;2;224;181;157;48;2;227;178;154m▀[38;2;233;189;167;48;2;227;179;153m▀[38;2;232;186;161;48;2;218;173;151m▀[38;2;228;186;162;48;2;159;114;107m▀[38;2;171;130;120;48;2;198;136;151m▀[38;2;192;136;149;48;2;211;127;162m▀[38;2;212;140;163;48;2;216;140;167m▀[38;2;213;160;176;48;2;129;74;90m▀[38;2;144;93;107;48;2;130;73;88m▀[38;2;221;155;173;48;2;206;142;163m▀[38;2;198;125;150;48;2;195;116;146m▀[38;2;226;173;193;48;2;192;110;139m▀[38;2;251;201;214;48;2;211;157;172m▀[38;2;245;194;204;48;2;210;158;168m▀[38;2;250;214;220;48;2;227;178;186m▀[38;2;151;119;125;48;2;242;211;216m▀[38;2;118;114;120;48;2;106;82;88m▀[38;2;130;137;142;48;2;131;136;139m▀[38;2;216;211;215;48;2;162;160;161m▀[38;2;179;173;175;48;2;241;237;239m▀[38;2;193;189;190;48;2;175;170;172m▀[38;2;242;241;243;48;2;158;153;156m▀[38;2;246;245;247;48;2;155;151;155m▀[38;2;202;199;202;48;2;185;183;186m▀[38;2;154;156;157;48;2;194;201;201m▀[38;2;179;187;186;48;2;188;200;198m▀[38;2;189;201;197;48;2;188;201;197m▀[38;2;188;201;197;48;2;187;202;197m▀[38;2;189;201;197;48;2;189;201;197m▀[38;2;190;201;197;48;2;190;201;197m▀[38;2;189;199;198;48;2;189;199;198m▀[38;2;190;199;198;48;2;190;199;198m▀▀[38;2;189;199;198;48;2;191;198;198m▀[38;2;188;200;198;48;2;158;147;153m▀[38;2;141;137;141;48;2;187;178;183m▀[38;2;227;224;227;48;2;253;254;254m▀[38;2;248;249;249;48;2;253;255;254m▀[38;2;158;153;155;48;2;253;252;253m▀[38;2;161;156;157;48;2;207;197;203m▀[38;2;194;198;198;48;2;147;136;140m▀[38;2;189;198;197;48;2;148;144;146m▀[38;2;190;197;196;48;2;185;190;189m▀[38;2;184;187;186;48;2;194;202;202m▀[38;2;154;154;154;48;2;188;198;195m▀[38;2;156;157;157;48;2;167;168;168m▀[38;2;180;178;178;48;2;178;176;177m▀[38;2;172;168;169;48;2;244;242;243m▀[38;2;245;243;244;48;2;254;253;254m▀[38;2;254;253;252;48;2;254;254;252m▀[38;2;255;255;252;48;2;255;255;252m▀[38;2;255;255;251;48;2;254;255;251m▀[38;2;254;254;250;48;2;254;254;248m▀[38;2;253;251;234;48;2;255;254;251m▀[38;2;253;251;233;48;2;253;253;242m▀[38;2;249;236;140;48;2;250;241;166m▀[38;2;251;245;190;48;2;252;247;201m▀[38;2;253;254;249;48;2;253;249;217m▀[0m
[?25h