[?25l[0m[38;2;252;181;129;48;2;250;189;143m▀[38;2;252;230;176;48;2;253;228;184m▀[38;2;255;241;189;48;2;253;243;194m▀[38;2;252;215;162;48;2;250;225;174m▀[38;2;254;184;133;48;2;253;185;134m▀[38;2;254;183;132;48;2;254;184;135m▀[38;2;254;184;141;48;2;254;186;138m▀[38;2;253;177;123;48;2;254;182;132m▀[38;2;254;178;128;48;2;253;180;122m▀[38;2;254;181;134;48;2;215;154;114m▀[38;2;215;165;134;48;2;114;99;92m▀[38;2;106;100;95;48;2;242;242;239m▀[38;2;234;232;231;48;2;255;254;253m▀[38;2;255;254;255;48;2;254;254;254m▀[38;2;255;255;255m▀[48;2;255;255;255m▀▀▀[38;2;245;244;244;48;2;209;206;207m▀[38;2;234;232;233;48;2;247;245;246m▀[38;2;253;251;253;48;2;255;251;255m▀▀▀▀▀▀[38;2;254;250;254m▀[38;2;187;180;183;48;2;166;159;161m▀[38;2;119;108;111;48;2;129;117;119m▀[38;2;135;122;129;48;2;120;107;112m▀[38;2;141;128;139;48;2;141;126;138m▀[38;2;203;196;200;48;2;134;124;124m▀[38;2;247;246;252;48;2;241;239;242m▀[48;2;250;248;254m▀[48;2;251;249;255m▀[38;2;246;245;251;48;2;253;248;255m▀[38;2;247;246;252;48;2;252;247;254m▀[38;2;190;185;192;48;2;240;235;241m▀[38;2;143;133;143;48;2;141;131;141m▀[38;2;197;186;199;48;2;149;138;152m▀[38;2;249;239;247;48;2;205;195;205m▀[38;2;248;242;250;48;2;254;247;254m▀[38;2;246;241;249;48;2;249;247;253m▀[38;2;245;241;248m▀[38;2;244;242;248;48;2;253;247;254m▀[38;2;245;242;249;48;2;242;239;246m▀[48;2;249;246;253m▀[38;2;246;242;249;48;2;251;247;254m▀[38;2;248;243;250;48;2;253;248;255m▀[38;2;249;244;251;48;2;254;248;255m▀[38;2;249;244;252m▀[38;2;248;245;252;48;2;255;247;255m▀[38;2;248;246;252;48;2;254;248;255m▀[38;2;186;183;188;48;2;227;222;227m▀[38;2;136;123;132;48;2;120;108;116m▀[38;2;150;133;149;48;2;167;150;167m▀[38;2;135;124;132;48;2;110;97;107m▀[38;2;246;240;246;48;2;207;198;205m▀[38;2;253;249;254;48;2;254;252;255m▀[48;2;255;253;254m▀[38;2;253;249;253;48;2;255;251;255m▀[38;2;254;250;254m▀▀▀▀▀▀▀▀▀[38;2;175;170;174;48;2;253;249;253m▀[38;2;152;141;154;48;2;163;155;164m▀[38;2;164;150;166;48;2;164;150;166m▀[38;2;164;150;165;48;2;164;150;165m▀▀▀▀[38;2;165;151;166;48;2;165;151;166m▀[38;2;82;69;77;48;2;94;82;87m▀[38;2;150;137;145;48;2;81;69;71m▀[0m
[38;2;251;212;163;48;2;251;234;175m▀[38;2;250;237;191;48;2;252;237;180m▀[38;2;251;239;192;48;2;252;238;198m▀[38;2;253;244;198;48;2;254;242;204m▀[38;2;250;210;161;48;2;254;246;203m▀[38;2;253;188;140;48;2;254;226;181m▀[38;2;254;186;136;48;2;254;200;154m▀[38;2;253;187;140;48;2;238;185;143m▀[38;2;217;163;116;48;2;144;126;119m▀[38;2;120;103;97;48;2;246;245;245m▀[38;2;244;243;243;48;2;255;255;255m▀[38;2;255;255;254m▀▀[38;2;254;254;254;48;2;255;254;254m▀[48;2;255;253;254m▀[38;2;255;254;255m▀[48;2;254;254;254m▀[38;2;254;254;254;48;2;248;247;247m▀[38;2;193;190;191;48;2;190;187;188m▀[38;2;254;253;254;48;2;254;253;254m▀[38;2;255;251;255;48;2;255;251;255m▀▀▀[48;2;253;249;253m▀[38;2;255;250;254;48;2;225;221;224m▀[38;2;255;251;255;48;2;255;251;255m▀[48;2;255;252;254m▀[38;2;161;148;149;48;2;168;147;139m▀[38;2;200;167;161;48;2;252;192;168m▀[38;2;160;126;123;48;2;253;189;165m▀[38;2;121;101;97;48;2;233;177;157m▀[38;2;217;178;162;48;2;243;179;156m▀[38;2;165;151;148;48;2;184;146;134m▀[38;2;254;251;255;48;2;219;215;218m▀[48;2;255;251;255m▀[38;2;255;251;255m▀[38;2;254;249;255m▀[38;2;253;248;254;48;2;255;250;255m▀[38;2;200;191;199;48;2;243;237;243m▀[38;2;117;107;117;48;2;119;109;118m▀[38;2;162;151;165;48;2;125;114;124m▀[38;2;215;206;216;48;2;162;151;165m▀[38;2;254;247;255;48;2;228;219;229m▀[38;2;254;246;255;48;2;255;246;255m▀[38;2;250;248;253;48;2;255;250;255m▀[38;2;250;248;252;48;2;255;252;255m▀[38;2;223;221;226;48;2;231;228;233m▀[38;2;253;250;255;48;2;228;225;229m▀[38;2;254;250;254;48;2;255;251;254m▀[38;2;254;249;255;48;2;255;251;255m▀[38;2;255;250;255;48;2;255;252;255m▀[38;2;254;251;255m▀[38;2;254;251;254m▀[38;2;252;248;251;48;2;255;251;255m▀[38;2;125;115;122;48;2;192;184;189m▀[38;2;165;148;165;48;2;162;146;158m▀[38;2;155;140;155;48;2;186;169;188m▀[38;2;141;130;138;48;2;107;95;104m▀[38;2;248;246;249;48;2;212;206;212m▀[38;2;255;253;255;48;2;254;252;255m▀[38;2;255;251;255;48;2;255;251;255m▀▀▀▀▀▀▀▀▀▀[38;2;255;253;255;48;2;254;254;254m▀[38;2;228;225;228;48;2;221;219;221m▀[38;2;169;160;170;48;2;179;173;180m▀[38;2;163;151;164;48;2;162;152;163m▀[38;2;164;151;165;48;2;163;151;165m▀[38;2;164;150;165;48;2;164;150;165m▀[48;2;165;151;165m▀[38;2;148;135;148;48;2;119;106;117m▀[38;2;103;90;97;48;2;129;115;127m▀[38;2;61;49;50;48;2;109;96;104m▀[0m
[38;2;253;234;173;48;2;253;231;174m▀[38;2;253;233;174;48;2;253;233;176m▀[38;2;255;238;184;48;2;253;235;179m▀[38;2;254;243;202;48;2;254;242;199m▀[38;2;254;248;223;48;2;254;250;234m▀[38;2;255;250;226;48;2;254;254;247m▀[38;2;253;239;218;48;2;250;250;246m▀[38;2;203;185;173;48;2;253;252;250m▀[38;2;247;245;244;48;2;254;254;254m▀[38;2;254;254;254m▀[38;2;255;255;255m▀[48;2;255;253;255m▀[38;2;255;254;255;48;2;255;252;255m▀[38;2;255;253;254;48;2;255;251;255m▀[38;2;254;252;253m▀[48;2;243;239;243m▀[38;2;251;250;251;48;2;249;246;249m▀[38;2;216;211;213;48;2;178;170;174m▀[38;2;213;209;210;48;2;240;236;238m▀[38;2;255;253;254;48;2;254;252;253m▀[38;2;255;251;255;48;2;255;251;255m▀▀▀[38;2;244;239;243;48;2;204;200;204m▀[38;2;215;212;215;48;2;215;211;215m▀[38;2;255;251;255;48;2;255;251;255m▀[38;2;255;252;254;48;2;255;252;254m▀[38;2;166;141;132;48;2;165;139;130m▀[38;2;253;190;165;48;2;254;190;166m▀[38;2;255;189;162;48;2;255;190;166m▀[38;2;254;188;164;48;2;254;187;168m▀[38;2;254;188;163;48;2;253;188;162m▀[38;2;250;191;165;48;2;253;190;159m▀[38;2;157;140;130;48;2;197;157;134m▀[38;2;253;251;254;48;2;205;200;201m▀[38;2;255;251;255;48;2;254;252;254m▀[48;2;255;251;255m▀[38;2;255;252;255m▀[38;2;255;251;255m▀[38;2;190;181;189;48;2;237;230;236m▀[38;2;113;88;88;48;2;136;113;106m▀[38;2;139;127;137;48;2;159;133;119m▀[38;2;166;155;168;48;2;148;136;145m▀[38;2;241;232;241;48;2;175;165;176m▀[38;2;255;248;255;48;2;250;243;250m▀[38;2;255;251;255;48;2;254;252;254m▀▀[38;2;193;190;196;48;2;241;238;241m▀[38;2;246;243;247;48;2;226;221;225m▀[38;2;254;252;253;48;2;254;254;254m▀[38;2;254;254;255;48;2;255;253;255m▀[38;2;255;255;255;48;2;255;254;255m▀[38;2;255;254;255;48;2;255;253;255m▀[38;2;255;253;255m▀[38;2;231;225;229;48;2;251;248;251m▀[38;2;110;95;105;48;2;108;94;102m▀[38;2;166;149;170;48;2;165;151;168m▀[38;2;125;112;123;48;2;160;147;162m▀[38;2;153;143;151;48;2;105;93;102m▀[38;2;252;247;252;48;2;220;215;221m▀[38;2;255;251;255;48;2;254;252;254m▀[48;2;255;251;255m▀▀▀▀▀▀▀▀▀[38;2;255;253;255;48;2;254;252;255m▀[38;2;253;251;253m▀[38;2;127;121;127;48;2;146;139;145m▀[38;2;186;177;187;48;2;184;174;183m▀[38;2;163;151;165;48;2;164;151;166m▀[38;2;164;150;165;48;2;151;139;152m▀[38;2;134;121;133;48;2;132;120;129m▀[38;2;123;110;120;48;2;132;119;129m▀[38;2;157;143;158;48;2;165;151;166m▀[38;2;154;140;155;48;2;168;154;171m▀[0m
[38;2;254;238;185;48;2;252;238;185m▀[38;2;252;231;175;48;2;253;237;181m▀[38;2;253;236;177;48;2;252;233;170m▀[38;2;253;240;199;48;2;253;238;190m▀[38;2;254;250;234;48;2;253;250;234m▀[38;2;255;255;254;48;2;240;238;240m▀[38;2;254;254;254;48;2;254;254;254m▀▀[48;2;255;255;255m▀[48;2;254;254;254m▀[38;2;255;253;255;48;2;254;252;255m▀[38;2;254;252;255m▀[38;2;254;251;255;48;2;255;251;255m▀[38;2;255;251;255m▀[48;2;253;250;253m▀[38;2;226;221;225;48;2;200;195;199m▀[38;2;253;250;253;48;2;240;236;240m▀[38;2;152;146;151;48;2;150;143;149m▀[38;2;251;249;250;48;2;254;252;253m▀[38;2;254;252;253;48;2;255;253;254m▀[38;2;255;251;255;48;2;255;251;255m▀▀[48;2;254;250;254m▀[38;2;163;150;150;48;2;159;135;129m▀[38;2;221;214;216;48;2;215;206;207m▀[38;2;255;251;255;48;2;255;251;255m▀[38;2;255;252;254;48;2;255;251;254m▀[38;2;165;137;128;48;2;166;137;128m▀[38;2;253;188;165;48;2;253;188;165m▀[38;2;254;188;166;48;2;253;187;165m▀[38;2;255;190;167;48;2;255;190;166m▀[38;2;254;188;164;48;2;255;191;166m▀[38;2;243;182;155;48;2;254;188;164m▀[38;2;151;113;93;48;2;251;191;164m▀[38;2;121;105;101;48;2;171;135;119m▀[38;2;252;249;252;48;2;154;145;146m▀[38;2;255;251;255;48;2;223;218;222m▀[48;2;253;249;253m▀[48;2;255;251;255m▀[38;2;254;251;254;48;2;255;252;255m▀[38;2;146;128;126;48;2;221;212;217m▀[38;2;225;181;157;48;2;175;134;119m▀[38;2;152;126;112;48;2;251;188;165m▀[38;2;186;174;183;48;2;143;114;105m▀[38;2;228;217;226;48;2;156;144;153m▀[38;2;254;251;254;48;2;222;216;222m▀[38;2;254;253;255;48;2;254;252;255m▀[38;2;254;252;254;48;2;255;252;255m▀[38;2;162;156;160;48;2;214;210;213m▀[38;2;228;223;227;48;2;150;144;148m▀[38;2;255;253;255;48;2;251;247;251m▀[48;2;254;251;254m▀[48;2;232;230;233m▀[48;2;235;233;236m▀[38;2;254;252;255;48;2;255;252;255m▀[38;2;115;105;109;48;2;157;149;151m▀[38;2;139;126;137;48;2;75;60;57m▀[38;2;164;151;165;48;2;165;152;166m▀[38;2;103;91;102;48;2;133;120;135m▀[38;2;180;171;181;48;2;134;123;134m▀[38;2;254;251;253;48;2;235;231;235m▀[38;2;255;251;255;48;2;255;251;254m▀[48;2;255;251;255m▀▀▀▀▀▀▀▀[38;2;254;252;255;48;2;255;252;255m▀[38;2;254;253;255m▀[38;2;213;208;213;48;2;245;241;245m▀[38;2;105;95;103;48;2;80;71;77m▀[38;2;195;184;196;48;2;186;175;184m▀[38;2;127;115;128;48;2;154;141;154m▀[38;2;133;120;132;48;2;146;133;146m▀[38;2;162;148;162;48;2;164;150;164m▀[38;2;164;150;166;48;2;164;150;165m▀[38;2;166;153;170;48;2;165;153;169m▀[0m
[38;2;250;227;176;48;2;250;191;144m▀[38;2;252;234;179;48;2;253;235;183m▀[38;2;254;238;182;48;2;251;238;189m▀[38;2;252;238;197;48;2;230;218;192m▀[38;2;193;185;174;48;2;116;107;99m▀[38;2;219;217;217;48;2;253;251;251m▀[38;2;254;254;254;48;2;254;254;254m▀[38;2;255;255;255m▀[48;2;255;255;255m▀▀[38;2;254;252;255;48;2;254;252;255m▀▀[38;2;255;252;255;48;2;255;252;255m▀[38;2;255;251;255;48;2;255;251;255m▀[38;2;235;230;235;48;2;198;189;197m▀[38;2;182;178;181;48;2;210;203;207m▀[38;2;217;212;217;48;2;199;189;199m▀[38;2;160;148;155;48;2;162;150;157m▀[38;2;255;253;254;48;2;255;253;254m▀[48;2;254;254;254m▀[38;2;255;251;255;48;2;255;251;255m▀▀[38;2;245;239;242;48;2;211;203;206m▀[38;2;169;137;123;48;2;208;165;147m▀[38;2;200;188;187;48;2;183;170;168m▀[38;2;255;251;255;48;2;255;251;255m▀[38;2;255;251;254m▀[38;2;165;138;131;48;2;170;143;140m▀[38;2;253;189;166;48;2;252;188;166m▀[38;2;254;188;165;48;2;255;189;163m▀[38;2;254;190;165;48;2;253;189;164m▀[38;2;255;191;166;48;2;254;190;165m▀[38;2;255;190;165;48;2;255;190;165m▀[38;2;255;189;164;48;2;254;188;165m▀[38;2;252;190;165;48;2;253;187;162m▀[38;2;155;135;126;48;2;198;150;129m▀[38;2;220;217;219;48;2;211;206;205m▀[38;2;193;188;192;48;2;255;251;255m▀[38;2;195;190;194;48;2;252;248;252m▀[38;2;216;212;217;48;2;232;228;232m▀[38;2;232;226;231;48;2;206;202;207m▀[38;2;143;113;104;48;2;112;97;99m▀[38;2;250;193;167;48;2;153;119;109m▀[38;2;243;189;169;48;2;155;113;101m▀[38;2;131;111;111;48;2;146;107;96m▀[38;2;166;156;165;48;2;113;89;90m▀[38;2;245;241;245;48;2;164;156;163m▀[38;2;251;247;251;48;2;205;200;205m▀[38;2;236;232;235;48;2;217;212;216m▀[38;2;123;114;120;48;2;170;161;166m▀[38;2;187;180;184;48;2;148;137;143m▀[38;2;203;199;202;48;2;249;244;248m▀[38;2;215;212;215;48;2;254;252;255m▀[38;2;252;250;253m▀[38;2;255;251;255;48;2;255;251;255m▀[38;2;192;184;186;48;2;221;215;219m▀[38;2;149;122;112;48;2;185;145;130m▀[38;2;129;114;121;48;2;154;122;110m▀[38;2;162;147;166;48;2;161;147;164m▀[38;2;105;93;104;48;2;103;90;101m▀[38;2;200;191;201;48;2;169;158;169m▀[38;2;255;251;255;48;2;251;247;250m▀[48;2;255;252;254m▀[48;2;255;251;255m▀▀▀▀▀▀▀▀▀[38;2;254;250;254m▀[38;2;114;106;111;48;2;170;164;168m▀[38;2;146;133;142;48;2;92;79;89m▀[38;2;187;174;185;48;2;204;195;206m▀[38;2;164;150;163;48;2;166;154;166m▀[38;2;164;150;164;48;2;164;150;164m▀[38;2;164;150;165;48;2;164;150;165m▀[38;2;166;153;168;48;2;166;153;168m▀[0m
[38;2;252;185;134;48;2;252;198;154m▀[38;2;252;224;180;48;2;253;229;182m▀[38;2;254;243;209;48;2;222;205;159m▀[38;2;126;113;91;48;2;114;108;103m▀[38;2;210;208;204;48;2;254;253;253m▀[38;2;255;253;254;48;2;254;254;254m▀[38;2;254;254;254m▀[38;2;254;253;254;48;2;235;234;234m▀[48;2;229;228;229m▀[38;2;255;253;254;48;2;254;254;254m▀[38;2;255;253;253;48;2;255;255;255m▀[38;2;255;253;254m▀[38;2;255;252;254;48;2;255;254;255m▀[38;2;254;250;254;48;2;254;252;253m▀[38;2;163;150;159;48;2;202;192;194m▀[38;2;227;222;225;48;2;246;243;245m▀[38;2;191;180;190;48;2;251;243;244m▀[38;2;169;157;162;48;2;188;179;181m▀[38;2;255;254;254;48;2;254;254;254m▀[38;2;255;255;255;48;2;255;255;255m▀[38;2;255;253;255;48;2;254;254;254m▀[38;2;254;252;255m▀[38;2;179;166;168;48;2;172;148;145m▀[38;2;241;189;167;48;2;251;192;168m▀[38;2;181;163;157;48;2;177;150;140m▀[38;2;255;253;254;48;2;255;254;253m▀[48;2;244;243;242m▀[38;2;170;147;147;48;2;166;151;149m▀[38;2;252;189;166;48;2;248;187;162m▀[38;2;255;186;160;48;2;254;186;161m▀[38;2;254;188;162;48;2;250;192;168m▀[38;2;252;187;161;48;2;252;222;198m▀[38;2;251;198;172;48;2;255;247;226m▀[38;2;252;227;206;48;2;255;248;229m▀[38;2;250;216;197;48;2;254;246;228m▀[38;2;248;189;165;48;2;249;204;183m▀[38;2;157;138;131;48;2;183;141;123m▀[38;2;254;252;254;48;2;224;220;221m▀[38;2;254;254;254;48;2;254;253;255m▀[38;2;255;253;254;48;2;255;253;255m▀[38;2;254;254;255m▀[38;2;162;156;159;48;2;206;201;204m▀[38;2;225;213;204;48;2;182;175;169m▀[38;2;249;212;188;48;2;254;246;228m▀[38;2;252;189;165;48;2;252;236;211m▀[38;2;229;175;155;48;2;249;200;175m▀[38;2;128;111;110;48;2;212;161;144m▀[38;2;228;222;229;48;2;144;129;130m▀[38;2;255;251;255;48;2;252;248;252m▀[38;2;229;224;228;48;2;250;246;250m▀[38;2;94;83;89;48;2;111;101;107m▀[38;2;209;201;206;48;2;132;122;128m▀[38;2;255;251;255;48;2;250;245;250m▀[38;2;255;252;255;48;2;255;252;255m▀[38;2;254;254;254;48;2;255;253;255m▀[38;2;242;239;241;48;2;251;248;250m▀[38;2;167;126;112;48;2;158;121;108m▀[38;2;239;181;156;48;2;253;189;162m▀[38;2;131;111;115;48;2;176;137;119m▀[38;2;128;115;127;48;2;152;138;149m▀[38;2;136;125;134;48;2;107;95;102m▀[38;2;224;219;224;48;2;191;182;192m▀[38;2;255;252;255;48;2;255;252;255m▀[38;2;255;251;255;48;2;255;251;255m▀▀▀▀▀▀▀▀▀▀[38;2;210;204;209;48;2;227;221;227m▀[38;2;89;76;85;48;2;89;79;85m▀[38;2;175;165;176;48;2;158;148;159m▀[38;2;194;184;195;48;2;208;198;210m▀[38;2;163;150;164;48;2;162;149;162m▀[38;2;164;150;165;48;2;164;150;165m▀[38;2;167;153;169;48;2;162;148;163m▀[0m
[38;2;252;223;165;48;2;247;207;130m▀[38;2;254;232;177;48;2;227;203;147m▀[38;2;125;112;86;48;2;113;108;102m▀[38;2;218;215;214;48;2;254;253;253m▀[38;2;255;255;255;48;2;255;255;255m▀[38;2;254;254;254;48;2;254;254;254m▀[48;2;227;227;227m▀[38;2;172;171;171;48;2;182;180;181m▀[38;2;251;250;251;48;2;254;254;254m▀[38;2;254;254;254m▀[38;2;255;255;255;48;2;255;255;255m▀▀[38;2;255;254;255m▀[38;2;254;249;251;48;2;253;245;249m▀[38;2;186;177;177;48;2;159;148;149m▀[38;2;249;247;247;48;2;251;248;249m▀[38;2;251;242;240;48;2;253;240;241m▀[38;2;184;176;177;48;2;178;169;170m▀[38;2;254;255;254;48;2;254;254;254m▀[38;2;255;255;255;48;2;255;255;255m▀[38;2;254;254;254;48;2;254;254;254m▀[38;2;253;253;253;48;2;250;249;249m▀[38;2;170;140;130;48;2;170;132;118m▀[38;2;253;191;166;48;2;254;189;165m▀[38;2;174;144;133;48;2;178;137;123m▀[38;2;253;253;251;48;2;220;213;213m▀[38;2;200;196;197;48;2;221;216;219m▀[38;2;178;168;164;48;2;199;191;190m▀[38;2;239;181;155;48;2;217;164;142m▀[38;2;250;196;174;48;2;250;213;189m▀[38;2;252;242;221;48;2;255;248;230m▀[38;2;254;248;230m▀[38;2;255;248;230m▀[38;2;255;248;229m▀[38;2;254;247;229;48;2;254;247;229m▀[38;2;253;241;223m▀[38;2;243;193;170;48;2;250;229;208m▀[38;2;164;148;142;48;2;164;132;115m▀[38;2;254;252;255;48;2;240;238;240m▀[38;2;255;253;255;48;2;255;253;255m▀▀[38;2;239;236;238;48;2;253;251;253m▀[38;2;149;143;137;48;2;138;131;125m▀[38;2;254;247;233;48;2;254;247;235m▀[38;2;255;248;230;48;2;254;247;229m▀[38;2;254;246;228m▀[38;2;252;223;201;48;2;254;247;228m▀[38;2;185;151;136;48;2;253;241;225m▀[38;2;189;179;181;48;2;165;152;147m▀[38;2;255;251;254;48;2;228;223;224m▀[38;2;171;163;171;48;2;209;202;210m▀[38;2;131;121;125;48;2;163;154;152m▀[38;2;207;197;206;48;2;149;140;143m▀[38;2;255;251;255;48;2;253;249;253m▀[38;2;255;254;255;48;2;254;254;254m▀[38;2;251;250;251;48;2;251;250;250m▀[38;2;158;145;136;48;2;156;149;143m▀[38;2;249;199;173;48;2;248;237;223m▀[38;2;247;189;161;48;2;239;188;163m▀[38;2;133;110;109;48;2;186;147;129m▀[38;2;105;92;100;48;2;102;88;92m▀[38;2;167;157;168;48;2;148;139;152m▀[38;2;250;246;250;48;2;224;219;226m▀[38;2;255;251;255;48;2;255;251;255m▀▀▀▀▀▀▀▀▀[48;2;255;252;255m▀[38;2;242;237;242;48;2;252;249;252m▀[38;2;115;106;113;48;2;156;147;155m▀[38;2;135;122;134;48;2;102;91;98m▀[38;2;197;187;202;48;2;172;161;179m▀[38;2;172;161;174;48;2;192;181;196m▀[38;2;170;157;173;48;2;177;165;182m▀[38;2;154;141;157;48;2;170;157;174m▀[0m
[38;2;251;227;164;48;2;243;221;165m▀[38;2;135;116;81;48;2;102;95;84m▀[38;2;205;204;202;48;2;252;252;251m▀[38;2;255;255;255;48;2;255;255;255m▀▀[38;2;254;254;254;48;2;243;243;243m▀[38;2;153;152;152;48;2;150;148;149m▀[38;2;245;245;245;48;2;254;254;254m▀[38;2;254;254;254;48;2;255;255;255m▀▀[38;2;255;255;255m▀▀[48;2;249;248;250m▀[38;2;252;242;247;48;2;179;168;178m▀[38;2;135;124;125;48;2;92;81;82m▀[38;2;244;241;242;48;2;230;227;229m▀[38;2;210;197;200;48;2;159;149;160m▀[38;2;163;153;154;48;2;147;136;140m▀[38;2;255;253;254;48;2;255;252;253m▀[48;2;255;253;254m▀▀[38;2;237;234;233;48;2;215;210;208m▀[38;2;187;139;126;48;2;204;154;137m▀[38;2;254;188;164;48;2;211;162;142m▀[38;2;196;146;132;48;2;157;121;107m▀[38;2;182;168;171;48;2;176;165;159m▀[38;2;253;250;253;48;2;254;252;253m▀[38;2;223;217;217;48;2;246;242;242m▀[38;2;195;147;132;48;2;172;131;117m▀[38;2;253;215;195;48;2;253;216;195m▀[38;2;255;248;230;48;2;254;247;229m▀▀▀▀[38;2;254;247;229m▀▀[38;2;254;247;228m▀[38;2;228;196;174;48;2;252;242;223m▀[38;2;174;167;166;48;2;155;135;128m▀[38;2;254;252;255;48;2;251;249;252m▀[38;2;255;253;255;48;2;255;253;255m▀▀[38;2;144;137;132;48;2;156;152;148m▀[38;2;251;245;233;48;2;243;238;226m▀[38;2;254;247;230;48;2;252;244;226m▀[38;2;254;246;233;48;2;221;205;186m▀[38;2;253;247;233;48;2;204;179;159m▀[38;2;254;247;235;48;2;206;175;160m▀[38;2;251;248;233;48;2;248;231;214m▀[38;2;161;157;150;48;2;241;238;222m▀[38;2;225;219;223;48;2;162;155;155m▀[38;2;146;135;138;48;2;130;115;125m▀[38;2;199;192;190;48;2;71;59;54m▀[38;2;195;188;191;48;2;66;52;50m▀[38;2;202;197;202;48;2;140;126;139m▀[38;2;177;170;173;48;2;140;125;140m▀[38;2;76;63;60;48;2;44;22;20m▀[38;2;118;107;102;48;2;46;27;23m▀[38;2;138;126;120;48;2;100;86;81m▀[38;2;152;117;104;48;2;198;170;159m▀[38;2;110;84;75;48;2;207;161;145m▀[38;2;117;105;113;48;2;88;74;75m▀[38;2;196;188;199;48;2;172;161;176m▀[38;2;255;251;255;48;2;254;250;254m▀[38;2;254;252;253;48;2;255;251;255m▀[38;2;255;251;255m▀▀▀▀▀▀▀[38;2;255;253;255;48;2;255;252;255m▀[38;2;254;254;254;48;2;255;253;255m▀[38;2;178;171;179;48;2;191;184;193m▀[38;2;85;75;79;48;2;88;78;84m▀[38;2;162;150;168;48;2;161;147;164m▀[38;2;206;195;209;48;2;207;196;210m▀[38;2;160;147;164;48;2;161;149;166m▀[38;2;177;164;181;48;2;148;135;152m▀[0m
[38;2;181;153;114;48;2;108;95;75m▀[38;2;166;163;161;48;2;240;238;238m▀[38;2;255;255;254;48;2;255;254;254m▀[38;2;255;255;255;48;2;255;255;255m▀[48;2;254;254;254m▀[38;2;174;173;174;48;2;132;129;129m▀[38;2;212;210;211;48;2;251;249;250m▀[38;2;255;253;254;48;2;254;252;254m▀[48;2;255;251;253m▀▀[38;2;255;252;253;48;2;255;251;254m▀▀[38;2;234;230;235;48;2;217;212;218m▀[38;2;150;140;151;48;2;138;127;139m▀[38;2;100;85;93;48;2;111;96;105m▀[38;2;222;217;221;48;2;212;204;210m▀[38;2;161;150;165;48;2;162;152;166m▀[38;2;137;127;135;48;2;128;118;127m▀[38;2;255;252;253;48;2;253;250;251m▀[38;2;255;253;254;48;2;255;253;254m▀[48;2;235;231;234m▀[38;2;197;187;186;48;2;146;131;132m▀[38;2;158;122;107;48;2;205;157;139m▀[38;2;173;134;117;48;2;252;189;165m▀[38;2;249;191;170;48;2;251;212;192m▀[38;2;171;150;143;48;2;173;165;157m▀[38;2;254;252;253;48;2;247;245;246m▀[38;2;253;250;252;48;2;254;252;254m▀[38;2;164;130;116;48;2;165;138;129m▀[38;2;251;217;194;48;2;252;221;199m▀[38;2;254;247;229;48;2;254;247;229m▀▀▀▀▀▀▀[38;2;254;248;231;48;2;255;248;231m▀[38;2;194;185;172;48;2;250;245;230m▀[38;2;209;204;203;48;2;157;150;145m▀[38;2;254;252;255;48;2;226;224;227m▀[38;2;254;252;254;48;2;209;207;211m▀[38;2;180;173;171;48;2;195;190;190m▀[38;2;166;138;125;48;2;187;168;158m▀[38;2;198;152;130;48;2;253;240;226m▀[38;2;230;192;165;48;2;253;247;232m▀[38;2;249;222;201;48;2;252;245;235m▀[38;2;253;236;221;48;2;181;173;166m▀[38;2;243;235;221;48;2;55;42;36m▀[38;2;155;149;137;48;2;35;16;10m▀[38;2;51;38;34;48;2;33;16;8m▀[38;2;110;92;95;48;2;48;29;27m▀[38;2;34;14;8;48;2;43;23;17m▀[38;2;34;14;9;48;2;37;16;14m▀[38;2;117;98;109;48;2;55;36;40m▀[38;2;135;120;135;48;2;118;104;109m▀[38;2;37;18;14;48;2;29;11;7m▀[38;2;35;16;10;48;2;34;15;9m▀[38;2;39;13;9;48;2;40;15;10m▀[38;2;45;19;13;48;2;46;16;10m▀[38;2;120;82;70;48;2;59;17;8m▀[38;2;115;90;86;48;2;55;20;12m▀[38;2;164;151;167;48;2;146;128;145m▀[38;2;242;237;242;48;2;219;213;221m▀[38;2;255;253;254;48;2;255;253;255m▀[38;2;255;251;255;48;2;255;251;255m▀▀▀[38;2;247;244;247;48;2;237;234;237m▀[38;2;254;254;255;48;2;254;254;255m▀[38;2;255;251;255;48;2;255;251;255m▀▀▀[38;2;255;252;255m▀[38;2;203;196;205;48;2;213;207;216m▀[38;2;106;95;104;48;2;131;120;131m▀[38;2;147;132;147;48;2;121;107;119m▀[38;2;200;189;203;48;2;188;176;191m▀[38;2;164;152;169;48;2;165;153;169m▀[38;2;153;140;157;48;2;166;152;169m▀[0m
[38;2;105;99;97;48;2;176;172;171m▀[38;2;254;253;254;48;2;255;253;253m▀[38;2;255;253;255;48;2;255;252;255m▀[48;2;255;251;254m▀[38;2;232;229;231;48;2;125;120;119m▀[38;2;133;128;129;48;2;177;174;173m▀[38;2;254;254;254;48;2;254;254;254m▀[38;2;254;252;254;48;2;252;250;252m▀[38;2;255;251;255;48;2;255;251;255m▀▀▀▀[38;2;203;195;206;48;2;191;182;194m▀[38;2;130;118;128;48;2;123;111;121m▀[38;2;124;111;120;48;2;140;127;136m▀[38;2;198;189;195;48;2;177;166;174m▀[38;2;163;152;167;48;2;166;156;170m▀[38;2;114;105;113;48;2;119;110;119m▀[38;2;209;204;206;48;2;212;208;210m▀[38;2;198;193;195;48;2;254;251;252m▀[38;2;213;209;213;48;2;255;253;255m▀[38;2;170;154;149;48;2;168;154;147m▀[38;2;246;185;161;48;2;248;190;166m▀[38;2;252;197;171;48;2;253;234;212m▀[38;2;254;245;224;48;2;254;249;227m▀[38;2;215;208;196;48;2;252;247;230m▀[38;2;200;195;196;48;2;164;158;157m▀[38;2;254;252;255;48;2;255;253;255m▀[38;2;169;158;152;48;2;200;195;195m▀[38;2;244;219;199;48;2;212;194;181m▀[38;2;254;247;229;48;2;254;247;229m▀▀▀▀▀▀[48;2;255;248;230m▀[38;2;255;248;230;48;2;251;230;208m▀[38;2;234;212;199;48;2;235;189;165m▀[38;2;136;103;98;48;2;227;207;188m▀[38;2;226;224;227;48;2;183;179;179m▀[38;2;254;252;255;48;2;255;253;254m▀[38;2;237;234;234;48;2;249;247;247m▀[38;2;168;161;157;48;2;161;155;150m▀[38;2;165;154;148;48;2;238;228;224m▀[38;2;205;197;187;48;2;68;48;43m▀[38;2;122;111;103;48;2;37;16;11m▀[38;2;30;16;11;48;2;37;19;15m▀[38;2;33;13;9;48;2;73;55;63m▀[38;2;37;16;13;48;2;83;65;79m▀[38;2;38;19;16;48;2;78;71;83m▀[38;2;34;17;9;48;2;58;65;71m▀[38;2;62;48;41;48;2;45;47;51m▀[38;2;151;134;135;48;2;37;23;24m▀[38;2;200;184;186;48;2;72;58;57m▀[38;2;121;105;107;48;2;149;132;137m▀[38;2;159;142;142;48;2;222;202;211m▀[38;2;100;81;80;48;2;222;202;212m▀[38;2;44;23;19;48;2;205;185;191m▀[38;2;53;17;13;48;2;124;97;98m▀[38;2;71;16;12;48;2;79;22;21m▀[38;2;72;19;14;48;2;90;22;21m▀[38;2;117;98;107;48;2;95;71;75m▀[38;2;198;190;199;48;2;160;146;160m▀[38;2;254;252;255;48;2;253;249;253m▀[38;2;255;251;255;48;2;255;251;255m▀▀▀[38;2;227;223;227;48;2;216;212;215m▀[38;2;254;253;254;48;2;253;251;254m▀[38;2;255;251;255;48;2;255;251;255m▀▀▀▀[38;2;221;214;223;48;2;229;223;232m▀[38;2;154;143;156;48;2;162;151;166m▀[38;2;98;84;96;48;2;89;76;85m▀[38;2;175;163;178;48;2;163;152;166m▀[38;2;176;164;179;48;2;197;186;201m▀[38;2;166;153;171;48;2;164;151;170m▀[0m
[38;2;242;240;238;48;2;255;253;254m▀[38;2;255;253;254;48;2;254;252;255m▀[38;2;255;252;255;48;2;255;252;255m▀[38;2;237;233;235;48;2;148;141;141m▀[38;2;39;31;29;48;2;68;58;54m▀[38;2;229;225;225;48;2;251;249;248m▀[38;2;255;254;252;48;2;255;254;252m▀[38;2;248;245;247;48;2;243;240;243m▀[38;2;255;251;255;48;2;255;251;255m▀▀[48;2;255;252;255m▀[48;2;254;250;254m▀[38;2;180;172;186;48;2;171;163;177m▀[38;2;117;105;115;48;2;116;104;113m▀[38;2;156;142;155;48;2;166;152;167m▀[38;2;149;135;145;48;2;123;108;118m▀[38;2;177;166;181;48;2;189;178;192m▀[38;2;147;138;148;48;2;161;151;164m▀[38;2;182;178;180;48;2;143;138;140m▀[38;2;254;252;253;48;2;254;252;253m▀[38;2;254;253;254m▀[38;2;167;151;144;48;2;165;146;142m▀[38;2;248;204;182;48;2;248;211;191m▀[38;2;254;248;228;48;2;254;247;230m▀[38;2;227;208;187;48;2;233;215;194m▀[38;2;233;210;187;48;2;212;187;167m▀[38;2;161;144;130;48;2;169;146;131m▀[38;2;248;245;246;48;2;170;164;163m▀[38;2;244;241;242;48;2;221;217;219m▀[38;2;168;161;150;48;2;158;151;148m▀[38;2;254;247;229;48;2;254;247;231m▀[48;2;254;247;229m▀▀▀▀▀▀[38;2;254;245;227m▀[38;2;254;246;227m▀[38;2;253;247;231;48;2;254;247;230m▀[38;2;159;156;151;48;2;175;171;165m▀[38;2;254;252;253;48;2;239;237;237m▀[38;2;252;249;250;48;2;251;249;250m▀[38;2;158;145;141;48;2;112;84;82m▀[38;2;113;83;79;48;2;84;38;36m▀[38;2;50;19;15;48;2;158;132;130m▀[38;2;53;32;26;48;2;58;40;37m▀[38;2;71;56;61;48;2;90;75;95m▀[38;2;90;76;97;48;2;88;74;98m▀[38;2;73;61;67;48;2;120;110;114m▀[38;2;71;73;84;48;2;62;65;69m▀[38;2;54;65;73;48;2;52;62;67m▀[38;2;123;125;113;48;2;191;191;170m▀[38;2;99;96;85;48;2;133;128;117m▀[38;2;43;39;43;48;2;45;53;62m▀[38;2;45;30;32;48;2;41;41;44m▀[38;2;191;175;177;48;2;54;40;39m▀[38;2;221;202;212;48;2;211;193;199m▀[38;2;221;201;212;48;2;221;201;212m▀[38;2;222;201;209;48;2;221;201;211m▀[38;2;192;161;166;48;2;220;201;212m▀[38;2;112;42;46;48;2;205;171;180m▀[38;2;83;52;55;48;2;82;47;49m▀[38;2;141;126;138;48;2;141;125;136m▀[38;2;209;198;207;48;2;154;142;153m▀[38;2;231;225;230;48;2;207;203;208m▀[38;2;203;201;206;48;2;249;247;249m▀[38;2;247;245;249;48;2;254;252;254m▀[38;2;204;199;203;48;2;196;191;197m▀[38;2;252;249;252;48;2;249;246;250m▀[38;2;255;251;255;48;2;255;251;255m▀▀▀▀[38;2;234;227;236;48;2;237;231;238m▀[38;2;162;149;165;48;2;161;148;164m▀[38;2;87;74;82;48;2;93;80;87m▀[38;2;147;135;148;48;2;151;139;150m▀[38;2;203;192;206;48;2;210;199;213m▀[38;2;176;163;178;48;2;194;182;196m▀[0m
[38;2;255;252;255;48;2;255;251;255m▀▀[38;2;250;246;249;48;2;198;192;192m▀[38;2;118;107;100;48;2;177;159;123m▀[38;2;121;110;106;48;2;127;117;111m▀[38;2;254;252;252;48;2;254;252;254m▀[38;2;254;253;252;48;2;253;251;253m▀[38;2;238;234;237;48;2;230;227;230m▀[38;2;255;251;255;48;2;255;251;255m▀▀[38;2;255;253;255;48;2;255;254;255m▀[38;2;253;250;254;48;2;253;250;253m▀[38;2;168;157;171;48;2;167;154;168m▀[38;2;117;102;108;48;2;118;102;109m▀[38;2;170;156;171;48;2;168;153;169m▀[38;2;103;91;102;48;2;86;74;86m▀[38;2;195;184;199;48;2;183;172;186m▀[38;2;162;151;167;48;2;153;142;157m▀[38;2;112;104;108;48;2;79;66;72m▀[38;2;219;215;217;48;2;203;196;200m▀[38;2;204;200;204;48;2;208;201;208m▀[38;2;132;112;112;48;2;81;66;66m▀[38;2;196;171;158;48;2;32;11;4m▀[38;2;234;226;214;48;2;35;19;11m▀[38;2;253;246;232;48;2;64;51;42m▀[38;2;255;249;231;48;2;125;113;104m▀[38;2;253;248;231;48;2;210;203;190m▀[38;2;155;150;144;48;2;164;160;152m▀[38;2;252;250;251;48;2;226;223;222m▀[38;2;168;162;162;48;2;223;220;221m▀[38;2;244;237;229;48;2;190;183;178m▀[38;2;254;247;231;48;2;255;248;232m▀[38;2;254;247;229;48;2;255;248;229m▀[48;2;254;247;229m▀▀▀▀▀▀▀[38;2;230;225;212;48;2;253;249;234m▀[38;2;188;185;183;48;2;158;153;149m▀[38;2;213;206;210;48;2;180;172;179m▀[38;2;94;59;61;48;2;128;109;111m▀[38;2;175;145;148;48;2;224;205;211m▀[38;2;176;156;158;48;2;145;124;120m▀[38;2;56;39;43;48;2;69;47;53m▀[38;2;87;77;98;48;2;78;74;92m▀[38;2;85;75;96;48;2;74;70;87m▀[38;2;147;140;142;48;2;152;146;148m▀[38;2;65;68;69;48;2;107;109;110m▀[38;2;50;61;67;48;2;58;62;69m▀[38;2;47;57;63;48;2;128;105;123m▀[38;2;45;54;60;48;2;141;113;133m▀[38;2;48;59;65;48;2;60;64;73m▀[38;2;49;61;67;48;2;56;66;71m▀[38;2;37;33;32;48;2;57;66;65m▀[38;2;107;91;90;48;2;36;22;17m▀[38;2;223;203;214;48;2;202;183;193m▀[38;2;221;201;212;48;2;220;201;212m▀[38;2;221;202;213;48;2;222;202;213m▀[38;2;222;202;213;48;2;221;202;213m▀[38;2;135;117;121;48;2;158;141;147m▀[38;2;136;121;132;48;2;138;123;134m▀[38;2;157;145;158;48;2;141;129;143m▀[38;2;253;251;252;48;2;245;242;245m▀[38;2;255;252;254;48;2;255;251;255m▀[38;2;254;252;255;48;2;254;250;255m▀[38;2;187;181;190;48;2;179;173;183m▀[38;2;244;240;245;48;2;237;234;238m▀[38;2;255;251;255;48;2;255;251;255m▀▀▀▀[38;2;237;231;238;48;2;234;228;236m▀[38;2;154;141;158;48;2;141;128;145m▀[38;2;110;96;106;48;2;121;108;120m▀[38;2;145;132;144;48;2;128;116;127m▀[38;2;208;197;210;48;2;201;189;201m▀[38;2;163;151;166;48;2;164;151;167m▀[0m
[38;2;255;251;255;48;2;255;251;255m▀[48;2;252;249;253m▀[38;2;156;145;136;48;2;164;149;119m▀[38;2;216;192;142;48;2;206;179;125m▀[38;2;146;139;136;48;2;163;157;156m▀[38;2;255;251;255;48;2;255;251;255m▀[38;2;253;249;254;48;2;252;249;253m▀[38;2;226;221;228;48;2;221;216;224m▀[38;2;255;251;255;48;2;255;251;255m▀▀[38;2;255;253;255;48;2;254;252;255m▀[38;2;252;248;252;48;2;251;247;251m▀[38;2;165;152;166;48;2;165;152;166m▀[38;2;112;96;103;48;2;95;81;87m▀[38;2;164;149;166;48;2;153;139;153m▀[38;2;88;77;86;48;2;106;93;100m▀[38;2;180;168;179;48;2;141;129;138m▀[38;2;161;150;164;48;2;172;160;173m▀[38;2;121;103;108;48;2;126;106;110m▀[38;2;166;155;156;48;2;130;105;101m▀[38;2;156;146;158;48;2;137;125;140m▀[38;2;86;69;71;48;2;93;78;82m▀[38;2;35;15;10;48;2;159;141;144m▀[38;2;39;20;14;48;2;214;196;199m▀[38;2;45;24;22;48;2;219;200;204m▀[38;2;34;13;8;48;2;119;103;103m▀[38;2;38;17;12;48;2;51;31;31m▀[38;2;87;67;63;48;2;46;21;20m▀[38;2;129;120;116;48;2;49;22;19m▀[38;2;253;250;251;48;2;184;180;178m▀[38;2;162;155;152;48;2;175;170;169m▀[38;2;255;248;231;48;2;235;229;218m▀[38;2;255;248;229;48;2;255;248;230m▀[38;2;254;247;229;48;2;254;247;229m▀▀▀▀▀▀▀[38;2;254;248;231;48;2;255;248;230m▀[38;2;167;152;146;48;2;191;176;163m▀[38;2;185;176;180;48;2;215;209;209m▀[38;2;162;149;152;48;2;165;155;158m▀[38;2;231;218;225;48;2;249;246;248m▀[38;2;139;117;113;48;2;146;129;127m▀[38;2;65;47;54;48;2;108;76;82m▀[38;2;117;102;117;48;2;249;182;211m▀[38;2;99;86;102;48;2;245;179;208m▀[38;2;152;148;147;48;2;188;172;176m▀[38;2;166;162;162;48;2;235;232;231m▀[38;2;186;150;166;48;2;182;158;167m▀[38;2;247;180;210;48;2;196;173;182m▀[38;2;231;171;196;48;2;191;175;180m▀[38;2;143;113;129;48;2;119;103;104m▀[38;2;59;77;73;48;2;68;97;84m▀[38;2;64;95;84;48;2;72;117;97m▀[38;2;49;41;34;48;2;64;89;74m▀[38;2;154;137;140;48;2;91;79;74m▀[38;2;246;243;245;48;2;254;254;252m▀[38;2;234;224;230;48;2;255;255;253m▀[38;2;221;204;214;48;2;252;250;249m▀[38;2;173;157;162;48;2;203;194;195m▀[38;2;136;122;133;48;2;126;112;123m▀[38;2;141;129;143;48;2;151;139;153m▀[38;2;231;227;231;48;2;218;213;217m▀[38;2;255;251;255;48;2;254;252;255m▀[38;2;254;250;254;48;2;251;248;252m▀[38;2;171;164;175;48;2;165;156;168m▀[38;2;232;229;234;48;2;225;221;227m▀[38;2;255;251;255;48;2;255;251;255m▀▀▀▀[38;2;226;220;228;48;2;216;210;218m▀[38;2;138;125;140;48;2;132;120;132m▀[38;2;138;124;136;48;2;152;139;151m▀[38;2;114;102;112;48;2;104;91;101m▀[38;2;200;188;200;48;2;199;187;200m▀[38;2;164;151;168;48;2;164;151;169m▀[0m
[38;2;255;251;255;48;2;254;253;255m▀[38;2;232;228;231;48;2;194;189;189m▀[38;2;191;170;121;48;2;227;206;152m▀[38;2;188;164;115;48;2;177;157;120m▀[38;2;175;169;170;48;2;186;180;182m▀[38;2;255;251;255;48;2;255;252;255m▀[38;2;250;247;251;48;2;249;244;248m▀[38;2;216;210;218;48;2;212;204;213m▀[38;2;255;251;255;48;2;255;251;255m▀▀[38;2;254;252;255;48;2;255;252;255m▀[38;2;252;249;252;48;2;253;250;253m▀[38;2;166;153;167;48;2;169;156;170m▀[38;2;110;95;101;48;2;116;99;106m▀[38;2;135;120;129;48;2;129;113;122m▀[38;2;116;102;108;48;2;119;105;113m▀[38;2;103;90;97;48;2;91;78;84m▀[38;2;178;165;180;48;2;174;161;177m▀[38;2;127;108;115;48;2;136;119;133m▀[38;2;101;70;64;48;2;76;32;26m▀[38;2;120;108;119;48;2;82;61;62m▀[38;2;111;97;104;48;2;159;146;154m▀[38;2;214;197;204;48;2;195;179;187m▀[38;2;221;202;211;48;2;220;202;212m▀[38;2;217;198;206;48;2;201;183;189m▀[38;2;49;33;33;48;2;45;29;32m▀[38;2;90;76;92;48;2;88;75;96m▀[38;2;77;65;76;48;2;81;70;80m▀[38;2;63;45;51;48;2;65;65;71m▀[38;2;73;59;58;48;2;74;73;67m▀[38;2;169;160;163;48;2;111;104;105m▀[38;2;171;164;160;48;2;113;105;105m▀[38;2;254;248;230;48;2;249;243;230m▀[38;2;254;247;229;48;2;254;247;230m▀▀[48;2;254;247;229m▀▀▀▀▀[38;2;255;248;230;48;2;255;248;230m▀[38;2;249;241;225;48;2;254;248;231m▀[38;2;182;177;174;48;2;182;175;170m▀[38;2;169;160;162;48;2;172;164;163m▀[38;2;254;254;254;48;2;254;254;254m▀[38;2;161;150;147;48;2;197;189;188m▀[38;2;110;83;86;48;2;65;56;52m▀[38;2;252;181;210;48;2;221;172;192m▀[38;2;239;172;199;48;2;185;157;169m▀[38;2;201;184;189;48;2;252;251;250m▀[38;2;255;255;253;48;2;255;255;254m▀[48;2;225;223;222m▀[38;2;215;207;207;48;2;193;144;160m▀[38;2;185;142;156;48;2;247;181;203m▀[38;2;171;153;155;48;2;145;167;153m▀[38;2;77;121;102;48;2;127;181;158m▀[38;2;95;152;126;48;2;114;182;150m▀[38;2;88;141;117;48;2;106;179;141m▀[38;2;50;41;35;48;2;46;42;33m▀[38;2;250;249;247;48;2;243;240;238m▀[38;2;255;255;253;48;2;255;255;254m▀▀[38;2;228;226;225;48;2;236;235;234m▀[38;2;122;110;120;48;2;116;105;115m▀[38;2;163;154;167;48;2;178;167;181m▀[38;2;206;202;206;48;2;202;197;201m▀[38;2;254;252;255;48;2;254;252;255m▀[38;2;242;239;243;48;2;228;223;229m▀[38;2;162;151;166;48;2;164;152;169m▀[38;2;220;215;223;48;2;214;208;218m▀[38;2;255;251;255;48;2;255;251;255m▀▀▀▀[38;2;207;201;209;48;2;195;187;196m▀[38;2;128;116;125;48;2;124;112;120m▀[38;2;161;148;160;48;2;167;153;166m▀[38;2;94;82;89;48;2;96;84;91m▀[38;2;199;187;202;48;2;195;183;197m▀[38;2;165;152;171;48;2;166;153;171m▀[0m
[38;2;254;254;254;48;2;254;254;254m▀[38;2;169;162;153;48;2;165;150;135m▀[38;2;248;228;170;48;2;252;221;158m▀[38;2;171;157;124;48;2;168;150;114m▀[38;2;191;185;185;48;2;191;184;184m▀[38;2;255;253;254;48;2;255;253;254m▀[38;2;249;245;249;48;2;250;245;249m▀[38;2;190;181;191;48;2;156;145;156m▀[38;2;255;251;255;48;2;255;251;255m▀▀▀[38;2;254;250;254;48;2;255;250;255m▀[38;2;173;160;174;48;2;179;169;182m▀[38;2;116;102;111;48;2;127;112;124m▀[38;2;135;119;130;48;2;151;135;146m▀[38;2;111;98;106;48;2;102;89;97m▀[38;2;102;89;94;48;2;135;122;129m▀[38;2;148;134;147;48;2;108;94;107m▀[38;2;153;136;153;48;2;164;150;166m▀[38;2;73;18;18;48;2;83;28;32m▀[38;2;60;20;17;48;2;88;22;23m▀[38;2;195;186;191;48;2;157;140;142m▀[38;2;169;155;161;48;2;153;142;145m▀[38;2;220;202;213;48;2;221;202;212m▀[38;2;199;182;187;48;2;220;203;210m▀[38;2;46;30;35;48;2;48;32;37m▀[38;2;87;73;97;48;2;79;70;90m▀[38;2;89;77;86;48;2;65;63;69m▀[38;2;107;103;100;48;2;174;168;168m▀[38;2;231;228;203;48;2;75;69;69m▀[38;2;88;86;76;48;2;49;58;60m▀[38;2;157;149;150;48;2;100;92;96m▀[38;2;173;165;160;48;2;155;144;144m▀[38;2;254;247;233;48;2;251;243;233m▀[38;2;254;247;231;48;2;255;248;232m▀[38;2;254;247;229;48;2;254;247;229m▀▀▀▀▀▀▀[38;2;193;186;179;48;2;206;198;190m▀[38;2;181;174;172;48;2;187;181;177m▀[38;2;254;254;254;48;2;254;254;253m▀[38;2;247;245;245;48;2;255;255;255m▀[38;2;98;108;101;48;2;200;218;210m▀[38;2;103;108;106;48;2;146;189;171m▀[38;2;189;172;175;48;2;185;193;189m▀[38;2;178;154;159;48;2;235;188;201m▀[38;2;223;219;219;48;2;167;146;151m▀[38;2;221;215;216;48;2;228;224;224m▀[38;2;209;151;171;48;2;154;151;148m▀[38;2;227;204;212;48;2;188;226;206m▀[38;2;229;246;237;48;2;229;249;240m▀[38;2;178;223;202;48;2;187;232;211m▀[38;2;113;194;155;48;2;126;214;172m▀[38;2;120;200;158;48;2;129;214;171m▀[38;2;57;58;48;48;2;69;82;68m▀[38;2;244;240;238;48;2;248;247;245m▀[38;2;255;255;255;48;2;255;255;255m▀▀[38;2;242;237;239;48;2;244;240;241m▀[38;2;115;101;112;48;2;113;99;110m▀[38;2;183;172;186;48;2;183;172;186m▀[38;2;212;208;211;48;2;242;239;241m▀[38;2;255;252;255;48;2;255;252;254m▀[38;2;210;202;211;48;2;188;180;193m▀[38;2;165;152;171;48;2;166;154;172m▀[38;2;211;206;215;48;2;209;204;213m▀[38;2;255;251;255;48;2;255;251;255m▀▀▀[38;2;254;251;254;48;2;251;247;251m▀[38;2;182;172;182;48;2;169;159;170m▀[38;2;122;110;118;48;2;118;106;114m▀[38;2;169;155;168;48;2;170;157;170m▀[38;2;106;95;100;48;2;120;110;112m▀[38;2;186;174;187;48;2;90;80;83m▀[38;2;170;157;174;48;2;140;128;141m▀[0m
[38;2;253;253;253;48;2;251;251;251m▀[38;2;168;148;126;48;2;164;144;115m▀[38;2;253;223;154;48;2;252;225;154m▀[38;2;175;156;117;48;2;189;169;124m▀[38;2;184;177;176;48;2;173;165;164m▀[38;2;255;253;254;48;2;255;253;254m▀[38;2;253;249;252;48;2;254;251;253m▀[38;2;137;126;136;48;2;135;124;134m▀[38;2;251;248;252;48;2;238;235;238m▀[38;2;254;252;255;48;2;254;252;255m▀[38;2;255;251;255;48;2;255;251;255m▀▀[38;2;187;180;189;48;2;199;192;201m▀[38;2;146;130;144;48;2;163;148;164m▀[38;2;130;114;124;48;2;112;96;104m▀[38;2;140;126;137;48;2;166;149;168m▀[38;2;123;110;121;48;2;116;101;116m▀[38;2;99;86;95;48;2;136;123;133m▀[38;2;165;151;166;48;2;124;110;119m▀[38;2;93;50;55;48;2;107;76;84m▀[38;2;100;28;27;48;2;100;29;27m▀[38;2;179;161;161;48;2;224;203;205m▀[38;2;137;126;127;48;2;131;120;121m▀[38;2;227;215;220;48;2;222;217;216m▀[38;2;249;246;248;48;2;255;255;253m▀[38;2;145;138;140;48;2;198;194;195m▀[38;2;101;101;109;48;2;123;110;121m▀[38;2;63;58;64;48;2;234;178;203m▀[38;2;206;202;202;48;2;192;178;182m▀[38;2;106;97;100;48;2;197;179;184m▀[38;2;198;156;174;48;2;238;175;198m▀[38;2;117;95;105;48;2;184;154;164m▀[38;2;140;135;133;48;2;77;76;70m▀[38;2;186;183;176;48;2;143;136;133m▀[38;2;255;248;232;48;2;244;239;225m▀[38;2;255;248;230;48;2;255;248;230m▀▀▀[38;2;254;247;229;48;2;254;247;229m▀▀▀▀[38;2;226;219;205;48;2;244;237;221m▀[38;2;202;198;196;48;2;234;232;226m▀[38;2;254;254;254;48;2;254;254;253m▀[48;2;254;254;254m▀[38;2;252;254;254;48;2;255;255;255m▀[38;2;239;249;248;48;2;249;250;250m▀[38;2;233;246;242;48;2;239;250;248m▀[38;2;168;210;187;48;2;166;233;201m▀[38;2;128;144;131;48;2;173;221;190m▀[38;2;226;226;223;48;2;164;164;158m▀[38;2;137;165;151;48;2;178;177;166m▀[38;2;157;225;186;48;2;219;251;214m▀[38;2;148;229;188;48;2;200;246;207m▀[38;2;164;232;199;48;2;172;237;195m▀[38;2;160;225;193;48;2;163;233;196m▀[38;2;211;243;230;48;2;238;252;248m▀[38;2;176;183;177;48;2;248;251;250m▀[38;2;252;252;251;48;2;254;254;254m▀[38;2;255;255;254;48;2;255;255;255m▀[48;2;255;255;254m▀[38;2;241;238;238;48;2;235;235;234m▀[38;2;114;102;111;48;2;116;105;114m▀[38;2;192;183;194;48;2;217;209;218m▀[38;2;254;251;254;48;2;255;251;255m▀[38;2;249;246;250;48;2;229;224;231m▀[38;2;170;160;174;48;2;150;138;153m▀[38;2;167;155;171;48;2;170;158;175m▀[38;2;208;202;212;48;2;208;200;212m▀[38;2;255;251;255;48;2;255;252;255m▀[48;2;255;251;255m▀▀[38;2;235;231;235;48;2;213;208;213m▀[38;2;154;142;155;48;2;126;114;123m▀[38;2;134;118;132;48;2;161;144;160m▀[38;2;170;155;169;48;2;184;171;185m▀[38;2;170;162;161;48;2;137;129;128m▀[38;2;244;237;229;48;2;236;228;219m▀[38;2;98;89;83;48;2;230;224;212m▀[0m
[38;2;249;249;249;48;2;247;246;246m▀[38;2;167;149;118;48;2;168;155;119m▀[38;2;252;229;165;48;2;250;230;169m▀[38;2;204;183;136;48;2;221;205;160m▀[38;2;160;151;149;48;2;137;131;128m▀[38;2;255;253;254;48;2;254;252;253m▀[38;2;254;251;254;48;2;254;252;254m▀[38;2;160;149;158;48;2;188;177;186m▀[38;2;200;195;199;48;2;156;151;155m▀[38;2;255;252;255;48;2;255;251;255m▀[38;2;255;251;255m▀▀[38;2;212;206;215;48;2;228;223;231m▀[38;2;164;150;168;48;2;162;149;168m▀[38;2;105;91;100;48;2;111;98;110m▀[38;2;167;150;168;48;2;161;146;161m▀[38;2;163;146;164;48;2;166;149;167m▀[38;2;118;104;116;48;2;158;143;157m▀[38;2;96;82;90;48;2;94;80;90m▀[38;2;133;116;125;48;2;119;105;113m▀[38;2;102;34;30;48;2;120;65;64m▀[38;2;216;190;195;48;2;199;168;173m▀[38;2;231;221;224;48;2;252;248;250m▀[38;2;169;165;163;48;2;237;235;236m▀[38;2;254;254;252;48;2;241;240;241m▀[38;2;172;166;168;48;2;236;234;235m▀[38;2;106;92;100;48;2;73;75;73m▀[38;2;217;165;185;48;2;186;178;177m▀[38;2;193;179;181;48;2;251;249;248m▀[38;2;247;245;244;48;2;255;254;252m▀[38;2;199;184;188;48;2;191;182;184m▀[38;2;117;115;111;48;2;155;178;168m▀[38;2;81;112;92;48;2;166;197;181m▀[38;2;211;203;200;48;2;167;162;157m▀[38;2;175;167;159;48;2;220;213;203m▀[38;2;254;247;235;48;2;206;198;191m▀[38;2;255;247;231;48;2;254;247;232m▀[38;2;254;247;229;48;2;254;247;229m▀▀▀▀▀[38;2;252;245;228m▀[38;2;247;240;225m▀[38;2;255;253;246;48;2;254;248;233m▀[38;2;254;254;254;48;2;254;253;243m▀[38;2;255;255;255;48;2;255;254;249m▀[38;2;204;213;210;48;2;218;215;213m▀[38;2;193;234;216;48;2;133;172;144m▀[38;2;210;244;220;48;2;228;250;224m▀[38;2;236;250;230;48;2;253;254;241m▀[38;2;176;176;163;48;2;247;247;229m▀[38;2;166;164;151;48;2;198;200;183m▀[38;2;236;254;223;48;2;246;255;225m▀[38;2;238;254;223;48;2;247;255;223m▀[38;2;237;255;221;48;2;249;255;222m▀[38;2;200;245;208;48;2;238;254;222m▀[38;2;154;208;181;48;2;170;184;163m▀[38;2;201;204;200;48;2;248;245;238m▀[38;2;254;253;250;48;2;255;245;239m▀[38;2;254;254;243;48;2;254;245;234m▀[38;2;253;253;240;48;2;254;244;231m▀[38;2;222;221;215;48;2;208;202;193m▀[38;2;125;114;124;48;2;133;122;128m▀[38;2;224;219;226;48;2;232;227;233m▀[38;2;255;251;255;48;2;249;245;249m▀[38;2;190;182;193;48;2;129;119;127m▀[38;2;141;128;140;48;2;170;157;171m▀[38;2;170;158;174;48;2;172;159;176m▀[38;2;209;201;212;48;2;211;204;214m▀[38;2;255;252;255;48;2;255;252;255m▀[38;2;255;251;255;48;2;255;251;255m▀[48;2;251;246;251m▀[38;2;193;185;194;48;2;176;165;179m▀[38;2;113;100;109;48;2;84;65;75m▀[38;2;177;161;179;48;2;176;162;179m▀[38;2;177;165;181;48;2;166;155;172m▀[38;2;109;89;85;48;2;140;105;94m▀[38;2;204;160;139;48;2;254;189;162m▀[38;2;248;196;172;48;2;253;192;163m▀[0m
[38;2;241;240;240;48;2;236;233;234m▀[38;2;173;160;125;48;2;174;161;128m▀[38;2;254;237;178;48;2;250;228;164m▀[38;2;243;230;178;48;2;249;232;173m▀[38;2;118;112;105;48;2;107;99;90m▀[38;2;254;252;253;48;2;253;251;252m▀[38;2;254;252;254;48;2;254;252;255m▀[38;2;205;198;205;48;2;220;217;221m▀[38;2;125;117;122;48;2;113;100;109m▀[38;2;254;250;254;48;2;235;230;234m▀[38;2;255;251;255;48;2;255;251;255m▀▀[38;2;245;240;244;48;2;254;250;253m▀[38;2;162;151;167;48;2;173;161;177m▀[38;2;147;134;148;48;2;164;151;168m▀[38;2;125;110;122;48;2;105;91;103m▀[38;2;166;149;167;48;2;165;151;167m▀[48;2;164;150;167m▀[38;2;163;147;162;48;2;165;150;167m▀[38;2;70;52;58;48;2;111;92;99m▀[38;2;144;115;115;48;2;57;39;37m▀[38;2;197;156;157;48;2;209;188;183m▀[38;2;254;254;253;48;2;249;244;243m▀[38;2;254;254;254;48;2;255;253;254m▀[48;2;254;254;254m▀[38;2;254;253;254m▀[38;2;134;154;144;48;2;206;224;216m▀[38;2;107;144;123;48;2;119;190;159m▀[38;2;175;154;156;48;2;167;203;185m▀[38;2;203;191;192;48;2;175;163;163m▀[38;2;174;148;152;48;2;170;175;168m▀[38;2;153;205;182;48;2;180;233;207m▀[38;2;234;247;237;48;2;220;245;231m▀[38;2;162;155;150;48;2;230;229;222m▀[38;2;254;247;234;48;2;254;247;233m▀[38;2;217;211;197;48;2;254;247;232m▀[38;2;226;220;206;48;2;233;227;213m▀[38;2;254;247;231;48;2;243;236;222m▀[38;2;254;247;229;48;2;254;247;229m▀▀▀▀▀▀▀[38;2;254;247;233;48;2;255;246;230m▀[38;2;255;251;236;48;2;255;246;229m▀[38;2;254;251;238;48;2;255;247;229m▀[38;2;154;153;137;48;2;231;213;201m▀[38;2;230;241;218;48;2;124;78;73m▀[38;2;246;248;225;48;2;75;47;37m▀[38;2;233;232;214;48;2;50;31;23m▀[38;2;219;217;199;48;2;59;41;34m▀[38;2;207;207;187;48;2;72;56;50m▀[38;2;198;195;175;48;2;95;72;68m▀[38;2;187;177;158;48;2;132;102;87m▀[38;2;196;176;161;48;2;184;135;127m▀[38;2;206;183;173;48;2;241;206;190m▀[38;2;255;240;226;48;2;254;228;208m▀[38;2;254;237;221;48;2;254;220;203m▀[38;2;254;236;217;48;2;255;229;206m▀[38;2;254;238;221;48;2;253;228;205m▀[38;2;184;177;166;48;2;160;151;142m▀[38;2;150;140;145;48;2;186;176;184m▀[38;2;241;237;242;48;2;246;243;247m▀[38;2;219;215;220;48;2;153;143;151m▀[38;2;119;112;119;48;2;159;145;159m▀[38;2;174;162;179;48;2;175;162;182m▀[38;2;173;160;179m▀[38;2;214;207;217;48;2;219;213;223m▀[38;2;255;252;255;48;2;255;252;255m▀[38;2;255;251;255;48;2;255;251;255m▀[38;2;228;221;230;48;2;201;192;202m▀[38;2;153;139;152;48;2;121;104;110m▀[38;2;89;67;68;48;2;140;118;111m▀[38;2;176;165;180;48;2;176;168;179m▀[38;2;170;158;170;48;2;169;154;163m▀[38;2;164;124;106;48;2;188;141;121m▀[38;2;254;187;161;48;2;254;186;164m▀[38;2;247;188;162;48;2;166;125;109m▀[0m
[38;2;234;232;232;48;2;239;237;236m▀[38;2;180;170;137;48;2;173;162;127m▀[38;2;253;238;182;48;2;253;236;179m▀[38;2;253;237;183;48;2;254;236;183m▀[38;2;108;99;85;48;2;133;119;95m▀[38;2;248;246;247;48;2;217;215;216m▀[38;2;255;253;255;48;2;255;253;255m▀[38;2;241;238;241;48;2;253;251;254m▀[38;2;137;125;136;48;2;169;160;171m▀[38;2;169;161;166;48;2;111;98;106m▀[38;2;255;251;255;48;2;240;235;239m▀[48;2;255;252;255m▀▀[38;2;192;181;195;48;2;217;209;218m▀[38;2;164;151;169;48;2;164;151;169m▀[38;2;126;113;126;48;2;165;152;168m▀[38;2;142;128;142;48;2;109;96;107m▀[38;2;163;150;166;48;2;166;152;167m▀[38;2;164;150;167;48;2;180;165;181m▀[38;2;165;148;162;48;2;188;172;189m▀[38;2;58;42;41;48;2;84;69;73m▀[38;2;169;160;154;48;2;181;174;167m▀[38;2;240;229;227;48;2;240;232;225m▀[38;2;255;253;254;48;2;254;253;250m▀[38;2;254;254;254;48;2;255;255;253m▀[48;2;255;255;254m▀[38;2;249;252;250;48;2;255;254;254m▀[38;2;172;225;202;48;2;227;248;237m▀[38;2;160;223;193;48;2;175;235;204m▀[38;2;164;200;178;48;2;232;252;230m▀[38;2;178;184;170;48;2;194;198;175m▀[38;2;217;247;223;48;2;240;253;223m▀[38;2;193;235;204;48;2;245;252;226m▀[38;2;122;131;116;48;2;159;151;135m▀[38;2;254;248;234;48;2;253;248;232m▀[38;2;254;247;230;48;2;254;247;229m▀[38;2;254;247;231;48;2;254;247;230m▀[38;2;253;246;231m▀[38;2;254;247;231m▀▀[38;2;254;247;229;48;2;254;247;229m▀▀▀▀▀[38;2;255;246;229;48;2;255;245;230m▀[38;2;254;245;227;48;2;254;243;226m▀[38;2;254;244;227;48;2;255;240;223m▀[38;2;243;221;209;48;2;255;234;217m▀[38;2;242;218;204;48;2;255;229;212m▀[38;2;237;215;198;48;2;255;225;206m▀[38;2;235;215;198;48;2;255;223;203m▀[38;2;250;226;210;48;2;252;217;196m▀[38;2;253;226;209;48;2;253;217;197m▀[38;2;254;225;207;48;2;252;216;195m▀[38;2;252;218;199;48;2;253;234;221m▀[38;2;254;222;200;48;2;251;223;208m▀[38;2;250;207;187;48;2;251;208;189m▀[38;2;253;217;197;48;2;252;204;187m▀[38;2;252;206;191;48;2;252;214;194m▀[38;2;255;224;201;48;2;251;214;192m▀[38;2;249;215;192;48;2;249;214;194m▀[38;2;138;127;122;48;2;128;116;114m▀[38;2;187;177;188;48;2;193;182;196m▀[38;2;239;233;239;48;2;172;163;170m▀[38;2;131;120;128;48;2;200;190;198m▀[38;2;190;179;193;48;2;231;223;234m▀[38;2;184;173;190;48;2;231;223;233m▀[38;2;199;190;205;48;2;205;197;209m▀[38;2;233;229;235;48;2;227;225;229m▀[38;2;255;252;255;48;2;255;252;255m▀[38;2;248;244;249;48;2;232;226;233m▀[38;2;181;171;181;48;2;147;136;142m▀[38;2;130;103;98;48;2;188;148;129m▀[38;2;150;124;116;48;2;151;122;117m▀[38;2;189;176;190;48;2;217;203;216m▀[38;2;170;154;159;48;2;152;136;139m▀[38;2;217;165;144;48;2;202;163;144m▀[38;2;221;171;150;48;2;147;121;94m▀[38;2;149;130;107;48;2;246;229;191m▀[0m
[38;2;248;247;246;48;2;251;250;249m▀[38;2;163;152;117;48;2;162;152;119m▀[38;2;250;231;169;48;2;253;238;179m▀[38;2;253;219;163;48;2;253;223;169m▀[38;2;191;155;121;48;2;241;199;157m▀[38;2;163;156;157;48;2;109;98;95m▀[38;2;255;253;255;48;2;254;252;254m▀[48;2;255;253;255m▀[38;2;193;186;195;48;2;222;217;223m▀[38;2;108;94;105;48;2;130;116;128m▀[38;2;192;181;191;48;2;141;127;139m▀[38;2;254;253;254;48;2;223;219;223m▀[38;2;255;253;255;48;2;255;253;255m▀[38;2;243;238;242;48;2;254;252;254m▀[38;2;170;158;173;48;2;210;201;211m▀[38;2;172;159;176;48;2;204;194;204m▀[38;2;140;127;142;48;2;203;191;204m▀[38;2;161;148;159;48;2;173;161;170m▀[38;2;198;185;199;48;2;167;154;167m▀[38;2;167;153;169;48;2;166;155;172m▀[38;2;142;126;141;48;2;169;155;176m▀[38;2;128;120;114;48;2;86;72;77m▀[38;2;254;247;233;48;2;250;243;230m▀[38;2;254;247;238;48;2;254;245;226m▀[38;2;255;253;246;48;2;254;245;232m▀[38;2;255;252;248;48;2;255;247;235m▀[48;2;255;247;236m▀[38;2;237;243;235;48;2;252;245;234m▀[38;2;199;232;204;48;2;184;179;165m▀[38;2;253;255;242;48;2;249;253;231m▀[38;2;249;252;229;48;2;235;236;218m▀[38;2;249;254;227;48;2;187;178;163m▀[38;2;249;250;228;48;2;166;130;126m▀[38;2;182;162;150;48;2;226;204;193m▀[38;2;253;248;230;48;2;253;247;231m▀[38;2;254;247;229;48;2;254;247;229m▀▀▀▀▀▀[48;2;254;247;230m▀[38;2;255;248;230;48;2;250;243;226m▀[38;2;255;249;230;48;2;250;244;226m▀[38;2;254;247;229;48;2;253;246;229m▀[38;2;254;243;230;48;2;254;243;230m▀[38;2;255;241;225;48;2;255;240;225m▀[38;2;255;237;219;48;2;255;236;218m▀[38;2;255;229;209;48;2;255;227;208m▀[38;2;255;224;204;48;2;254;223;203m▀[38;2;255;221;200;48;2;254;219;198m▀[38;2;255;218;198;48;2;254;209;190m▀[38;2;252;208;189;48;2;255;211;192m▀[38;2;254;215;195;48;2;253;207;190m▀[38;2;249;208;188;48;2;254;211;189m▀[38;2;254;233;217;48;2;254;214;194m▀[38;2;248;207;192;48;2;252;210;192m▀[38;2;254;216;196;48;2;254;216;197m▀[38;2;250;208;188;48;2;253;221;198m▀[38;2;254;217;195;48;2;254;223;200m▀[38;2;253;212;192;48;2;255;223;203m▀[38;2;232;209;191;48;2;181;165;153m▀[38;2;131;120;127;48;2;172;160;173m▀[38;2;186;173;189;48;2;153;134;143m▀[38;2;128;116;120;48;2;147;124;118m▀[38;2;221;213;220;48;2;235;228;234m▀[38;2;253;252;254;48;2;248;244;248m▀[38;2;249;244;249;48;2;247;242;249m▀[38;2;208;200;213;48;2;204;197;210m▀[38;2;236;233;237;48;2;243;240;244m▀[38;2;254;251;254;48;2;232;228;233m▀[38;2;198;190;199;48;2;162;152;161m▀[38;2;169;157;160;48;2;127;120;110m▀[38;2;241;191;174;48;2;205;188;178m▀[38;2;155;126;126;48;2;169;157;158m▀[38;2;246;235;241;48;2;253;246;250m▀[38;2;127;114;109;48;2;184;168;155m▀[38;2;175;150;124;48;2;251;231;196m▀[38;2;247;220;182;48;2;252;231;205m▀[38;2;250;232;196;48;2;250;220;174m▀[0m
[38;2;225;224;225;48;2;150;149;147m▀[38;2;159;149;122;48;2;160;151;135m▀[38;2;252;230;172;48;2;252;235;177m▀[38;2;253;227;170;48;2;253;236;176m▀[38;2;251;204;159;48;2;254;232;177m▀[38;2;107;87;73;48;2;180;159;127m▀[38;2;228;226;227;48;2;136;131;131m▀[38;2;255;252;255;48;2;254;251;253m▀[38;2;248;246;249;48;2;254;252;255m▀[38;2;166;154;167;48;2;193;185;195m▀[38;2;107;94;105;48;2;108;97;107m▀[38;2;172;162;173;48;2;164;151;166m▀[38;2;246;242;246;48;2;198;189;200m▀[38;2;255;253;255;48;2;253;252;254m▀[38;2;249;245;249;48;2;255;253;255m▀[38;2;244;240;245;48;2;254;253;254m▀[38;2;237;229;235;48;2;238;233;237m▀[38;2;183;172;187;48;2;195;185;200m▀[38;2;126;113;125;48;2;155;143;157m▀[38;2;168;155;173;48;2;139;126;139m▀[38;2;170;156;176;48;2;171;158;175m▀[38;2;110;96;106;48;2;160;146;160m▀[38;2;206;196;186;48;2;139;126;120m▀[38;2;254;239;218;48;2;254;233;213m▀[38;2;254;237;219;48;2;255;229;208m▀[38;2;255;236;215;48;2;255;227;205m▀[38;2;254;235;217;48;2;255;228;205m▀[38;2;254;235;219;48;2;255;227;205m▀[38;2;211;182;171;48;2;250;221;202m▀[38;2;137;108;96;48;2;232;204;188m▀[38;2;71;57;47;48;2;249;233;218m▀[38;2;155;140;130;48;2;254;242;226m▀[38;2;239;224;213;48;2;254;242;228m▀[38;2;253;244;228;48;2;254;243;229m▀[38;2;255;248;229;48;2;255;249;230m▀[38;2;255;249;231;48;2;255;249;232m▀[38;2;254;247;229;48;2;254;247;230m▀▀[38;2;254;247;230;48;2;216;205;190m▀[38;2;255;248;233;48;2;177;151;140m▀[48;2;179;145;133m▀[38;2;239;231;218;48;2;181;130;117m▀[38;2;162;137;126;48;2;246;165;152m▀[38;2;155;126;115;48;2;248;167;150m▀[38;2;225;219;203;48;2;156;119;108m▀[38;2;254;244;228;48;2;233;224;211m▀[38;2;254;242;226;48;2;254;242;226m▀[38;2;254;236;220;48;2;254;238;223m▀[38;2;255;228;210;48;2;255;234;217m▀[38;2;255;225;204;48;2;253;230;210m▀[38;2;254;222;201;48;2;254;228;206m▀[38;2;252;214;195;48;2;254;227;204m▀[38;2;254;219;199;48;2;255;227;205m▀[38;2;252;212;194;48;2;254;226;204m▀[38;2;255;220;198;48;2;254;228;207m▀[38;2;253;217;195;48;2;255;228;208m▀[38;2;255;224;203;48;2;255;231;209m▀[48;2;255;233;211m▀[38;2;255;226;206;48;2;254;235;216m▀[38;2;255;228;209;48;2;254;237;222m▀[38;2;254;231;213;48;2;241;229;220m▀[38;2;146;135;133;48;2;142;133;135m▀[38;2;186;175;183;48;2;149;126;125m▀[38;2;171;135;126;48;2;219;183;170m▀[38;2;159;141;136;48;2;187;175;182m▀[38;2;212;205;214;48;2;194;183;196m▀[38;2;213;206;214;48;2;193;185;197m▀[38;2;208;202;211;48;2;191;185;197m▀[38;2;217;211;220;48;2;195;189;200m▀[38;2;249;246;250;48;2;240;234;240m▀[38;2;203;196;205;48;2;170;160;169m▀[38;2;114;106;106;48;2;162;157;139m▀[38;2;243;235;207;48;2;255;251;215m▀[38;2;248;236;212;48;2;237;234;210m▀[38;2;239;237;234;48;2;237;235;235m▀[38;2;248;247;247;48;2;254;253;253m▀[38;2;237;229;226;48;2;254;252;251m▀[38;2;253;244;228;48;2;254;245;230m▀[38;2;251;220;182;48;2;255;238;200m▀[38;2;254;230;178;48;2;254;240;187m▀[0m
[38;2;114;106;95;48;2;155;141;114m▀[38;2;164;155;148;48;2;161;151;152m▀[38;2;246;224;164;48;2;212;191;150m▀[38;2;255;231;165;48;2;253;230;167m▀[38;2;255;232;174;48;2;254;232;171m▀[38;2;246;230;182;48;2;251;234;176m▀[38;2;85;75;68;48;2;151;135;108m▀[38;2;216;211;213;48;2;138;127;130m▀[38;2;255;251;255;48;2;234;229;234m▀[38;2;231;225;232;48;2;254;250;254m▀[38;2;149;138;151;48;2;182;171;185m▀[38;2;120;106;117;48;2;106;94;104m▀[38;2;175;163;176;48;2;186;175;185m▀[38;2;229;225;231;48;2;211;204;212m▀[38;2;255;254;255;48;2;228;227;229m▀[38;2;250;249;251;48;2;246;241;247m▀[38;2;236;232;237;48;2;209;202;210m▀[38;2;188;181;193;48;2;205;198;207m▀[38;2;172;162;178;48;2;171;161;175m▀[38;2;156;143;157;48;2;173;161;178m▀[38;2;163;149;166;48;2;173;163;180m▀[38;2;176;162;179;48;2;177;164;182m▀[38;2;121;105;103;48;2;131;113;111m▀[38;2;252;225;207;48;2;252;212;193m▀[38;2;254;219;198;48;2;253;231;216m▀[38;2;252;215;194;48;2;252;218;201m▀[38;2;252;214;193;48;2;251;206;186m▀[38;2;252;215;194;48;2;251;208;188m▀[38;2;253;218;197;48;2;252;213;193m▀[38;2;252;217;197;48;2;251;216;196m▀[38;2;252;229;210;48;2;253;227;207m▀[38;2;253;240;222;48;2;254;237;219m▀[38;2;254;242;226;48;2;255;242;226m▀[38;2;255;242;229;48;2;254;242;228m▀[38;2;255;249;230;48;2;255;247;229m▀[38;2;198;191;180;48;2;240;234;221m▀[38;2;215;208;197;48;2;200;193;183m▀[38;2;162;155;142;48;2;225;217;208m▀[38;2;124;88;80;48;2;172;118;111m▀[38;2;251;168;158;48;2;254;164;152m▀[38;2;254;167;152;48;2;254;164;155m▀[38;2;254;167;148;48;2;253;165;154m▀[38;2;254;166;148;48;2;252;167;156m▀[38;2;254;166;150;48;2;253;188;174m▀[38;2;243;180;164;48;2;255;198;185m▀[38;2;153;134;126;48;2;216;176;164m▀[38;2;252;244;232;48;2;188;179;169m▀[38;2;254;242;226;48;2;254;245;228m▀[38;2;254;240;224;48;2;254;244;227m▀[38;2;254;237;220m▀[38;2;254;235;218;48;2;255;242;226m▀[38;2;255;235;218m▀[38;2;254;235;217;48;2;255;243;225m▀[38;2;254;236;216;48;2;255;244;225m▀[38;2;254;238;217m▀[38;2;255;238;217;48;2;255;244;226m▀[38;2;255;239;221;48;2;254;244;226m▀[38;2;254;241;223;48;2;253;245;226m▀[38;2;253;242;225;48;2;254;246;228m▀[38;2;255;243;227;48;2;250;244;227m▀[38;2;179;170;161;48;2;125;118;113m▀[38;2;148;139;136;48;2;200;191;185m▀[38;2;216;199;185;48;2;252;245;231m▀[38;2;156;146;143;48;2;136;129;130m▀[38;2;194;186;198;48;2;199;190;204m▀[38;2;198;186;201;48;2;198;187;205m▀[38;2;196;187;200m▀[38;2;194;186;199;48;2;197;187;204m▀[38;2;205;197;211;48;2;202;192;207m▀[38;2;212;203;211;48;2;162;152;158m▀[38;2;123;116;114;48;2;187;183;161m▀[38;2;246;243;214;48;2;255;252;217m▀[38;2;255;252;214;48;2;255;252;215m▀[38;2;217;213;194;48;2;203;198;182m▀[38;2;249;247;250;48;2;232;229;228m▀[38;2;252;252;250;48;2;239;238;230m▀[38;2;254;253;251;48;2;255;254;240m▀[38;2;255;252;238;48;2;255;253;239m▀[38;2;255;243;206;48;2;255;247;210m▀[38;2;253;242;189;48;2;254;244;192m▀[0m
[38;2;236;214;161;48;2;253;223;157m▀[38;2;130;118;112;48;2;152;135;106m▀[38;2;171;156;126;48;2;146;132;117m▀[38;2;252;234;173;48;2;250;232;173m▀[38;2;255;235;177;48;2;253;232;170m▀[38;2;253;238;183;48;2;254;234;175m▀[38;2;241;227;180;48;2;254;236;180m▀[38;2;91;77;75;48;2;168;154;127m▀[38;2;173;163;176;48;2;130;119;123m▀[38;2;241;236;242;48;2;175;165;177m▀[38;2;223;215;224;48;2;239;234;240m▀[38;2;165;154;164;48;2;200;191;201m▀[38;2;172;162;173;48;2;102;92;104m▀[38;2;170;161;175;48;2;168;156;173m▀[38;2;174;167;182;48;2;171;159;178m▀[38;2;228;222;230;48;2;173;163;174m▀[38;2;201;195;202;48;2;219;211;220m▀[38;2;189;181;191;48;2;176;169;180m▀[38;2;199;191;203;48;2;188;179;194m▀[38;2;174;162;182;48;2;197;183;202m▀[38;2;176;165;181;48;2;181;170;186m▀[38;2;163;149;162;48;2;112;97;100m▀[38;2;168;145;134;48;2;234;202;184m▀[38;2;251;209;188;48;2;252;216;195m▀[38;2;252;232;218;48;2;254;216;196m▀[38;2;252;218;200;48;2;254;220;197m▀[38;2;254;216;195;48;2;255;222;200m▀[38;2;252;214;193;48;2;255;223;203m▀[38;2;253;218;196;48;2;255;228;208m▀[38;2;254;225;204;48;2;255;232;211m▀[38;2;254;232;213;48;2;255;236;218m▀[38;2;255;239;220;48;2;255;241;221m▀[38;2;254;244;226;48;2;255;246;226m▀[38;2;254;247;229;48;2;254;247;229m▀▀▀▀[38;2;252;247;230;48;2;254;248;230m▀[38;2;164;124;114;48;2;168;146;137m▀[38;2;253;166;150;48;2;248;168;157m▀[38;2;253;165;153;48;2;250;171;157m▀[38;2;252;171;159;48;2;254;194;178m▀[38;2;255;195;179;48;2;255;198;182m▀[38;2;255;198;183;48;2;255;198;185m▀[38;2;255;198;187;48;2;255;197;187m▀[38;2;253;201;190;48;2;255;199;190m▀[38;2;159;135;124;48;2;219;177;165m▀[38;2;249;242;227;48;2;195;187;174m▀[38;2;254;247;229;48;2;253;248;229m▀[38;2;255;248;230m▀[38;2;254;247;229;48;2;254;247;229m▀▀[38;2;253;246;229m▀▀[38;2;254;247;230m▀▀[38;2;254;247;231m▀[38;2;254;247;230m▀[48;2;218;211;195m▀[38;2;170;161;152;48;2;204;197;185m▀[38;2;185;179;173;48;2;255;248;232m▀[38;2;255;247;237;48;2;255;249;237m▀[38;2;212;205;195;48;2;174;166;162m▀[38;2;163;153;157;48;2;206;194;205m▀[38;2;203;192;206;48;2;207;195;209m▀[38;2;202;191;206;48;2;206;194;208m▀[48;2;207;196;207m▀[38;2;203;193;206;48;2;239;231;237m▀[38;2;221;211;217;48;2;126;120;115m▀[38;2;127;119;112;48;2;231;229;201m▀[38;2;254;250;221;48;2;255;251;214m▀[38;2;255;252;215;48;2;255;251;222m▀[38;2;254;250;222;48;2;210;204;189m▀[38;2;233;225;223;48;2;176;169;167m▀[38;2;178;173;163;48;2;203;198;173m▀[38;2;253;248;215;48;2;255;248;202m▀[38;2;254;248;212;48;2;254;244;194m▀[38;2;254;246;208;48;2;254;243;192m▀[38;2;254;246;215;48;2;253;247;216m▀[38;2;254;241;203;48;2;254;247;218m▀[0m
[38;2;254;220;155;48;2;252;194;138m▀[38;2;241;216;157;48;2;253;224;159m▀[38;2;108;92;81;48;2;194;175;137m▀[38;2;209;192;148;48;2;124;107;91m▀[38;2;254;226;169;48;2;249;204;160m▀[38;2;253;221;166;48;2;253;205;156m▀[38;2;254;231;178;48;2;252;213;165m▀[38;2;251;234;188;48;2;253;227;180m▀[38;2;105;91;81;48;2;218;196;157m▀[38;2;165;153;165;48;2;113;99;100m▀[38;2;179;168;184;48;2;176;164;180m▀[38;2;216;205;220;48;2;172;161;178m▀[38;2;155;145;159;48;2;181;170;187m▀[38;2;119;107;122;48;2;112;102;113m▀[38;2;172;159;177;48;2;164;152;166m▀[38;2;174;162;178;48;2;178;165;183m▀[38;2;176;165;179;48;2;177;167;183m▀[38;2;202;192;206;48;2;179;169;184m▀[38;2;178;167;183;48;2;186;175;191m▀[38;2;186;175;193;48;2;175;165;182m▀[38;2;170;157;170;48;2;145;132;145m▀[38;2;132;117;113;48;2;137;125;119m▀[38;2;252;222;200;48;2;253;234;217m▀[38;2;255;226;204;48;2;254;232;216m▀[38;2;255;226;205;48;2;254;233;215m▀[38;2;253;228;206;48;2;254;236;218m▀[38;2;255;230;209;48;2;254;237;221m▀[38;2;255;232;213;48;2;255;239;223m▀[38;2;255;236;217;48;2;254;241;225m▀[38;2;255;239;219;48;2;255;243;226m▀[38;2;255;242;225;48;2;254;245;228m▀[38;2;255;243;226;48;2;254;245;229m▀[38;2;254;246;228;48;2;254;246;229m▀[38;2;254;247;229;48;2;254;247;229m▀▀▀▀[48;2;254;247;230m▀[38;2;204;193;184;48;2;249;242;230m▀[38;2;209;145;133;48;2;170;132;122m▀[38;2;252;191;174;48;2;255;199;184m▀[38;2;254;198;181;48;2;255;198;182m▀[38;2;254;198;182;48;2;255;198;184m▀[38;2;255;198;185;48;2;255;198;187m▀[38;2;255;197;187;48;2;255;198;188m▀[38;2;255;198;189;48;2;255;198;187m▀[38;2;253;201;188;48;2;255;201;184m▀[38;2;166;147;136;48;2;173;142;130m▀[38;2;255;247;236;48;2;252;244;234m▀[38;2;255;248;231;48;2;255;248;230m▀[38;2;254;247;229;48;2;254;247;229m▀▀▀▀▀▀▀▀[38;2;253;247;230;48;2;254;247;230m▀[38;2;255;248;233;48;2;244;236;224m▀[38;2;255;247;232;48;2;131;121;114m▀[38;2;197;190;180;48;2;39;28;25m▀[38;2;177;167;168;48;2;183;172;177m▀[38;2;228;220;228;48;2;234;228;234m▀[38;2;208;197;210;48;2;234;228;235m▀[38;2;212;200;214;48;2;250;243;250m▀[38;2;245;236;243;48;2;201;194;193m▀[38;2;165;158;158;48;2;151;144;131m▀[38;2;188;184;165;48;2;253;247;216m▀[38;2;255;251;215;48;2;254;246;212m▀[38;2;254;252;212;48;2;255;252;214m▀[38;2;254;250;222;48;2;229;225;195m▀[38;2;171;162;149;48;2;133;123;115m▀[38;2;166;156;144;48;2;238;223;189m▀[38;2;252;239;203;48;2;254;230;193m▀[38;2;255;244;201;48;2;252;232;193m▀[38;2;254;242;197;48;2;254;247;225m▀[38;2;254;247;220;48;2;253;234;207m▀[38;2;253;237;206;48;2;253;216;172m▀[38;2;253;237;188;48;2;253;224;172m▀[0m
[38;2;252;190;135;48;2;252;192;136m▀[38;2;253;220;158;48;2;254;222;159m▀[38;2;253;232;175;48;2;255;229;167m▀[38;2;161;143;116;48;2;249;222;166m▀[38;2;180;150;125;48;2;173;144;117m▀[38;2;252;206;160;48;2;204;173;145m▀[38;2;254;211;166;48;2;253;208;166m▀[38;2;255;215;172;48;2;254;209;168m▀[38;2;254;217;175;48;2;254;213;171m▀[38;2;180;159;134;48;2;253;217;178m▀[38;2;167;154;160;48;2;148;131;114m▀[38;2;188;177;192;48;2;204;194;202m▀[38;2;174;164;176;48;2;212;201;211m▀[38;2;173;162;175;48;2;189;178;188m▀[38;2;110;98;106;48;2;143;130;139m▀[38;2;181;168;184;48;2;150;137;150m▀[38;2;181;171;187;48;2;188;176;194m▀[38;2;185;175;191;48;2;190;178;197m▀[38;2;186;175;191;48;2;190;179;196m▀[38;2;184;173;188;48;2;196;186;199m▀[38;2;173;161;171;48;2;195;185;191m▀[38;2;104;92;92;48;2;185;174;180m▀[38;2;183;173;164;48;2;59;47;50m▀[38;2;254;240;224;48;2;153;143;135m▀[38;2;253;241;224;48;2;251;243;231m▀[38;2;255;240;225;48;2;254;244;227m▀[38;2;255;242;226;48;2;254;243;227m▀[38;2;255;242;227;48;2;254;243;228m▀[38;2;255;243;229;48;2;255;244;230m▀[38;2;255;244;229;48;2;255;245;230m▀[38;2;253;246;228;48;2;253;246;228m▀▀[38;2;254;247;229;48;2;254;247;229m▀▀▀▀▀[38;2;254;247;230m▀[38;2;255;248;231;48;2;255;248;229m▀[38;2;169;149;143;48;2;209;202;189m▀[38;2;252;200;188;48;2;210;170;157m▀[38;2;255;197;184;48;2;255;197;188m▀[38;2;255;198;186;48;2;255;197;189m▀[38;2;255;198;189;48;2;255;198;189m▀▀[38;2;255;198;186;48;2;255;198;188m▀[38;2;255;198;182;48;2;255;198;182m▀[38;2;185;150;137;48;2;203;165;149m▀[38;2;242;234;222;48;2;227;218;207m▀[38;2;255;248;229;48;2;255;248;230m▀[38;2;254;247;229;48;2;254;247;229m▀▀▀▀[48;2;254;247;230m▀[48;2;254;247;231m▀[38;2;254;247;230;48;2;223;215;205m▀[38;2;253;245;232;48;2;104;94;85m▀[38;2;191;182;172;48;2;31;19;11m▀[38;2;58;49;41;48;2;135;127;118m▀[38;2;97;85;79;48;2;223;217;208m▀[38;2;136;125;124;48;2;165;156;155m▀[38;2;213;203;210;48;2;247;240;240m▀[38;2;233;226;233;48;2;255;251;249m▀[38;2;254;251;255;48;2;222;219;219m▀[38;2;236;231;235;48;2;203;198;197m▀[38;2;134;128;118;48;2;251;248;239m▀[38;2;250;245;216;48;2;254;248;221m▀[38;2;254;246;216;48;2;254;247;220m▀[38;2;254;245;213;48;2;255;250;226m▀[38;2;253;250;222;48;2;199;193;180m▀[38;2;143;137;122;48;2;201;196;178m▀[38;2;215;205;184;48;2;255;245;218m▀[38;2;253;235;200;48;2;255;240;209m▀[38;2;252;231;195;48;2;255;248;235m▀[38;2;252;247;228;48;2;253;243;223m▀[38;2;253;236;212;48;2;255;224;185m▀[38;2;253;218;178;48;2;254;220;179m▀[38;2;254;216;172;48;2;255;217;172m▀[38;2;254;217;169;48;2;254;221;171m▀[0m
[38;2;252;208;147;48;2;252;227;160m▀[38;2;255;225;160;48;2;254;229;161m▀[38;2;255;229;164;48;2;255;233;166m▀[38;2;255;229;168;48;2;255;233;170m▀[38;2;252;216;163;48;2;254;234;174m▀[38;2;210;179;142;48;2;253;226;172m▀[38;2;202;168;129;48;2;248;210;166m▀[38;2;248;212;170;48;2;226;187;145m▀[38;2;254;217;175;48;2;248;214;170m▀[38;2;255;222;177;48;2;254;238;186m▀[38;2;249;235;199;48;2;254;242;189m▀[38;2;132;127;114;48;2;245;236;196m▀[38;2;220;214;218;48;2;138;132;120m▀[38;2;238;227;234;48;2;226;220;223m▀[38;2;225;209;219;48;2;252;241;249m▀[38;2;133;120;127;48;2;242;234;240m▀[38;2;195;182;193;48;2;179;170;176m▀[38;2;199;187;202;48;2;222;213;222m▀[38;2;200;191;205;48;2;236;229;237m▀[38;2;228;224;231;48;2;206;198;208m▀[38;2;188;178;187;48;2;205;194;208m▀[38;2;163;152;161;48;2;149;138;147m▀[38;2;196;183;198;48;2;210;198;210m▀[38;2;85;74;74;48;2;208;202;207m▀[38;2;92;83;80;48;2;149;140;145m▀[38;2;219;212;205;48;2;54;43;44m▀[38;2;253;247;232;48;2;125;115;110m▀[38;2;253;246;230;48;2;230;223;213m▀[38;2;254;248;231;48;2;254;248;234m▀[38;2;255;249;230;48;2;255;250;230m▀[38;2;254;247;229;48;2;254;247;229m▀▀▀▀▀▀▀▀▀[38;2;253;247;230m▀[38;2;178;158;143;48;2;245;238;224m▀[38;2;210;174;159;48;2;94;80;70m▀[38;2;189;149;135;48;2;88;71;64m▀[38;2;224;182;171;48;2;131;112;105m▀[38;2;254;200;190;48;2;247;198;189m▀[38;2;255;200;187;48;2;254;201;186m▀[38;2;255;200;186;48;2;255;200;186m▀[38;2;205;168;154;48;2;190;156;140m▀[38;2;226;218;205;48;2;245;237;223m▀[38;2;254;247;229;48;2;254;247;229m▀[48;2;254;247;230m▀[48;2;253;247;230m▀[38;2;255;248;230;48;2;231;224;211m▀[38;2;254;247;233;48;2;138;128;121m▀[38;2;236;228;218;48;2;103;82;72m▀[38;2;133;123;116;48;2;85;67;58m▀[38;2;44;28;22;48;2;111;99;94m▀[38;2;46;36;29;48;2;155;148;143m▀[38;2;175;169;161;48;2;119;114;117m▀[38;2;187;183;171;48;2;147;142;147m▀[38;2;118;112;106;48;2;157;151;153m▀[38;2;244;240;237;48;2;254;249;248m▀[38;2;253;248;247;48;2;199;191;192m▀[38;2;219;214;211;48;2;72;63;63m▀[38;2;96;87;84;48;2;103;94;94m▀[38;2;208;203;193;48;2;90;80;79m▀[38;2;253;252;244;48;2;158;151;147m▀[38;2;254;252;238;48;2;239;237;235m▀[38;2;253;248;232;48;2;251;250;247m▀[38;2;226;222;215;48;2;242;241;238m▀[38;2;223;219;211;48;2;255;255;251m▀[38;2;254;252;238m▀[38;2;254;249;234;48;2;255;254;251m▀[38;2;254;250;240;48;2;255;254;246m▀[38;2;253;244;226;48;2;254;247;217m▀[38;2;254;228;190;48;2;254;234;194m▀[38;2;254;222;181;48;2;254;226;184m▀[38;2;254;218;175;48;2;254;228;183m▀[38;2;254;221;174;48;2;254;236;185m▀[38;2;254;233;179;48;2;254;236;182m▀[0m
[38;2;254;224;157;48;2;253;223;155m▀[38;2;254;225;157;48;2;253;223;156m▀[38;2;254;226;158;48;2;254;226;160m▀[38;2;254;228;161;48;2;254;228;163m▀[38;2;253;232;164;48;2;255;234;171m▀[38;2;254;232;171;48;2;255;236;178m▀[38;2;254;227;171;48;2;254;239;185m▀[38;2;252;215;167;48;2;255;239;188m▀[38;2;254;239;189;48;2;254;241;190m▀[38;2;254;242;189;48;2;253;242;190m▀[38;2;255;246;195;48;2;255;243;193m▀[38;2;255;248;201;48;2;254;248;203m▀[38;2;250;246;207;48;2;254;251;211m▀[38;2;179;175;162;48;2;254;252;229m▀[38;2;239;236;236;48;2;241;238;233m▀[38;2;255;252;255;48;2;253;252;252m▀[38;2;239;236;239;48;2;254;252;255m▀[38;2;244;239;243;48;2;231;227;231m▀[38;2;243;237;243;48;2;232;226;229m▀[38;2;221;212;222;48;2;255;249;250m▀[38;2;208;197;209;48;2;249;243;247m▀[38;2;201;190;199;48;2;232;224;230m▀[38;2;160;149;156;48;2;158;149;156m▀[38;2;210;202;209;48;2;192;183;189m▀[38;2;211;205;214;48;2;213;206;214m▀[38;2;209;198;209;48;2;213;204;214m▀[38;2;129;116;121;48;2;215;204;214m▀[38;2;51;39;38;48;2;210;199;208m▀[38;2;110;100;95;48;2;147;134;140m▀[38;2;203;197;186;48;2;42;31;28m▀[38;2;251;244;232;48;2;63;53;48m▀[38;2;254;246;234;48;2;128;119;113m▀[38;2;254;246;233;48;2;196;188;181m▀[38;2;254;247;231;48;2;241;233;223m▀[38;2;254;247;229;48;2;253;246;231m▀[48;2;254;247;231m▀[48;2;254;248;230m▀[48;2;254;247;231m▀▀[38;2;254;246;232;48;2;254;245;235m▀[38;2;188;181;169;48;2;149;141;132m▀[38;2;174;163;155;48;2;204;195;186m▀[38;2;127;114;107;48;2;125;114;106m▀[38;2;149;137;130;48;2;172;163;157m▀[38;2;160;132;122;48;2;112;101;96m▀[38;2;253;205;190;48;2;225;200;187m▀[38;2;254;205;192;48;2;251;226;216m▀[38;2;176;151;135;48;2;188;180;170m▀[38;2;252;246;231;48;2;152;144;135m▀[38;2;252;246;232;48;2;71;61;52m▀[38;2;209;202;190;48;2;104;78;66m▀[38;2;122;109;99;48;2;210;165;151m▀[38;2;112;84;75;48;2;178;137;127m▀[38;2;196;157;143;48;2;145;132;127m▀[38;2;181;149;132;48;2;179;176;181m▀[38;2;119;103;96;48;2;126;124;130m▀[38;2;133;128;124;48;2;191;196;203m▀[38;2;173;169;175;48;2;147;155;168m▀[38;2;170;171;184;48;2;96;99;103m▀[38;2;95;92;99;48;2;147;144;146m▀[38;2;239;235;236;48;2;132;130;133m▀[38;2;167;159;163;48;2;136;137;149m▀[38;2;119;114;123;48;2;153;155;173m▀[38;2;155;155;171;48;2;182;181;196m▀[38;2;171;174;187;48;2;197;197;208m▀[38;2;190;187;197;48;2;189;185;190m▀[38;2;157;147;155;48;2;203;193;201m▀[38;2;212;204;210;48;2;221;212;220m▀[38;2;243;242;243;48;2;246;244;248m▀[38;2;254;254;254;48;2;253;253;253m▀[38;2;255;255;254;48;2;255;255;255m▀▀[38;2;255;254;251;48;2;255;255;252m▀[38;2;255;253;243;48;2;255;255;242m▀[38;2;255;249;225;48;2;255;251;227m▀[38;2;254;241;202;48;2;255;247;215m▀[38;2;253;237;193;48;2;255;245;200m▀[38;2;254;243;194;48;2;253;242;188m▀[38;2;254;241;189;48;2;253;239;183m▀[38;2;254;240;186;48;2;254;237;179m▀[0m
[38;2;254;228;162;48;2;253;224;156m▀[38;2;254;229;163m▀[38;2;254;228;163;48;2;254;228;162m▀[38;2;255;228;167;48;2;254;230;175m▀[38;2;254;231;172;48;2;254;236;183m▀[38;2;254;233;173;48;2;254;240;188m▀[38;2;255;235;179;48;2;254;242;192m▀[38;2;255;240;187;48;2;254;244;194m▀[38;2;254;245;193;48;2;255;244;193m▀[38;2;255;247;199;48;2;254;243;193m▀[38;2;255;248;204;48;2;255;245;199m▀[38;2;255;249;209;48;2;254;248;205m▀[38;2;254;251;213;48;2;255;251;211m▀[38;2;254;252;228;48;2;254;252;226m▀[38;2;253;254;247;48;2;254;254;247m▀[38;2;254;254;254;48;2;255;255;247m▀[38;2;255;253;255;48;2;255;254;251m▀[38;2;252;249;252;48;2;242;240;237m▀[38;2;186;182;185;48;2;190;187;183m▀[38;2;227;221;223;48;2;130;125;122m▀[38;2;254;247;254;48;2;224;218;221m▀[38;2;253;247;249;48;2;254;249;251m▀[38;2;245;239;240;48;2;254;247;249m▀[38;2;78;69;70;48;2;186;179;181m▀[38;2;184;176;178;48;2;131;123;120m▀[38;2;221;213;220;48;2;161;155;157m▀[38;2;214;206;214;48;2;245;238;243m▀[38;2;214;205;214;48;2;244;236;241m▀[38;2;215;205;218;48;2;233;225;231m▀[38;2;143;133;132;48;2;222;213;218m▀[38;2;192;186;180;48;2;133;128;122m▀[38;2;146;138;131;48;2;252;251;231m▀[38;2;85;75;68;48;2;254;254;226m▀[38;2;51;39;33;48;2;244;243;216m▀[38;2;74;63;58;48;2;211;206;189m▀[38;2;113;105;98;48;2;168;160;148m▀[38;2;150;142;133;48;2;136;127;115m▀[38;2;170;160;151;48;2;114;102;94m▀[38;2;176;166;159;48;2;102;91;83m▀[38;2;171;162;158;48;2;54;43;38m▀[38;2;155;146;139;48;2;196;188;180m▀[38;2;214;207;199;48;2;244;237;230m▀[38;2;150;145;137;48;2;122;115;108m▀[38;2;174;166;159;48;2;207;201;194m▀[38;2;196;191;186;48;2;182;176;170m▀[38;2;100;89;84;48;2;166;159;154m▀[38;2;66;53;46;48;2;76;64;62m▀[38;2;40;27;20;48;2;137;127;128m▀[38;2;32;14;8;48;2;78;65;65m▀[38;2;100;77;71;48;2;184;176;184m▀[38;2;148;127;119;48;2;169;166;173m▀[38;2;152;137;135;48;2;205;204;212m▀[38;2;197;190;198;48;2;207;203;212m▀[38;2;203;202;210;48;2;125;123;129m▀[38;2;123;124;129;48;2;187;191;201m▀[38;2;191;196;210;48;2;144;151;160m▀[38;2;137;146;161;48;2;125;130;137m▀[38;2;112;107;115;48;2;39;44;47m▀[38;2;50;38;37;48;2;100;94;100m▀[38;2;129;121;129;48;2;147;149;159m▀[38;2;147;148;162;48;2;132;136;143m▀[38;2;155;157;174;48;2;180;180;190m▀[38;2;190;189;204;48;2;160;157;168m▀[38;2;175;170;182;48;2;189;190;200m▀[38;2;180;174;186;48;2;198;200;209m▀[38;2;212;207;217;48;2;205;207;219m▀[38;2;227;221;228;48;2;219;217;225m▀[38;2;205;200;206;48;2;200;195;202m▀[38;2;253;251;255;48;2;254;252;254m▀[38;2;254;253;255;48;2;254;254;254m▀[38;2;255;255;255;48;2;253;253;253m▀[48;2;249;249;249m▀[38;2;255;255;251;48;2;255;254;253m▀[38;2;255;255;243;48;2;255;254;242m▀[38;2;255;254;230;48;2;255;249;224m▀[38;2;255;251;218;48;2;255;247;210m▀[38;2;255;248;206;48;2;255;246;204m▀[38;2;255;245;195;48;2;254;246;200m▀[38;2;254;241;188;48;2;254;245;196m▀[38;2;254;237;182;48;2;255;240;190m▀[0m
[38;2;252;217;160;48;2;250;191;141m▀[38;2;254;235;178;48;2;253;220;158m▀[38;2;255;237;182;48;2;254;224;161m▀[38;2;255;233;179;48;2;254;216;156m▀[38;2;251;215;166;48;2;254;196;144m▀[38;2;252;205;158;48;2;255;203;153m▀[38;2;253;219;168;48;2;254;207;157m▀[38;2;254;234;182;48;2;254;214;166m▀[38;2;253;222;176;48;2;254;209;167m▀[38;2;253;222;178;48;2;254;210;168m▀[38;2;254;237;191;48;2;253;219;176m▀[38;2;255;245;200;48;2;254;247;206m▀[38;2;254;246;211;48;2;254;252;226m▀[38;2;254;253;229;48;2;253;241;207m▀[38;2;254;242;220;48;2;255;230;196m▀[38;2;254;244;222;48;2;254;232;200m▀[38;2;254;249;227;48;2;255;235;203m▀[38;2;255;251;230;48;2;255;236;203m▀[38;2;250;246;234;48;2;254;237;209m▀[38;2;183;175;161;48;2;254;247;226m▀[38;2;87;80;74;48;2;242;233;211m▀[38;2;218;213;214;48;2;143;138;129m▀[38;2;254;247;249;48;2;196;189;188m▀[38;2;253;245;247;48;2;254;247;248m▀[38;2;156;149;147;48;2;221;214;214m▀[38;2;219;215;200;48;2;193;188;170m▀[38;2;133;127;123;48;2;249;246;220m▀[38;2;216;210;209;48;2;161;155;142m▀[38;2;255;248;248;48;2;153;146;144m▀[38;2;255;246;250;48;2;244;238;240m▀[38;2;199;192;193;48;2;254;248;252m▀[38;2;172;168;156;48;2;150;143;142m▀[38;2;254;255;223;48;2;218;215;199m▀[38;2;254;255;220;48;2;255;255;224m▀[38;2;255;255;222;48;2;255;255;221m▀▀[38;2;255;254;223;48;2;255;254;223m▀[38;2;255;254;226;48;2;213;210;191m▀[38;2;245;242;223;48;2;87;82;73m▀[38;2;119;113;105;48;2;180;176;168m▀[38;2;209;203;195;48;2;226;220;209m▀[38;2;249;243;235;48;2;243;238;229m▀[38;2;68;61;55;48;2;31;24;17m▀[38;2;238;233;224;48;2;228;223;214m▀[38;2;212;207;198;48;2;207;200;190m▀[38;2;178;172;165;48;2;211;205;197m▀[38;2;126;121;121;48;2;199;194;186m▀[38;2;206;201;211;48;2;148;143;148m▀[38;2;149;142;148;48;2;144;137;146m▀[38;2;168;166;172;48;2;167;163;170m▀[38;2;196;191;200;48;2;163;158;168m▀[38;2;216;210;216;48;2;205;201;206m▀[38;2;158;154;158;48;2;158;157;159m▀[38;2;177;179;187;48;2;169;179;185m▀[38;2;154;165;174;48;2;182;181;184m▀[38;2;156;159;164;48;2;53;67;79m▀[38;2;46;53;61;48;2;51;73;94m▀[38;2;47;58;70;48;2;50;60;77m▀[38;2;129;130;147;48;2;146;148;158m▀[38;2;120;119;128;48;2;120;111;122m▀[38;2;168;166;174;48;2;167;163;174m▀[38;2;160;159;167;48;2;195;195;203m▀[38;2;195;195;206;48;2;184;186;196m▀[38;2;191;194;206;48;2;176;179;191m▀[38;2;184;187;198;48;2;184;186;198m▀[38;2;177;179;191;48;2;197;199;211m▀[38;2;189;189;199;48;2;239;238;243m▀[38;2;234;233;238;48;2;205;203;203m▀[38;2;253;252;252;48;2;225;224;221m▀[38;2;254;254;254;48;2;254;255;255m▀[48;2;254;254;254m▀[38;2;249;248;248m▀[38;2;239;237;237;48;2;231;230;231m▀[38;2;255;253;244;48;2;216;214;211m▀[38;2;253;242;214;48;2;254;247;230m▀[38;2;255;244;208;48;2;253;227;198m▀[38;2;254;236;198;48;2;250;214;182m▀[38;2;253;219;176;48;2;251;211;171m▀[38;2;252;219;172;48;2;253;216;174m▀[38;2;254;233;183;48;2;254;220;174m▀[0m
[38;2;252;181;131;48;2;253;189;133m▀[38;2;252;216;153;48;2;253;221;157m▀[38;2;254;228;161;48;2;254;224;158m▀[38;2;253;215;154;48;2;252;221;156m▀[38;2;254;195;146;48;2;252;196;146m▀[38;2;255;198;146;48;2;255;199;153m▀[38;2;255;201;151;48;2;255;206;161m▀[38;2;254;205;158;48;2;255;211;167m▀[38;2;254;211;165;48;2;254;213;167m▀[38;2;254;218;173;48;2;254;209;164m▀[38;2;253;223;187;48;2;254;228;186m▀[38;2;255;249;215;48;2;254;240;191m▀[38;2;255;243;202;48;2;254;241;190m▀[38;2;254;232;189;48;2;254;235;187m▀[38;2;255;226;188;48;2;254;225;185m▀[38;2;255;229;188;48;2;254;228;187m▀[38;2;254;231;193;48;2;254;231;192m▀[38;2;255;233;197;48;2;254;233;196m▀[38;2;255;236;201;48;2;255;236;200m▀[38;2;255;238;206;48;2;255;237;202m▀[38;2;254;247;219;48;2;254;244;207m▀[38;2;254;248;222;48;2;255;252;217m▀[38;2;189;184;170;48;2;255;252;219m▀[38;2;164;157;152;48;2;227;223;199m▀[38;2;250;243;243;48;2;148;142;135m▀[38;2;176;170;166;48;2;213;207;204m▀[38;2;238;235;210;48;2;164;158;148m▀[38;2;255;253;216;48;2;253;252;216m▀[38;2;221;218;198;48;2;255;253;221m▀[38;2;128;125;120;48;2;254;251;223m▀[38;2;165;161;163;48;2;213;211;188m▀[38;2;236;231;233;48;2;143;139;131m▀[38;2;128;122;119;48;2;135;131;124m▀[38;2;236;234;214;48;2;99;95;86m▀[38;2;255;255;221;48;2;243;241;216m▀[48;2;254;253;225m▀[38;2;228;227;203;48;2;121;118;113m▀[38;2;89;84;83;48;2;147;146;159m▀[38;2;92;87;87;48;2;126;123;119m▀[38;2;243;239;229;48;2;254;251;233m▀[38;2;254;249;232;48;2;255;249;233m▀[38;2;226;220;211;48;2;202;196;190m▀[38;2;80;73;68;48;2;148;142;145m▀[38;2;180;175;167;48;2;135;131;128m▀[38;2;242;237;222;48;2;253;248;233m▀[38;2;253;247;232;48;2;253;248;229m▀[38;2;253;248;235;48;2;254;249;233m▀[38;2;152;147;141;48;2;241;237;223m▀[38;2;135;126;134;48;2;107;102;101m▀[38;2;202;196;205;48;2;238;237;241m▀[38;2;162;155;163;48;2;188;184;183m▀[38;2;150;142;144;48;2;164;167;170m▀[38;2;183;189;194;48;2;200;200;206m▀[38;2;199;198;204;48;2;76;85;93m▀[38;2;59;71;79;48;2;51;76;94m▀[38;2;50;76;96;48;2;65;95;114m▀[38;2;46;77;94;48;2;68;101;118m▀[38;2;64;68;78;48;2;80;81;85m▀[38;2;121;118;126;48;2;128;120;127m▀[38;2;169;163;174;48;2;176;175;189m▀[38;2;188;186;198;48;2;173;172;185m▀[38;2;179;177;190;48;2;192;193;205m▀[38;2;191;192;204;48;2;191;193;205m▀[38;2;196;198;209;48;2;193;196;206m▀[38;2;194;197;207;48;2;229;231;237m▀[38;2;234;234;240;48;2;224;224;228m▀[38;2;230;228;232;48;2;197;196;205m▀[38;2;165;159;161;48;2;161;155;159m▀[38;2;206;200;199;48;2;188;182;182m▀[38;2;254;255;255;48;2;255;255;255m▀[38;2;254;253;253;48;2;234;160;168m▀[38;2;248;223;225;48;2;221;60;72m▀[38;2;245;211;214;48;2;229;82;92m▀[38;2;198;172;174;48;2;219;62;73m▀[38;2;211;166;167;48;2;223;53;63m▀[38;2;224;71;79;48;2;243;178;184m▀[38;2;223;81;87;48;2;252;227;228m▀[38;2;219;66;69;48;2;250;215;215m▀[38;2;237;143;130;48;2;219;70;79m▀[38;2;254;224;183;48;2;245;188;158m▀[0m
[38;2;253;217;145;48;2;253;227;161m▀[38;2;253;223;153;48;2;254;235;175m▀[38;2;254;227;162;48;2;254;236;178m▀[38;2;254;232;172;48;2;254;233;170m▀[38;2;253;228;173;48;2;252;228;160m▀[38;2;253;210;161;48;2;254;224;160m▀[38;2;252;202;153;48;2;254;209;150m▀[38;2;252;201;152;48;2;254;199;148m▀[38;2;254;204;155;48;2;254;218;166m▀[38;2;254;218;166;48;2;255;234;177m▀[38;2;254;237;180;48;2;254;239;185m▀[38;2;254;241;184;48;2;254;242;188m▀[38;2;254;244;193;48;2;254;244;198m▀[38;2;254;247;196;48;2;254;247;201m▀[38;2;253;241;199;48;2;255;247;201m▀[38;2;254;231;190;48;2;254;243;199m▀[38;2;253;229;189;48;2;254;237;194m▀[38;2;254;233;194;48;2;254;235;193m▀[38;2;254;236;198;48;2;255;245;204m▀[38;2;255;243;206;48;2;255;251;211m▀[38;2;255;252;211;48;2;255;253;211m▀[38;2;255;253;212;48;2;254;251;210m▀[38;2;255;252;213;48;2;255;251;212m▀[38;2;255;251;214;48;2;255;251;213m▀[38;2;252;248;218;48;2;255;251;215m▀[38;2;183;177;161;48;2;255;251;217m▀[38;2;135;128;122;48;2;245;240;212m▀[38;2;166;161;142;48;2;159;154;137m▀[38;2;254;253;216;48;2;211;208;181m▀[38;2;255;254;217;48;2;255;255;220m▀[38;2;255;255;221;48;2;255;255;221m▀[38;2;255;254;222m▀[38;2;249;248;223m▀[38;2;216;215;191;48;2;255;255;222m▀[38;2;219;215;189;48;2;255;254;224m▀[38;2;217;215;196;48;2;142;138;129m▀[38;2;133;130;131;48;2;193;192;201m▀[38;2;146;140;151;48;2;137;121;126m▀[38;2;188;182;172;48;2;236;196;179m▀[38;2;254;247;233;48;2;252;229;211m▀[38;2;254;247;232;48;2;253;247;227m▀[38;2;171;164;159;48;2;141;135;130m▀[38;2;113;106;110;48;2;106;99;104m▀[38;2;124;120;120;48;2;148;140;143m▀[38;2;250;246;236;48;2;214;209;201m▀[38;2;253;248;230;48;2;253;248;230m▀[38;2;254;248;231m▀[38;2;254;248;233;48;2;254;248;231m▀[38;2;185;179;172;48;2;251;244;228m▀[38;2;193;192;198;48;2;138;128;129m▀[38;2;147;144;144;48;2;167;164;170m▀[38;2;182;188;193;48;2;141;146;149m▀[38;2;111;114;120;48;2;67;97;108m▀[38;2;57;89;105;48;2;75;115;134m▀[38;2;75;110;130;48;2;76;114;135m▀[38;2;76;114;133;48;2;75;113;134m▀[38;2;67;99;114;48;2;62;90;106m▀[38;2;92;86;90;48;2;84;74;78m▀[38;2;127;121;131;48;2;146;144;157m▀[38;2;156;161;177;48;2;177;181;192m▀[38;2;191;195;204;48;2;191;194;205m▀[38;2;190;194;205m▀[38;2;192;195;206;48;2;219;222;231m▀[38;2;225;227;234;48;2;216;217;224m▀[38;2;221;220;226;48;2;195;194;202m▀[38;2;196;195;203;48;2;196;195;203m▀[38;2;192;195;206;48;2;192;194;205m▀[38;2;160;155;160;48;2;165;161;166m▀[38;2;179;173;173;48;2;169;163;165m▀[38;2;254;249;251;48;2;253;248;251m▀[38;2;223;75;88;48;2;226;75;87m▀[38;2;251;145;153;48;2;252;155;159m▀[38;2;248;140;150;48;2;226;72;84m▀[38;2;252;151;163;48;2;234;82;94m▀[38;2;239;144;146;48;2;250;170;174m▀[38;2;246;189;195;48;2;238;137;147m▀[38;2;214;61;70;48;2;230;51;63m▀[38;2;242;193;200;48;2;237;155;162m▀[38;2;240;142;152;48;2;247;168;174m▀[38;2;234;125;109;48;2;232;106;95m▀[0m
[38;2;252;232;169;48;2;252;217;144m▀[38;2;251;224;154;48;2;253;218;145m▀[38;2;254;224;152;48;2;255;222;149m▀[38;2;254;223;152;48;2;254;223;151m▀[38;2;254;226;156;48;2;255;225;155m▀[38;2;254;225;159;48;2;254;226;158m▀[38;2;254;226;165;48;2;231;126;101m▀[38;2;251;212;158;48;2;224;69;66m▀[38;2;253;230;176;48;2;224;79;73m▀[38;2;254;238;182;48;2;249;210;169m▀[38;2;254;240;189;48;2;253;239;189m▀[38;2;254;245;195;48;2;254;237;184m▀[38;2;254;244;195;48;2;254;243;192m▀[38;2;254;245;195;48;2;255;247;199m▀[38;2;255;247;201;48;2;255;246;201m▀[38;2;254;249;204;48;2;254;248;204m▀[38;2;254;249;203;48;2;254;251;212m▀[38;2;254;246;203;48;2;255;251;212m▀[38;2;255;251;208;48;2;255;248;204m▀[38;2;255;250;207;48;2;255;249;207m▀[38;2;254;250;209;48;2;254;252;211m▀[38;2;255;251;212;48;2;255;252;213m▀[38;2;255;251;214;48;2;255;251;214m▀▀▀[38;2;255;252;215;48;2;255;252;214m▀[38;2;255;251;216m▀[38;2;255;252;217;48;2;255;253;214m▀[38;2;255;254;220;48;2;254;254;216m▀[38;2;255;255;222;48;2;255;255;221m▀[38;2;255;255;221m▀▀▀▀[38;2;247;245;218;48;2;195;191;177m▀[38;2;132;123;123;48;2;120;112;115m▀[38;2;149;144;151;48;2;204;199;201m▀[38;2;118;99;95;48;2;182;175;175m▀[38;2;249;193;166;48;2;147;129;122m▀[38;2;253;189;164;48;2;166;129;113m▀[38;2;248;196;171;48;2;231;182;159m▀[38;2;118;100;96;48;2;66;43;40m▀[38;2;85;80;86;48;2;49;59;73m▀[38;2;140;133;137;48;2;70;73;82m▀[38;2;152;144;138;48;2;125;106;102m▀[38;2;253;242;222;48;2;246;188;164m▀[38;2;253;237;218;48;2;252;189;164m▀[38;2;251;225;206;48;2;233;176;156m▀[38;2;246;204;179;48;2;152;129;117m▀[38;2;153;128;116;48;2;215;211;212m▀[38;2;136;127;125;48;2;254;253;253m▀[38;2;65;70;77;48;2;180;178;177m▀[38;2;75;117;129;48;2;58;72;86m▀[38;2;74;114;132;48;2;65;99;116m▀[38;2;76;113;133;48;2;65;99;120m▀[38;2;75;113;134;48;2;64;97;118m▀[38;2;58;79;97;48;2;46;61;75m▀[38;2;95;87;94;48;2;94;95;104m▀[38;2;155;155;166;48;2;126;135;144m▀[38;2;166;166;173;48;2;130;146;153m▀[38;2;147;145;153;48;2;133;150;160m▀[38;2;180;178;185;48;2;107;124;138m▀[38;2;156;153;159;48;2;64;82;97m▀[38;2;147;140;148;48;2;58;76;91m▀[38;2;166;159;166;48;2;54;70;84m▀[38;2;187;182;190;48;2;55;68;81m▀[38;2;197;196;205;48;2;75;81;89m▀[38;2;169;166;172;48;2;92;91;97m▀[38;2;155;151;155;48;2;129;126;131m▀[38;2;253;251;253;48;2;235;232;237m▀[38;2;224;100;108;48;2;245;208;211m▀[38;2;239;127;132;48;2;221;62;75m▀[38;2;245;157;164;48;2;245;144;152m▀[38;2;232;48;61;48;2;248;171;175m▀[38;2;230;82;93;48;2;240;116;125m▀[38;2;229;84;91;48;2;241;115;123m▀[38;2;229;71;81;48;2;252;160;168m▀[38;2;249;178;184;48;2;243;127;136m▀[38;2;235;120;128;48;2;222;65;70m▀[38;2;231;132;117;48;2;248;218;182m▀[0m
[38;2;253;216;143;48;2;254;211;146m▀[38;2;251;218;148;48;2;229;109;85m▀[38;2;252;217;149;48;2;223;73;76m▀[38;2;253;223;155;48;2;227;99;85m▀[38;2;254;226;155;48;2;252;208;150m▀[38;2;252;227;159;48;2;244;177;140m▀[38;2;225;79;71;48;2;230;77;77m▀[38;2;251;155;161;48;2;235;112;123m▀[38;2;245;125;132;48;2;250;180;187m▀[38;2;221;71;67;48;2;233;133;140m▀[38;2;248;217;175;48;2;225;80;82m▀[38;2;254;242;199;48;2;224;105;94m▀[38;2;254;244;198;48;2;223;104;91m▀[38;2;255;245;198;48;2;224;102;90m▀[38;2;255;243;200;48;2;226;109;100m▀[38;2;254;249;204;48;2;243;195;162m▀[38;2;254;247;205;48;2;254;244;198m▀[38;2;254;249;213;48;2;254;248;207m▀[38;2;255;249;217;48;2;254;252;233m▀[38;2;255;251;220;48;2;254;254;244m▀[38;2;254;254;220;48;2;254;254;239m▀[38;2;254;253;224;48;2;254;254;229m▀[38;2;255;251;220;48;2;254;252;214m▀[38;2;255;251;214;48;2;255;252;212m▀[48;2;255;248;209m▀[38;2;255;251;213;48;2;254;249;211m▀[48;2;255;251;213m▀[38;2;254;252;212;48;2;246;211;184m▀[38;2;253;254;213;48;2;241;191;170m▀[38;2;254;254;216;48;2;253;244;209m▀[38;2;255;255;220;48;2;254;255;214m▀[48;2;255;255;217m▀[38;2;255;255;221;48;2;254;254;218m▀[38;2;255;255;222;48;2;244;242;213m▀[38;2;154;147;139;48;2;119;112;106m▀[38;2;138;132;133;48;2;153;148;149m▀[38;2;252;253;252;48;2;255;255;254m▀[38;2;254;254;254;48;2;255;255;255m▀[38;2;254;254;253m▀[38;2;225;223;222m▀[38;2;149;139;135m▀[38;2;50;43;44;48;2;235;234;232m▀[38;2;51;68;85;48;2;131;131;129m▀[38;2;54;71;90;48;2;51;55;64m▀[38;2;86;76;82;48;2;50;61;75m▀[38;2;194;147;128;48;2;83;67;61m▀[38;2;216;167;146;48;2;185;175;169m▀[38;2;164;152;144;48;2;254;253;252m▀[38;2;248;247;247;48;2;255;255;255m▀[38;2;254;254;254;48;2;254;254;254m▀[48;2;255;255;255m▀▀[38;2;163;161;164;48;2;253;253;253m▀[38;2;41;55;66;48;2;125;126;129m▀[38;2;45;77;94;48;2;44;63;75m▀[38;2;51;71;82;48;2;49;59;69m▀[38;2;162;177;186;48;2;61;86;97m▀[38;2;126;158;168;48;2;50;75;97m▀[38;2;72;102;119;48;2;49;77;98m▀[38;2;54;82;103;48;2;52;82;104m▀[38;2;63;90;112;48;2;66;101;121m▀[38;2;57;87;108;48;2;75;112;132m▀[38;2;66;99;119;48;2;75;114;133m▀[38;2;72;107;126;48;2;75;115;133m▀[38;2;74;113;133;48;2;96;105;127m▀[38;2;75;113;136;48;2;110;101;112m▀[38;2;78;114;134;48;2;90;108;126m▀[38;2;76;112;128;48;2;95;105;125m▀[38;2;70;86;102;48;2;178;65;81m▀[38;2;90;76;81;48;2;216;63;76m▀[38;2;229;207;211;48;2;224;77;88m▀[38;2;240;165;173;48;2;221;81;91m▀[38;2;226;59;70;48;2;231;48;59m▀[38;2;240;113;124;48;2;233;70;80m▀[38;2;249;140;152;48;2;227;92;103m▀[38;2;252;152;160;48;2;223;79;91m▀[38;2;235;101;110;48;2;227;116;119m▀[38;2;224;70;75;48;2;220;177;145m▀[38;2;246;200;159;48;2;253;233;180m▀[38;2;254;239;183;48;2;254;232;179m▀[0m
[38;2;248;158;120;48;2;247;151;115m▀[38;2;224;82;83;48;2;225;104;106m▀[38;2;254;236;238;48;2;253;250;252m▀[38;2;231;95;107;48;2;233;124;133m▀[38;2;227;57;61;48;2;236;130;141m▀[38;2;230;92;103;48;2;253;229;236m▀[38;2;236;120;131;48;2;252;204;210m▀[38;2;238;166;171;48;2;250;198;207m▀[38;2;252;225;226;48;2;252;224;231m▀[38;2;251;191;196;48;2;254;228;233m▀[38;2;243;170;177;48;2;253;220;223m▀[38;2;246;179;182;48;2;252;218;219m▀[38;2;249;189;194;48;2;252;216;218m▀[38;2;250;180;187;48;2;252;221;223m▀[38;2;244;148;155;48;2;248;203;208m▀[38;2;222;73;71;48;2;223;67;75m▀[38;2;254;227;191;48;2;254;220;188m▀[38;2;253;240;205;48;2;253;230;201m▀[38;2;253;246;228;48;2;254;248;236m▀[38;2;254;255;250;48;2;255;251;243m▀[38;2;255;255;253;48;2;255;252;242m▀[38;2;254;253;232;48;2;254;252;230m▀[38;2;255;253;213;48;2;254;251;211m▀[38;2;255;246;207;48;2;254;237;200m▀[38;2;254;237;201;48;2;255;234;200m▀[38;2;254;239;203;48;2;253;237;201m▀[38;2;245;209;184;48;2;241;181;163m▀[38;2;223;61;71;48;2;231;86;96m▀[38;2;232;77;88;48;2;252;164;170m▀[38;2;226;115;107;48;2;226;61;70m▀[38;2;253;250;219;48;2;165;126;116m▀[38;2;229;225;203;48;2;131;95;96m▀[38;2;139;136;120;48;2;189;108;116m▀[38;2;87;91;92;48;2;162;80;90m▀[38;2;59;68;73;48;2;148;60;79m▀[38;2;197;192;193;48;2;236;201;202m▀[38;2;254;254;254;48;2;254;253;252m▀[38;2;255;255;255;48;2;254;254;254m▀[48;2;255;255;255m▀▀[48;2;254;254;253m▀[38;2;255;255;253;48;2;253;244;242m▀[38;2;255;254;252;48;2;243;202;206m▀[38;2;222;218;217;48;2;238;154;158m▀[38;2;85;83;86;48;2;198;91;96m▀[38;2;176;174;176;48;2;224;113;125m▀[38;2;255;253;252;48;2;226;115;127m▀[38;2;255;254;254;48;2;232;132;143m▀[38;2;255;255;255;48;2;242;186;191m▀[38;2;255;253;254;48;2;253;241;243m▀[38;2;255;255;255;48;2;255;255;255m▀▀[48;2;197;197;199m▀[38;2;218;218;220;48;2;81;92;103m▀[38;2;46;51;56;48;2;83;112;131m▀[38;2;39;33;41;48;2;109;62;71m▀[38;2;102;65;79;48;2;216;55;69m▀[38;2;152;62;71;48;2;243;117;124m▀[38;2;157;63;70;48;2;244;130;138m▀[38;2;153;77;93;48;2;241;120;131m▀[38;2;128;92;112;48;2;230;84;93m▀[38;2;88;110;125;48;2;213;56;66m▀[38;2;76;114;133;48;2;179;65;77m▀[38;2;113;98;116;48;2;211;55;68m▀[38;2;210;58;76;48;2;245;126;133m▀[38;2;230;75;84;48;2;253;157;162m▀[38;2;185;63;84;48;2;218;60;77m▀[38;2;137;86;102;48;2;124;93;111m▀[38;2;235;93;102;48;2;205;60;71m▀[38;2;254;171;178;48;2;223;59;67m▀[38;2;253;174;184;48;2;229;50;64m▀[38;2;251;179;188;48;2;231;85;93m▀[38;2;249;162;171;48;2;248;172;176m▀[38;2;219;61;70;48;2;225;70;79m▀[38;2;253;235;235;48;2;174;142;138m▀[38;2;254;250;247;48;2;165;150;143m▀[38;2;248;244;239;48;2;153;138;123m▀[38;2;200;163;131;48;2;226;185;142m▀[38;2;252;202;147;48;2;253;200;145m▀[38;2;253;221;165;48;2;254;203;150m▀[0m
[38;2;249;162;126;48;2;251;177;131m▀[38;2;223;91;99;48;2;222;74;80m▀[38;2;254;250;253;48;2;254;232;234m▀[38;2;239;150;155;48;2;241;167;174m▀[38;2;226;54;62;48;2;235;99;88m▀[38;2;223;78;83;48;2;252;173;136m▀[38;2;223;70;76;48;2;253;207;178m▀[38;2;227;72;79;48;2;251;212;181m▀[38;2;221;58;73;48;2;238;132;115m▀[38;2;246;212;214;48;2;227;115;118m▀[38;2;254;244;247;48;2;254;251;251m▀[38;2;223;106;117;48;2;244;197;204m▀[38;2;229;60;70;48;2;226;72;76m▀[38;2;219;84;90;48;2;241;178;171m▀[38;2;220;77;88;48;2;252;237;235m▀[38;2;239;170;157;48;2;254;245;245m▀[38;2;245;194;171;48;2;230;120;130m▀[38;2;228;90;89;48;2;242;120;125m▀[38;2;222;108;107;48;2;236;89;97m▀[38;2;251;220;201;48;2;237;143;124m▀[38;2;254;239;208;48;2;253;244;199m▀[38;2;255;251;224;48;2;254;249;204m▀[38;2;255;250;211;48;2;255;249;215m▀[38;2;254;236;195;48;2;254;246;211m▀[38;2;253;230;197;48;2;251;219;188m▀[38;2;227;100;99;48;2;229;61;72m▀[38;2;226;66;79;48;2;253;180;184m▀[38;2;222;75;85;48;2;252;236;234m▀[38;2;253;211;213;48;2;254;250;247m▀[38;2;236;125;131;48;2;249;190;196m▀[38;2;217;58;67;48;2;239;105;114m▀[38;2;221;62;78;48;2;253;155;164m▀[38;2;238;102;111;48;2;252;150;160m▀[38;2;243;125;131;48;2;241;141;147m▀[38;2;241;108;118;48;2;251;154;161m▀[38;2;224;60;68;48;2;252;155;163m▀[38;2;228;146;152;48;2;224;69;85m▀[38;2;249;242;245;48;2;217;131;147m▀[38;2;252;251;253;48;2;210;205;216m▀[38;2;253;250;252;48;2;224;191;196m▀[38;2;234;154;159;48;2;224;63;73m▀[38;2;218;68;79;48;2;251;149;157m▀[38;2;229;73;88;48;2;254;160;170m▀[38;2;240;106;116;48;2;253;162;169m▀[38;2;243;140;148;48;2;249;162;166m▀[38;2;245;180;186;48;2;245;178;185m▀[38;2;245;203;207;48;2;244;200;206m▀[38;2;238;169;175;48;2;250;234;235m▀[38;2;225;101;109;48;2;253;245;245m▀[38;2;216;71;81;48;2;245;193;199m▀[38;2;234;155;161;48;2;234;96;109m▀[38;2;185;163;167;48;2;208;51;64m▀[38;2;58;65;74;48;2;167;54;66m▀[38;2;72;106;126;48;2;152;78;93m▀[38;2;96;104;131;48;2;187;61;77m▀[38;2;206;57;72;48;2;234;109;118m▀[38;2;245;158;169;48;2;252;213;219m▀[38;2;248;167;175;48;2;221;73;84m▀[38;2;240;126;131;48;2;172;61;70m▀[38;2;246;163;167;48;2;195;59;77m▀[38;2;253;157;165;48;2;223;61;77m▀[38;2;252;150;158;48;2;236;93;102m▀[38;2;247;127;139;48;2;243;111;117m▀[38;2;249;141;152;48;2;240;106;117m▀[38;2;250;149;157;48;2;220;60;73m▀[38;2;227;74;84;48;2;148;83;95m▀[38;2;171;69;84;48;2;84;109;122m▀[38;2;83;113;132;48;2;74;100;118m▀[38;2;59;58;69;48;2;56;73;85m▀[38;2;152;67;67;48;2;96;61;60m▀[38;2;237;87;98;48;2;224;76;79m▀[38;2;254;156;163;48;2;223;67;70m▀[38;2;238;103;112;48;2;226;107;96m▀[38;2;225;79;76;48;2;249;197;157m▀[38;2;248;206;161;48;2;255;205;157m▀[38;2;249;207;162;48;2;255;204;157m▀[38;2;252;208;163;48;2;254;204;155m▀[38;2;254;210;163;48;2;251;201;152m▀[38;2;254;202;154;48;2;251;206;156m▀[38;2;253;204;153;48;2;254;232;178m▀[0m
[38;2;252;218;160;48;2;253;232;175m▀[38;2;223;71;73;48;2;225;81;72m▀[38;2;253;197;204;48;2;250;160;167m▀[38;2;246;170;181;48;2;250;163;171m▀[38;2;226;95;87;48;2;223;81;86m▀[38;2;253;224;199;48;2;251;229;215m▀[38;2;252;216;195;48;2;224;90;84m▀[38;2;235;131;113;48;2;230;108;116m▀[38;2;227;72;71;48;2;247;178;187m▀[38;2;221;63;77;48;2;254;225;230m▀[38;2;247;228;234;48;2;254;247;250m▀[38;2;253;249;249;48;2;254;253;254m▀[38;2;234;144;149;48;2;255;252;253m▀[38;2;228;98;107;48;2;250;211;212m▀[38;2;225;69;80;48;2;226;87;94m▀[38;2;224;82;97;48;2;254;193;199m▀[38;2;227;60;72;48;2;251;199;202m▀[38;2;242;132;137;48;2;248;215;220m▀[38;2;246;145;154;48;2;253;208;213m▀[38;2;223;85;80;48;2;227;62;73m▀[38;2;254;244;199;48;2;235;123;113m▀[38;2;254;243;198;48;2;224;98;95m▀[38;2;254;247;213;48;2;221;90;92m▀[48;2;223;98;95m▀[38;2;253;244;208;48;2;239;178;158m▀[38;2;229;110;104;48;2;254;245;210m▀[38;2;227;67;72;48;2;242;173;158m▀[38;2;224;78;90;48;2;230;77;86m▀[38;2;246;206;210;48;2;253;174;181m▀[38;2;251;207;213;48;2;249;177;184m▀[38;2;252;158;166;48;2;242;145;158m▀[38;2;236;99;105;48;2;210;51;64m▀[38;2;216;53;66;48;2;96;73;82m▀[38;2;170;43;50;48;2;62;80;93m▀[38;2;219;58;69;48;2;142;86;99m▀[38;2;246;174;183;48;2;224;110;121m▀[38;2;250;190;201;48;2;254;232;237m▀[38;2;219;54;67;48;2;231;98;108m▀[38;2;108;83;91;48;2;107;66;80m▀[38;2;150;123;129;48;2;51;67;86m▀[38;2;214;59;72;48;2;94;54;71m▀[38;2;240;106;116;48;2;129;43;53m▀[38;2;230;83;90;48;2;171;95;106m▀[38;2;223;60;71;48;2;189;156;164m▀[38;2;207;44;54;48;2;134;49;56m▀[38;2;185;43;51;48;2;109;46;44m▀[38;2;222;99;107;48;2;176;163;163m▀[38;2;219;68;79;48;2;234;218;226m▀[38;2;228;105;116;48;2;215;133;148m▀[38;2;245;176;184;48;2;190;49;59m▀[38;2;253;216;221;48;2;222;83;92m▀[38;2;250;208;212;48;2;235;149;156m▀[38;2;242;168;174;48;2;245;188;193m▀[38;2;238;114;122;48;2;250;165;174m▀[38;2;242;116;127;48;2;249;142;152m▀[38;2;254;172;182;48;2;235;89;101m▀[38;2;234;117;125;48;2;185;62;78m▀[38;2;170;68;77;48;2;92;107;123m▀[38;2;52;51;64;48;2;74;106;124m▀[38;2;87;104;123;48;2;48;59;69m▀[38;2;104;102;120;48;2;77;113;128m▀[38;2;137;86;107;48;2;77;113;136m▀[38;2;153;78;96;48;2;79;113;137m▀[38;2;151;80;96;48;2;77;114;136m▀[38;2;111;100;113;48;2;75;116;133m▀[38;2;76;114;132;48;2;76;115;135m▀[38;2;76;113;132;48;2;77;113;134m▀[38;2;49;65;79;48;2;51;66;82m▀[38;2;61;86;104;48;2;55;76;91m▀[38;2;52;67;77;48;2;58;80;95m▀[38;2;152;145;125;48;2;59;80;96m▀[38;2;238;225;178;48;2;62;63;65m▀[38;2;253;237;175;48;2;152;140;109m▀[38;2;253;235;177;48;2;241;224;174m▀[38;2;252;216;163;48;2;253;236;177m▀[38;2;253;201;150;48;2;252;215;160m▀[38;2;254;198;146;48;2;252;209;152m▀[38;2;253;208;154;48;2;255;226;162m▀[38;2;254;225;169;48;2;253;226;160m▀[38;2;254;227;166;48;2;255;229;166m▀[0m
[38;2;252;228;170;48;2;252;231;177m▀[38;2;228;105;90;48;2;234;133;112m▀[38;2;248;134;142;48;2;243;114;121m▀[38;2;254;161;167;48;2;254;162;168m▀[38;2;229;63;74;48;2;231;64;74m▀[38;2;234;123;105;48;2;229;59;59m▀[38;2;235;97;106;48;2;246;140;148m▀[38;2;249;184;191;48;2;229;87;94m▀[38;2;232;123;132;48;2;236;115;103m▀[38;2;224;89;96;48;2;243;166;134m▀[38;2;224;107;114;48;2;224;72;78m▀[38;2;254;239;242;48;2;254;218;224m▀[38;2;241;189;195;48;2;241;154;162m▀[38;2;222;72;78;48;2;236;125;106m▀[38;2;226;68;69;48;2;253;227;171m▀[38;2;227;75;84;48;2;248;194;158m▀[38;2;226;89;95;48;2;224;55;62m▀[38;2;236;179;184;48;2;247;160;166m▀[38;2;253;215;219;48;2;251;186;194m▀[38;2;236;111;120;48;2;248;170;174m▀[38;2;241;113;122;48;2;244;134;141m▀[38;2;248;175;180;48;2;231;108;116m▀[38;2;251;215;217;48;2;219;106;111m▀[38;2;246;193;197;48;2;244;202;204m▀[38;2;222;78;87;48;2;248;206;211m▀[38;2;235;164;148;48;2;221;63;70m▀[38;2;237;158;143;48;2;244;197;176m▀[38;2;237;101;107;48;2;219;76;75m▀[38;2;250;147;152;48;2;223;68;69m▀[38;2;240;105;122;48;2;227;56;65m▀[38;2;251;166;177;48;2;252;151;158m▀[38;2;228;70;79;48;2;241;103;113m▀[38;2;89;52;60;48;2;143;80;95m▀[38;2;77;112;132;48;2;74;114;137m▀[38;2;102;102;120;48;2;81;111;133m▀[38;2;218;83;95;48;2;172;70;84m▀[38;2;252;211;215;48;2;208;61;73m▀[38;2;232;91;104;48;2;179;67;77m▀[38;2;110;65;83;48;2;87;100;117m▀[38;2;49;76;94;48;2;61;97;118m▀[38;2;48;76;95;48;2;66;101;117m▀[38;2;50;76;94;48;2;74;112;129m▀[38;2;58;81;100;48;2;78;114;135m▀[38;2;53;50;58;48;2;55;56;65m▀[38;2;129;50;56;48;2;128;46;53m▀[38;2;147;55;63;48;2;157;57;69m▀[38;2;107;65;69;48;2;117;47;54m▀[38;2;204;200;209;48;2;94;82;88m▀[38;2;99;109;118;48;2;75;108;120m▀[38;2;71;88;100;48;2;76;115;131m▀[38;2;112;97;113;48;2;79;114;136m▀[38;2;154;79;92;48;2;75;115;133m▀[38;2;178;67;78;48;2;79;113;133m▀[38;2;182;66;81;48;2;80;112;134m▀[38;2;183;63;78m▀[38;2;153;79;89;48;2;76;114;132m▀[38;2;90;107;127;48;2;75;113;135m▀[38;2;73;115;133;48;2;74;115;132m▀[38;2;75;114;134;48;2;75;114;134m▀[38;2;68;96;110;48;2;76;113;136m▀[38;2;40;42;49;48;2;65;84;97m▀[38;2;48;64;76;48;2;44;59;71m▀[38;2;46;65;80;48;2;54;79;98m▀[38;2;52;69;85;48;2;63;90;109m▀[38;2;62;88;103;48;2;63;87;104m▀[38;2;73;104;123;48;2;53;72;86m▀[38;2;74;110;129;48;2;52;79;97m▀[38;2;68;90;106;48;2;39;57;69m▀[38;2;46;65;77;48;2;51;70;81m▀[38;2;53;77;93;48;2;53;80;99m▀[38;2;75;104;123;48;2;70;103;120m▀[38;2;76;111;129;48;2;75;114;131m▀[38;2;61;87;101;48;2;74;114;137m▀[38;2;63;62;56;48;2;75;113;134m▀[38;2;170;157;121;48;2;59;77;90m▀[38;2;250;227;170;48;2;88;80;67m▀[38;2;254;232;175;48;2;217;196;144m▀[38;2;253;228;164;48;2;253;232;169m▀[38;2;253;225;158;48;2;254;228;164m▀[38;2;254;224;152;48;2;254;225;152m▀[0m
[38;2;254;246;215;48;2;254;255;247m▀[38;2;239;164;156;48;2;243;200;193m▀[38;2;236;97;105;48;2;229;74;82m▀[38;2;254;163;170;48;2;254;161;168m▀[38;2;236;106;115m▀[38;2;246;127;134;48;2;253;165;169m▀[38;2;251;173;178;48;2;238;144;156m▀[38;2;239;156;160;48;2;245;153;164m▀[38;2;225;62;64;48;2;252;163;170m▀[38;2;225;64;67;48;2;252;166;172m▀[38;2;240;137;144;48;2;252;169;177m▀[38;2;253;192;203;48;2;233;99;111m▀[38;2;227;88;94;48;2;226;95;82m▀[38;2;240;160;124;48;2;253;223;165m▀[38;2;253;232;168;48;2;250;210;156m▀[38;2;224;97;82;48;2;226;76;69m▀[38;2;238;131;143;48;2;242;163;169m▀[38;2;253;161;169;48;2;231;86;93m▀[38;2;246;139;148;48;2;231;66;78m▀[38;2;248;171;172;48;2;254;161;165m▀[38;2;229;52;62;48;2;229;76;83m▀[38;2;241;151;142;48;2;247;202;174m▀[38;2;238;152;140;48;2;240;164;141m▀[38;2;220;87;95;48;2;236;112;120m▀[38;2;253;223;232;48;2;252;194;200m▀[38;2;227;82;86;48;2;223;77;81m▀[38;2;248;212;184;48;2;248;211;175m▀[38;2;254;245;202;48;2;255;240;194m▀[38;2;254;241;197;48;2;254;230;188m▀[38;2;231;135;119;48;2;253;231;190m▀[38;2;225;68;73;48;2;237;200;174m▀[38;2;220;62;71;48;2;94;72;85m▀[38;2;117;95;111;48;2;77;113;133m▀[38;2;72;115;136;48;2;76;114;133m▀[38;2;74;115;137;48;2;77;115;134m▀[38;2;81;113;132;48;2;75;114;133m▀[38;2;87;110;127;48;2;75;113;132m▀[38;2;80;113;128m▀[38;2;73;115;134m▀[38;2;75;113;132m▀[38;2;75;113;136;48;2;75;113;137m▀[38;2;74;114;135m▀[38;2;75;114;132;48;2;76;113;133m▀[38;2;50;54;58;48;2;49;56;57m▀[38;2;112;44;48;48;2;51;17;15m▀[38;2;155;58;69;48;2;149;59;70m▀[38;2;95;35;37;48;2;68;30;30m▀[38;2;47;54;56;48;2;68;83;87m▀[38;2;76;114;133;48;2;76;114;134m▀[38;2;75;113;133;48;2;74;115;137m▀[38;2;77;115;134;48;2;75;116;139m▀[38;2;77;114;135;48;2;74;115;138m▀[38;2;75;113;134;48;2;74;114;137m▀[38;2;74;114;131;48;2;75;113;135m▀[38;2;74;114;132;48;2;75;113;134m▀[38;2;76;113;132;48;2;75;113;132m▀[38;2;74;114;132m▀[38;2;75;113;133m▀[38;2;74;114;134m▀[38;2;75;113;134m▀[38;2;78;114;136;48;2;75;115;135m▀[38;2;53;70;85;48;2;78;115;135m▀[38;2;57;76;94;48;2;48;63;76m▀[38;2;76;115;133;48;2;75;110;124m▀[38;2;76;112;134;48;2;73;114;132m▀[38;2;75;113;134;48;2;76;114;133m▀[38;2;76;110;131m▀[38;2;66;94;111;48;2;77;115;133m▀[38;2;32;37;47;48;2;50;63;71m▀[38;2;56;81;101;48;2;50;64;81m▀[38;2;65;95;110;48;2;63;90;105m▀[38;2;76;114;133;48;2;74;114;131m▀[38;2;74;115;133;48;2;75;115;133m▀[38;2;73;116;133;48;2;76;115;134m▀[38;2;74;115;131;48;2;75;113;132m▀[38;2;74;106;121;48;2;75;115;132m▀[38;2;50;56;55;48;2;76;112;130m▀[38;2;164;145;107;48;2;50;65;74m▀[38;2;251;228;166;48;2;134;116;85m▀[38;2;253;228;170;48;2;250;221;152m▀[0m
[38;2;254;251;248;48;2;254;247;243m▀[38;2;251;237;220;48;2;254;246;227m▀[38;2;221;86;88;48;2;250;230;208m▀[38;2;237;84;95;48;2;243;169;148m▀[38;2;240;90;101;48;2;244;147;125m▀[38;2;224;61;69;48;2;248;172;137m▀[38;2;231;88;82;48;2;252;185;133m▀[38;2;230;62;66;48;2;253;174;127m▀[38;2;231;68;74;48;2;251;166;123m▀[38;2;232;71;77;48;2;250;166;124m▀[38;2;227;60;64;48;2;250;175;127m▀[38;2;231;113;95;48;2;254;222;153m▀[38;2;252;216;158;48;2;254;225;156m▀[38;2;253;211;150;48;2;253;208;152m▀[38;2;254;200;149;48;2;254;192;142m▀[38;2;244;159;125;48;2;254;191;140m▀[38;2;228;105;88;48;2;253;197;151m▀[38;2;238;133;112;48;2;254;201;153m▀[38;2;227;72;74;48;2;249;183;143m▀[38;2;239;93;100;48;2;242;145;123m▀[38;2;224;60;65;48;2;246;174;137m▀[38;2;248;213;172;48;2;254;238;185m▀[38;2;245;206;170;48;2;254;239;189m▀[38;2;224;63;70;48;2;249;208;168m▀[38;2;228;69;75;48;2;248;194;159m▀[38;2;229;101;97;48;2;253;214;174m▀[38;2;254;221;180;48;2;254;214;173m▀[38;2;255;224;180;48;2;255;216;174m▀[38;2;254;220;176;48;2;254;217;173m▀[38;2;254;223;180;48;2;254;223;178m▀[38;2;204;189;163;48;2;141;130;109m▀[38;2;65;91;105;48;2;77;112;128m▀[38;2;74;114;132;48;2;75;114;132m▀[38;2;75;113;132;48;2;75;113;132m▀[38;2;76;114;133m▀[38;2;75;113;132m▀▀▀▀▀[38;2;75;113;133m▀▀[38;2;76;113;131;48;2;76;114;131m▀[38;2;47;55;59;48;2;51;59;67m▀[38;2;128;116;118;48;2;199;194;202m▀[38;2;87;50;55;48;2;113;109;115m▀[38;2;141;129;130;48;2;154;148;153m▀[38;2;79;76;80;48;2;172;167;171m▀[38;2;61;77;90;48;2;63;60;65m▀[38;2;75;114;136;48;2;77;113;134m▀[38;2;73;114;133;48;2;74;114;132m▀[38;2;72;113;133;48;2;74;113;132m▀[38;2;74;113;133;48;2;75;113;133m▀[38;2;75;113;133;48;2;75;113;134m▀▀[38;2;75;113;132;48;2;75;113;132m▀▀▀▀▀[38;2;75;114;134;48;2;75;113;133m▀[38;2;75;113;133;48;2;75;113;132m▀[38;2;74;106;125m▀[38;2;47;62;70;48;2;57;85;102m▀[38;2;76;114;130;48;2;50;69;81m▀[38;2;76;114;133;48;2;76;113;132m▀[48;2;76;114;134m▀[48;2;75;114;133m▀[38;2;71;97;111;48;2;74;102;115m▀[38;2;39;44;52;48;2;35;40;45m▀[38;2;58;84;100;48;2;53;78;93m▀[38;2;74;114;131;48;2;76;116;132m▀[38;2;74;115;132;48;2;74;114;132m▀[38;2;75;113;133;48;2;75;113;132m▀[38;2;75;113;132m▀[38;2;75;114;132m▀[38;2;75;113;134;48;2;76;113;133m▀[38;2;78;113;134;48;2;65;86;105m▀[38;2;54;52;51;48;2;121;94;77m▀[38;2;239;194;135;48;2;252;197;149m▀[0m
[38;2;254;246;245;48;2;254;252;251m▀[38;2;254;251;231;48;2;254;249;228m▀[38;2;254;243;212;48;2;254;244;209m▀[38;2;254;228;183;48;2;254;243;192m▀[38;2;253;202;159;48;2;253;213;152m▀[38;2;254;185;135;48;2;253;183;131m▀[38;2;254;179;124;48;2;255;180;124m▀[38;2;254;180;124m▀[48;2;253;179;124m▀[38;2;254;180;125;48;2;251;190;130m▀[38;2;253;192;130;48;2;252;210;139m▀[38;2;252;218;143;48;2;253;226;155m▀[38;2;252;228;164;48;2;254;227;163m▀[38;2;253;211;157;48;2;254;219;152m▀[38;2;253;186;136;48;2;253;203;144m▀[38;2;253;191;139;48;2;253;195;140m▀[38;2;254;199;150;48;2;253;193;142m▀[38;2;254;196;146;48;2;253;192;142m▀[38;2;254;201;150;48;2;254;203;156m▀[38;2;254;203;156;48;2;253;204;155m▀[38;2;254;209;160;48;2;255;232;180m▀[38;2;255;242;186;48;2;254;236;178m▀[38;2;254;240;187;48;2;252;239;183m▀[38;2;252;224;173;48;2;254;240;184m▀[38;2;254;216;167;48;2;254;218;168m▀[38;2;254;211;165;48;2;254;204;159m▀[38;2;255;211;169;48;2;254;207;166m▀[38;2;254;209;169;48;2;253;207;167m▀[38;2;254;212;169;48;2;254;210;168m▀[38;2;252;222;176;48;2;252;224;178m▀[38;2;106;99;84;48;2;141;134;115m▀[38;2;79;115;132;48;2;72;101;114m▀[38;2;75;113;132;48;2;76;113;132m▀[48;2;75;113;132m▀▀▀▀▀▀▀▀▀[38;2;76;114;131;48;2;76;113;131m▀[38;2;54;61;69;48;2;53;62;71m▀[38;2;165;160;169;48;2;179;170;179m▀[38;2;145;141;148;48;2;204;200;213m▀[38;2;161;153;160;48;2;138;130;138m▀[38;2;205;201;211;48;2;202;203;216m▀[38;2;120;116;123;48;2;181;180;192m▀[38;2;65;93;104;48;2;48;57;65m▀[38;2;75;113;132;48;2;75;113;132m▀▀▀▀▀▀▀▀▀▀▀▀▀[38;2;71;110;128;48;2;75;113;133m▀[38;2;40;55;68;48;2;52;81;97m▀[38;2;55;79;94;48;2;41;51;60m▀[38;2;75;112;134;48;2;50;63;76m▀[38;2;73;105;122;48;2;37;47;54m▀[38;2;41;44;49;48;2;51;70;90m▀[38;2;49;69;82;48;2;50;75;93m▀[38;2;48;70;90;48;2;49;71;91m▀[38;2;76;114;131;48;2;72;108;126m▀[38;2;75;115;132;48;2;75;114;132m▀[38;2;75;113;132;48;2;75;113;132m▀[48;2;68;106;125m▀[38;2;76;113;132;48;2;51;82;102m▀[38;2;59;89;109;48;2;63;63;64m▀[38;2;78;68;60;48;2;224;171;128m▀[38;2;239;183;131;48;2;251;202;139m▀[38;2;252;203;145;48;2;251;224;156m▀[0m
[?25h