[?25l[0m[38;2;255;255;255;48;2;255;255;255m▀▀▀[48;2;253;253;252m▀[38;2;217;209;209;48;2;130;109;103m▀[38;2;148;122;113;48;2;232;196;177m▀[38;2;246;204;183;48;2;246;204;182m▀[38;2;248;204;183;48;2;247;205;182m▀[38;2;247;205;181;48;2;247;205;181m▀▀▀▀▀▀▀▀▀▀[38;2;248;205;181;48;2;248;205;181m▀[38;2;250;205;184;48;2;249;204;183m▀[38;2;251;205;185;48;2;250;204;183m▀[38;2;252;202;185;48;2;250;200;181m▀[38;2;212;157;141;48;2;215;159;145m▀[38;2;197;139;123;48;2;175;122;108m▀[38;2;203;144;126;48;2;216;157;139m▀[38;2;212;154;134;48;2;213;155;135m▀[48;2;214;154;136m▀[38;2;212;153;135m▀[38;2;212;153;136;48;2;212;153;139m▀[38;2;214;156;141;48;2;157;105;93m▀[38;2;161;111;97;48;2;209;154;139m▀[38;2;183;133;117;48;2;222;170;151m▀[38;2;223;175;153;48;2;222;172;152m▀[38;2;222;172;151;48;2;224;173;151m▀[38;2;225;172;151;48;2;226;174;153m▀[38;2;227;171;151;48;2;228;172;153m▀[38;2;226;171;151;48;2;225;172;154m▀[48;2;229;176;159m▀[38;2;226;172;147;48;2;203;147;135m▀[48;2;152;90;85m▀[38;2;229;175;152;48;2;134;61;64m▀[38;2;195;140;123;48;2;150;73;79m▀[38;2;155;101;92;48;2;180;114;106m▀[38;2;143;90;82;48;2;243;217;169m▀[38;2;138;84;75;48;2;253;235;189m▀[38;2;137;80;70;48;2;254;235;190m▀[38;2;151;75;72;48;2;248;220;178m▀[38;2;183;86;90;48;2;218;133;112m▀[38;2;198;91;101;48;2;229;113;111m▀[38;2;202;94;105;48;2;231;113;113m▀[38;2;200;92;99;48;2;230;113;114m▀[38;2;192;87;92;48;2;230;113;115m▀[38;2;176;83;86;48;2;232;113;119m▀[38;2;165;76;76;48;2;230;111;119m▀[38;2;172;85;85;48;2;229;111;120m▀[38;2;176;94;90;48;2;230;115;122m▀[38;2;182;110;101;48;2;221;117;117m▀[38;2;215;145;132;48;2;190;91;90m▀[38;2;218;154;141;48;2;182;99;92m▀[38;2;217;156;145;48;2;179;103;96m▀[38;2;167;110;101;48;2;187;125;114m▀[38;2;172;118;110;48;2;194;138;128m▀[38;2;190;138;121;48;2;132;80;69m▀[38;2;210;157;138;48;2;197;145;128m▀[38;2;243;192;170;48;2;215;161;144m▀[38;2;250;200;179;48;2;244;195;176m▀[38;2;248;203;180;48;2;249;203;180m▀[38;2;246;204;180;48;2;247;203;180m▀[38;2;247;205;181;48;2;249;204;181m▀[48;2;247;205;181m▀▀[38;2;247;205;183;48;2;247;205;183m▀[38;2;247;206;186;48;2;247;204;185m▀[38;2;221;187;169;48;2;247;207;187m▀[38;2;208;198;192;48;2;203;178;163m▀[38;2;253;253;254;48;2;226;220;215m▀[38;2;254;255;254;48;2;254;255;251m▀[38;2;255;255;253;48;2;255;255;253m▀▀▀[0m
[38;2;255;255;255;48;2;255;255;255m▀[38;2;254;255;254;48;2;254;255;255m▀[38;2;254;253;253;48;2;254;254;254m▀[38;2;218;212;214;48;2;139;125;126m▀[38;2;142;115;104;48;2;218;190;174m▀[38;2;248;206;185;48;2;248;205;182m▀[38;2;247;204;179;48;2;249;205;180m▀[38;2;247;205;180m▀[38;2;247;205;181;48;2;247;205;181m▀▀[48;2;247;206;180m▀[48;2;246;206;180m▀[38;2;248;205;182;48;2;246;206;179m▀[38;2;247;205;181;48;2;247;206;178m▀[38;2;250;203;185;48;2;244;208;176m▀[38;2;245;207;177;48;2;246;225;175m▀[38;2;248;215;181;48;2;254;239;180m▀[38;2;249;218;184;48;2;254;239;182m▀[38;2;242;214;178;48;2;254;241;182m▀[38;2;247;207;177;48;2;248;217;180m▀[38;2;251;205;179;48;2;252;203;182m▀[38;2;244;195;173;48;2;241;189;170m▀[38;2;205;152;134;48;2;175;124;109m▀[38;2;184;128;113;48;2;214;155;140m▀[38;2;214;155;137;48;2;214;154;137m▀[38;2;214;152;135;48;2;210;154;136m▀[48;2;209;155;137m▀[38;2;209;150;136;48;2;154;106;92m▀[38;2;158;105;94;48;2;211;160;140m▀[38;2;211;158;142;48;2;211;165;140m▀[38;2;219;167;148;48;2;234;202;163m▀[38;2;222;172;149;48;2;237;204;165m▀[38;2;222;173;149;48;2;229;189;155m▀[38;2;221;174;148;48;2;227;178;151m▀[38;2;224;175;152;48;2;193;141;123m▀[38;2;230;176;159;48;2;161;85;81m▀[38;2;185;132;117;48;2;193;106;103m▀[38;2;156;86;82;48;2;223;119;121m▀[38;2;172;82;86;48;2;230;113;116m▀[38;2;202;97;108;48;2;225;116;114m▀[38;2;200;89;104;48;2;224;117;116m▀[38;2;190;97;106;48;2;218;130;121m▀[38;2;243;212;170;48;2;253;230;185m▀[38;2;250;225;180;48;2;236;157;159m▀[38;2;237;146;151;48;2;249;102;151m▀[38;2;231;153;153;48;2;239;111;149m▀[38;2;252;234;187;48;2;250;219;182m▀[38;2;234;177;141;48;2;237;175;146m▀[38;2;230;113;116;48;2;229;112;113m▀[38;2;232;113;117;48;2;229;113;116m▀[38;2;230;114;116;48;2;229;115;116m▀[38;2;230;114;115;48;2;228;114;117m▀[38;2;231;113;115;48;2;228;112;114m▀[38;2;232;113;117;48;2;230;112;113m▀[38;2;232;113;115;48;2;230;114;114m▀[38;2;232;114;114;48;2;230;114;115m▀[38;2;230;114;115;48;2;230;114;116m▀[38;2;229;114;117;48;2;229;114;117m▀[38;2;226;115;116;48;2;228;114;117m▀[38;2;224;119;118;48;2;228;114;116m▀[38;2;204;105;104;48;2;226;113;115m▀[38;2;147;54;53;48;2;227;112;116m▀[38;2;163;100;92;48;2;180;94;92m▀[38;2;125;65;58;48;2;171;90;88m▀[38;2;210;148;136;48;2;161;81;80m▀[38;2;215;163;147;48;2;168;103;96m▀[38;2;245;197;177;48;2;212;159;144m▀[38;2;249;202;180;48;2;241;192;174m▀[38;2;249;204;182;48;2;252;202;183m▀[38;2;248;204;182;48;2;251;204;184m▀[38;2;247;206;182;48;2;248;205;181m▀[38;2;248;205;181;48;2;248;204;180m▀[38;2;247;205;182;48;2;249;204;181m▀[38;2;249;206;183;48;2;251;204;180m▀[38;2;246;207;187;48;2;252;201;175m▀[38;2;188;164;156;48;2;238;196;179m▀[38;2;245;243;242;48;2;187;165;166m▀[38;2;253;255;251;48;2;252;253;250m▀[38;2;255;255;253;48;2;252;255;252m▀[48;2;255;255;253m▀[0m
[38;2;255;255;255;48;2;255;255;255m▀▀[38;2;242;239;237;48;2;186;179;176m▀[38;2;121;93;86;48;2;176;145;133m▀[38;2;245;209;187;48;2;247;205;182m▀[38;2;248;206;183;48;2;248;206;182m▀[38;2;250;205;182;48;2;250;205;182m▀[38;2;248;206;181;48;2;248;206;181m▀[38;2;248;207;181;48;2;248;207;181m▀[38;2;248;210;177;48;2;246;215;181m▀[38;2;254;231;181;48;2;253;238;187m▀[38;2;253;239;185;48;2;233;173;159m▀[38;2;250;243;175;48;2;238;183;160m▀[38;2;251;229;181;48;2;250;240;188m▀[38;2;244;213;170;48;2;245;218;171m▀[38;2;254;238;182;48;2;255;238;183m▀[38;2;243;199;170;48;2;241;158;158m▀[38;2;226;131;146;48;2;243;106;155m▀[38;2;251;223;181;48;2;240;192;171m▀[38;2;253;228;183;48;2;251;240;175m▀[38;2;254;203;185;48;2;248;222;175m▀[38;2;237;182;167;48;2;237;211;166m▀[38;2;169;118;104;48;2;208;185;139m▀[38;2;214;156;138;48;2;226;197;150m▀[38;2;217;153;135;48;2;209;165;122m▀[38;2;211;162;136;48;2;241;218;168m▀[38;2;183;148;116;48;2;253;237;179m▀[38;2;219;183;147;48;2;253;236;181m▀[38;2;217;181;131;48;2;251;241;182m▀[38;2;244;224;170;48;2;253;235;185m▀[38;2;251;235;190;48;2;238;147;158m▀[38;2;252;224;183;48;2;231;123;139m▀[38;2;253;238;179;48;2;250;228;183m▀[38;2;189;136;117;48;2;233;177;149m▀[38;2;192;99;100;48;2;227;115;119m▀[38;2;228;115;118;48;2;218;122;118m▀[38;2;219;125;117;48;2;245;213;170m▀[38;2;221;145;129;48;2;252;238;187m▀[38;2;220;147;128;48;2;254;235;185m▀[38;2;219;147;128;48;2;254;233;182m▀[38;2;221;151;130;48;2;254;232;182m▀[38;2;224;163;136;48;2;254;231;181m▀[38;2;253;235;180;48;2;253;228;189m▀[38;2;237;152;158;48;2;243;152;171m▀[38;2;247;103;156;48;2;247;103;158m▀[38;2;240;118;150;48;2;245;120;154m▀[38;2;250;235;181;48;2;252;217;186m▀[38;2;237;201;152;48;2;253;224;188m▀[38;2;233;164;143;48;2;252;226;182m▀[38;2;228;157;136;48;2;254;235;187m▀[38;2;220;137;121;48;2;253;237;187m▀[38;2;221;118;116;48;2;233;176;149m▀[38;2;230;113;114;48;2;228;115;113m▀[38;2;230;113;113;48;2;230;113;114m▀[38;2;228;114;114;48;2;228;114;114m▀[38;2;229;113;114;48;2;229;113;116m▀[38;2;230;113;117;48;2;228;112;115m▀[38;2;229;112;115;48;2;228;112;113m▀[38;2;228;113;116;48;2;229;113;116m▀[38;2;229;114;117;48;2;228;112;115m▀[38;2;228;113;116;48;2;228;113;116m▀▀[38;2;228;115;119m▀[38;2;210;102;107;48;2;224;112;116m▀[38;2;180;81;84;48;2;222;115;119m▀[38;2;214;119;121;48;2;177;78;82m▀[38;2;166;87;85;48;2;208;108;111m▀[38;2;164;106;96;48;2;217;142;139m▀[38;2;225;175;158;48;2;174;142;125m▀[38;2;244;196;177;48;2;166;129;113m▀[38;2;249;202;181;48;2;217;175;155m▀[38;2;247;202;179;48;2;226;180;157m▀[38;2;248;202;179;48;2;231;183;160m▀[38;2;250;201;179;48;2;231;180;158m▀[38;2;249;197;175;48;2;219;164;144m▀[38;2;228;171;153;48;2;213;155;137m▀[38;2;177;138;119;48;2;215;159;143m▀[38;2;241;234;230;48;2;192;171;171m▀[38;2;253;255;253;48;2;255;255;255m▀[38;2;254;255;254m▀[0m
[38;2;255;254;255;48;2;254;254;254m▀[38;2;255;254;254;48;2;246;244;244m▀[38;2;132;112;108;48;2;121;93;86m▀[38;2;235;196;181;48;2;247;207;188m▀[38;2;248;203;180;48;2;248;203;180m▀[38;2;249;204;181;48;2;249;204;181m▀[38;2;248;207;182;48;2;248;207;181m▀[38;2;249;206;184;48;2;247;208;180m▀[38;2;246;207;182;48;2;246;211;174m▀[38;2;243;219;177;48;2;246;226;169m▀[38;2;252;239;183;48;2;253;244;173m▀[38;2;232;139;151;48;2;240;176;171m▀[38;2;235;129;149;48;2;241;111;153m▀[38;2;253;235;180;48;2;247;205;176m▀[38;2;248;233;169;48;2;250;224;184m▀[38;2;253;241;185;48;2;244;201;175m▀[38;2;241;173;175;48;2;243;154;166m▀[38;2;247;103;160;48;2;241;108;162m▀[38;2;242;159;160;48;2;245;113;152m▀[38;2;253;232;184;48;2;240;126;157m▀[38;2;254;230;186;48;2;234;115;153m▀[38;2;250;223;179;48;2;234;110;151m▀[38;2;241;215;167;48;2;233;112;145m▀[38;2;252;236;181;48;2;241;198;174m▀[38;2;219;202;152;48;2;236;220;167m▀[38;2;247;229;175;48;2;251;232;178m▀[38;2;240;175;165;48;2;242;183;172m▀[38;2;236;124;156;48;2;241;108;153m▀[38;2;236;177;168;48;2;244;106;154m▀[38;2;245;189;179;48;2;246;111;161m▀[38;2;244;109;152;48;2;246;106;167m▀[38;2;243;113;149;48;2;239;149;158m▀[38;2;251;226;173;48;2;254;237;181m▀[38;2;235;175;145;48;2;225;159;131m▀[38;2;229;113;115;48;2;228;115;117m▀[38;2;223;133;124;48;2;223;130;125m▀[38;2;251;237;185;48;2;253;232;190m▀[38;2;231;165;146;48;2;241;194;170m▀[38;2;236;121;147;48;2;229;131;151m▀[38;2;237;119;147;48;2;242;143;165m▀[38;2;239;119;148;48;2;242;139;163m▀[38;2;239;119;149;48;2;240;134;160m▀[38;2;237;116;150;48;2;240;123;153m▀[38;2;248;109;155;48;2;244;109;150m▀[38;2;252;103;158;48;2;252;103;159m▀[38;2;251;103;156;48;2;250;105;156m▀[38;2;242;107;154;48;2;244;109;157m▀[38;2;240;108;152;48;2;245;108;155m▀[38;2;239;113;154;48;2;246;107;155m▀[38;2;233;122;155;48;2;234;110;148m▀[38;2;243;191;176;48;2;238;181;165m▀[38;2;252;229;180;48;2;252;227;178m▀[38;2;225;121;116;48;2;222;121;117m▀[38;2;228;113;115;48;2;225;115;116m▀[38;2;229;113;116;48;2;229;113;116m▀[38;2;228;113;116;48;2;228;113;119m▀[38;2;225;110;113;48;2;215;102;106m▀[38;2;225;113;114;48;2;215;105;108m▀[38;2;231;112;115;48;2;224;117;117m▀[38;2;232;111;116;48;2;222;138;128m▀[38;2;234;111;116;48;2;223;139;128m▀[38;2;227;114;115;48;2;223;125;119m▀[38;2;229;113;116;48;2;224;116;114m▀[38;2;228;113;116;48;2;226;115;115m▀[38;2;226;113;117;48;2;227;114;116m▀[38;2;225;115;119;48;2;227;114;118m▀[38;2;177;87;88;48;2;221;117;118m▀[38;2;185;103;101;48;2;185;116;110m▀[38;2;245;225;180;48;2;192;172;141m▀[38;2;226;210;175;48;2;253;241;188m▀[38;2;153;123;110;48;2;253;240;191m▀[38;2;195;148;129;48;2;187;161;136m▀[38;2;217;155;137;48;2;183;135;121m▀[38;2;217;153;136;48;2;227;173;155m▀[38;2;211;154;135;48;2;223;170;152m▀[38;2;211;155;135;48;2;222;168;148m▀[38;2;212;156;138;48;2;218;162;144m▀[38;2;179;142;134;48;2;176;136;126m▀[38;2;254;252;252;48;2;249;245;246m▀[38;2;255;254;254;48;2;255;254;254m▀[0m
[38;2;253;254;254;48;2;253;254;253m▀[38;2;209;199;202;48;2;156;140;142m▀[38;2;165;129;120;48;2;214;178;165m▀[38;2;247;207;186;48;2;246;206;184m▀[38;2;247;204;179;48;2;247;205;179m▀[38;2;248;205;180;48;2;247;206;179m▀[38;2;249;207;181;48;2;247;219;179m▀[38;2;248;222;179;48;2;254;239;187m▀[38;2;251;242;185;48;2;247;200;175m▀[38;2;254;235;183;48;2;236;131;155m▀[38;2;249;207;172;48;2;243;107;150m▀[38;2;240;159;171;48;2;248;106;154m▀[38;2;248;106;156;48;2;251;103;157m▀[38;2;249;106;152;48;2;248;102;153m▀[38;2;240;110;152;48;2;241;106;150m▀[38;2;241;106;153;48;2;242;118;153m▀[38;2;253;100;155;48;2;240;136;159m▀[38;2;248;105;158;48;2;243;123;153m▀[38;2;248;104;158;48;2;242;108;153m▀[38;2;241;108;155;48;2;246;188;178m▀[38;2;233;130;153;48;2;254;234;187m▀[38;2;238;158;155;48;2;253;244;176m▀[38;2;241;189;167;48;2;250;248;173m▀[38;2;253;231;182;48;2;251;240;175m▀[38;2;233;209;155;48;2;210;184;130m▀[38;2;230;209;155;48;2;240;220;166m▀[38;2;252;234;180;48;2;252;243;181m▀[38;2;238;169;163;48;2;254;240;184m▀[38;2;242;111;153;48;2;249;207;186m▀[38;2;246;103;165;48;2;238;164;170m▀[38;2;243;109;156;48;2;242;175;172m▀[38;2;246;206;173;48;2;249;211;180m▀[38;2;248;239;170;48;2;252;231;181m▀[38;2;217;144;123;48;2;247;223;177m▀[38;2;212;107;109;48;2;186;101;97m▀[38;2;222;116;115;48;2;233;110;117m▀[38;2;226;171;139;48;2;220;133;113m▀[38;2;253;234;180;48;2;243;218;163m▀[38;2;254;238;180;48;2;253;239;179m▀[38;2;254;239;182;48;2;247;233;174m▀[38;2;255;238;182;48;2;239;222;163m▀[38;2;254;239;182;48;2;248;233;173m▀[38;2;253;240;180;48;2;250;241;178m▀[38;2;244;188;171;48;2;248;196;177m▀[38;2;244;106;157;48;2;244;106;158m▀[38;2;237;142;157;48;2;244;159;166m▀[38;2;246;199;177;48;2;254;237;179m▀[38;2;242;192;172;48;2;249;238;172m▀[38;2;241;195;171;48;2;245;236;169m▀[38;2;248;218;178;48;2;236;215;166m▀[38;2;251;241;187;48;2;208;167;137m▀[38;2;220;180;151;48;2;173;90;91m▀[38;2;196;94;95;48;2;184;78;93m▀[38;2;221;114;117;48;2;187;80;95m▀[38;2;229;112;119;48;2;223;107;117m▀[38;2;229;112;117;48;2;228;112;121m▀[38;2;228;115;119;48;2;228;113;120m▀[38;2;169;74;74;48;2;214;122;119m▀[38;2;237;187;163;48;2;249;229;183m▀[38;2;254;235;187;48;2;236;184;161m▀[38;2;253;238;183;48;2;229;143;147m▀[38;2;250;236;169;48;2;241;192;170m▀[38;2;230;182;149;48;2;253;234;190m▀[38;2;215;126;114;48;2;248;222;180m▀[38;2;226;127;122;48;2;224;166;141m▀[38;2;227;147;139;48;2;215;132;120m▀[38;2;232;144;140;48;2;224;118;117m▀[38;2;243;159;154;48;2;225;114;118m▀[38;2;199;126;121;48;2;227;113;118m▀[38;2;188;133;120;48;2;195;98;98m▀[38;2;229;162;149;48;2;183;94;94m▀[38;2;231;174;160;48;2;221;117;120m▀[38;2;209;158;143;48;2;220;116;117m▀[38;2;171;117;104;48;2;216;118;118m▀[38;2;226;172;155;48;2;154;95;86m▀[38;2;227;173;154;48;2;221;169;152m▀[38;2;228;171;153;48;2;227;171;152m▀[38;2;182;143;133;48;2;177;138;128m▀[38;2;242;237;237;48;2;241;236;234m▀[38;2;254;253;254;48;2;254;253;251m▀[0m
[38;2;251;253;252;48;2;249;248;247m▀[38;2;129;108;102;48;2;125;98;91m▀[38;2;241;203;182;48;2;248;209;186m▀[38;2;246;205;183;48;2;246;205;182m▀[38;2;247;206;181;48;2;247;205;182m▀[38;2;246;206;179;48;2;247;206;181m▀[38;2;248;224;178;48;2;248;224;184m▀[38;2;247;219;175;48;2;254;238;181m▀[38;2;233;115;143;48;2;245;204;175m▀[38;2;239;112;148;48;2;248;212;181m▀[38;2;231;115;142;48;2;254;230;181m▀[38;2;234;135;156;48;2;251;237;183m▀[38;2;242;130;164;48;2;242;199;180m▀[38;2;243;108;153;48;2;239;112;150m▀[38;2;248;180;177;48;2;243;176;169m▀[38;2;252;233;181;48;2;252;239;183m▀[38;2;250;242;180;48;2;251;244;181m▀[38;2;237;185;170;48;2;249;203;191m▀[38;2;238;112;147;48;2;238;126;161m▀[38;2;244;195;175;48;2;237;122;154m▀[38;2;251;225;187;48;2;238;114;146m▀[38;2;244;193;176;48;2;247;104;158m▀[38;2;243;182;166;48;2;247;105;157m▀[38;2;253;238;173;48;2;244;196;174m▀[38;2;253;238;176;48;2;252;245;179m▀[38;2;252;230;189;48;2;244;205;171m▀[38;2;238;176;166;48;2;234;114;155m▀[38;2;238;159;158;48;2;246;104;157m▀[38;2;238;136;155;48;2;249;103;156m▀[38;2;234;124;149;48;2;248;101;154m▀[38;2;238;108;150;48;2;253;100;154m▀[38;2;240;110;151;48;2;250;102;154m▀[38;2;230;155;149;48;2;240;170;163m▀[38;2;251;234;181;48;2;252;235;184m▀[38;2;178;100;93;48;2;165;89;80m▀[38;2;229;113;119;48;2;231;118;122m▀[38;2;238;186;151;48;2;236;196;153m▀[38;2;252;237;187;48;2;246;215;170m▀[38;2;243;188;171;48;2;238;115;149m▀[38;2;243;187;170;48;2;241;108;151m▀[38;2;243;186;172;48;2;243;107;152m▀[38;2;246;187;175;48;2;242;105;153m▀[38;2;242;188;176;48;2;249;101;154m▀[38;2;243;170;172;48;2;245;105;157m▀[38;2;246;105;158;48;2;253;100;157m▀[38;2;242;149;165;48;2;244;105;155m▀[38;2;249;217;178;48;2;238;110;149m▀[38;2;252;226;179;48;2;238;111;147m▀[38;2;252;236;184;48;2;239;116;150m▀[38;2;252;238;184;48;2;240;123;151m▀[38;2;253;235;186;48;2;242;188;168m▀[38;2;221;168;147;48;2;252;233;188m▀[38;2;180;82;95;48;2;182;94;98m▀[38;2;180;78;92;48;2;180;78;92m▀[38;2;183;79;90;48;2;178;75;89m▀[38;2;213;108;113;48;2;180;75;84m▀[38;2;228;114;120;48;2;220;107;114m▀[38;2;227;135;129;48;2;223;135;124m▀[38;2;254;234;188;48;2;252;235;178m▀[38;2;236;147;154;48;2;235;178;160m▀[38;2;252;102;157;48;2;240;111;154m▀[38;2;246;107;156;48;2;253;102;158m▀[38;2;235;141;156;48;2;251;102;157m▀[38;2;247;212;177;48;2;239;110;152m▀[38;2;252;237;183;48;2;241;156;164m▀[38;2;240;210;160;48;2;250;228;179m▀[38;2;223;130;112;48;2;246;219;165m▀[38;2;233;108;120;48;2;224;127;117m▀[38;2;230;111;119;48;2;230;113;117m▀[38;2;226;111;119;48;2;229;112;119m▀[38;2;190;100;99;48;2;223;116;120m▀[38;2;194;95;97;48;2;181;88;89m▀[38;2;227;110;118;48;2;210;102;107m▀[38;2;228;110;117;48;2;229;113;118m▀[38;2;222;117;120;48;2;227;114;117m▀[38;2;161;96;88;48;2;222;117;119m▀[38;2;220;171;156;48;2;153;84;85m▀[38;2;179;138;122;48;2;166;133;127m▀[38;2;244;239;236;48;2;251;248;245m▀[38;2;254;253;251;48;2;254;253;251m▀[0m
[38;2;237;234;232;48;2;208;203;200m▀[38;2;138;109;102;48;2;171;140;129m▀[38;2;248;204;184;48;2;250;204;185m▀[38;2;249;204;184;48;2;249;203;184m▀[38;2;246;205;183;48;2;247;205;183m▀▀[38;2;244;208;179;48;2;248;205;187m▀[38;2;249;224;181;48;2;251;205;180m▀[38;2;251;234;180;48;2;245;218;178m▀[38;2;252;246;177;48;2;253;235;184m▀[38;2;247;209;173;48;2;232;126;147m▀[38;2;241;197;173;48;2;245;108;154m▀[38;2;242;197;179;48;2;240;109;148m▀[38;2;236;133;163;48;2;249;103;150m▀[38;2;245;184;186;48;2;240;112;153m▀[38;2;253;236;179;48;2;236;157;161m▀[38;2;252;237;179;48;2;251;230;183m▀[38;2;231;133;139;48;2;242;148;158m▀[38;2;246;105;151;48;2;244;112;153m▀[38;2;244;108;155;48;2;248;193;186m▀[38;2;244;110;152;48;2;252;222;193m▀[38;2;245;113;156;48;2;254;221;197m▀[38;2;247;102;165;48;2;245;132;165m▀[38;2;238;154;162;48;2;240;120;149m▀[38;2;253;242;176;48;2;251;234;174m▀[38;2;253;238;179;48;2;251;239;176m▀[38;2;236;176;167;48;2;254;236;179m▀[38;2;234;152;152;48;2;250;243;184m▀[38;2;242;174;168;48;2;247;212;179m▀[38;2;243;146;169;48;2;243;110;155m▀[38;2;252;101;157;48;2;245;110;159m▀[38;2;237;126;160;48;2;245;189;182m▀[38;2;252;228;185;48;2;253;236;188m▀[38;2;224;203;157;48;2;245;229;174m▀[38;2;156;98;73;48;2;242;225;170m▀[38;2;228;164;141;48;2;253;238;185m▀[38;2;233;205;155;48;2;252;238;182m▀[38;2;253;240;186;48;2;248;228;176m▀[38;2;248;219;184;48;2;239;197;160m▀[38;2;241;189;176;48;2;241;211;159m▀[38;2;243;169;172;48;2;248;232;176m▀[38;2;236;152;161;48;2;252;236;183m▀[38;2;235;132;149;48;2;254;235;184m▀[38;2;239;115;145;48;2;253;221;184m▀[38;2;250;102;153;48;2;247;110;157m▀[38;2;249;102;156;48;2;241;124;164m▀[38;2;245;105;153;48;2;249;210;184m▀[38;2;243;106;152;48;2;248;214;180m▀[38;2;240;108;150;48;2;248;217;183m▀[38;2;238;110;147;48;2;253;227;188m▀[38;2;239;172;164;48;2;252;238;189m▀[38;2;252;238;182;48;2;246;218;174m▀[38;2;209;176;140;48;2;250;220;182m▀[38;2;188;134;118;48;2;252;236;181m▀[38;2;173;94;93;48;2;252;234;181m▀[38;2;173;76;83;48;2;233;202;157m▀[38;2;180;76;81;48;2;220;147;127m▀[38;2;219;133;123;48;2;208;106;113m▀[38;2;237;196;162;48;2;214;120;127m▀[38;2;254;236;183;48;2;223;164;141m▀[38;2;246;205;179;48;2;245;222;174m▀[38;2;239;135;158;48;2;251;237;183m▀[38;2;251;105;152;48;2;244;184;169m▀[38;2;253;102;153;48;2;234;123;153m▀[38;2;248;104;151;48;2;246;108;151m▀[38;2;232;146;153;48;2;234;149;156m▀[38;2;253;233;181;48;2;254;234;184m▀[38;2;221;148;127;48;2;220;150;130m▀[38;2;226;113;118;48;2;216;118;116m▀[38;2;223;107;113;48;2;218;118;117m▀[38;2;227;112;116;48;2;213;106;105m▀[38;2;229;117;121;48;2;226;114;117m▀[38;2;167;81;80;48;2;218;116;117m▀[38;2;218;115;119;48;2;162;79;78m▀[38;2;228;114;120;48;2;226;116;121m▀[38;2;229;114;119;48;2;230;113;119m▀[38;2;216;113;114;48;2;233;112;118m▀[38;2;125;73;75;48;2;195;91;106m▀[38;2;247;244;243;48;2;148;109;117m▀[38;2;253;254;254;48;2;251;250;249m▀[0m
[38;2;193;179;179;48;2;174;158;157m▀[38;2;197;157;141;48;2;215;172;153m▀[38;2;251;204;184;48;2;248;202;182m▀[38;2;250;204;184;48;2;250;204;183m▀[38;2;248;205;181;48;2;249;204;181m▀[38;2;248;205;180;48;2;249;205;180m▀[38;2;249;204;181m▀[38;2;249;205;180;48;2;250;206;180m▀[38;2;247;216;181;48;2;246;212;178m▀[38;2;254;236;186;48;2;254;237;187m▀[38;2;235;137;147;48;2;239;167;167m▀[38;2;250;102;156;48;2;247;102;153m▀[38;2;241;126;156;48;2;246;183;179m▀[38;2;239;145;168;48;2;254;239;186m▀[38;2;241;129;161;48;2;253;230;189m▀[38;2;241;112;151;48;2;237;144;155m▀[38;2;239;175;163;48;2;237;124;143m▀[38;2;244;195;182;48;2;251;219;185m▀[38;2;238;111;157;48;2;233;124;150m▀[38;2;241;153;178;48;2;249;104;159m▀[38;2;237;154;161;48;2;240;135;151m▀[38;2;237;123;153;48;2;240;172;162m▀[38;2;235;112;151;48;2;245;191;183m▀[38;2;245;108;154;48;2;236;123;163m▀[38;2;244;191;174;48;2;238;151;158m▀[38;2;236;220;170;48;2;253;239;178m▀[38;2;216;187;135;48;2;253;240;173m▀[38;2;253;235;188;48;2;238;195;172m▀[38;2;236;141;158;48;2;242;108;153m▀[38;2;246;102;168;48;2;248;103;156m▀[38;2;248;106;160;48;2;242;108;153m▀[38;2;245;112;144;48;2;248;150;172m▀[38;2;230;133;149;48;2;238;116;146m▀[38;2;250;224;186;48;2;238;144;165m▀[38;2;253;237;187;48;2;240;168;162m▀[38;2;230;141;151;48;2;244;107;154m▀[38;2;231;173;151;48;2;239;175;159m▀[38;2;252;227;182;48;2;251;227;188m▀[38;2;190;105;103;48;2;178;91;92m▀[38;2;221;118;120;48;2;202;97;103m▀[38;2;216;120;118;48;2;228;113;121m▀[38;2;221;127;123;48;2;228;115;121m▀[38;2;231;177;146;48;2;224;167;139m▀[38;2;253;235;182;48;2;253;236;182m▀[38;2;240;119;153;48;2;240;121;151m▀[38;2;241;120;156;48;2;237;112;151m▀[38;2;253;234;178;48;2;251;224;183m▀[38;2;240;210;155;48;2;235;175;142m▀[38;2;230;177;150;48;2;221;112;117m▀[38;2;230;197;149;48;2;209;155;128m▀[38;2;251;225;185;48;2;252;232;189m▀[38;2;236;120;143;48;2;236;153;160m▀[38;2;238;112;150;48;2;238;114;151m▀[38;2;236;131;160;48;2;249;108;153m▀[38;2;239;170;163;48;2;249;105;152m▀[38;2;248;217;180;48;2;233;126;147m▀[38;2;250;228;184;48;2;250;225;186m▀[38;2;183;112;104;48;2;213;158;143m▀[38;2;203;100;105;48;2;177;74;77m▀[38;2;211;112;112;48;2;213;118;114m▀[38;2;134;70;58;48;2;222;177;144m▀[38;2;201;163;127;48;2;246;226;170m▀[38;2;251;238;176;48;2;254;242;179m▀[38;2;249;232;173;48;2;254;240;178m▀[38;2;244;214;173;48;2;254;237;182m▀[38;2;251;237;181;48;2;252;222;185m▀[38;2;249;243;183;48;2;244;203;176m▀[38;2;239;217;165;48;2;243;185;164m▀[38;2;241;212;163;48;2;238;178;167m▀[38;2;242;212;163;48;2;238;174;165m▀[38;2;236;207;158;48;2;246;198;173m▀[38;2;230;173;147;48;2;253;234;188m▀[38;2;222;118;119;48;2;231;152;143m▀[38;2;198;106;107;48;2;224;117;118m▀[38;2;158;74;75;48;2;152;70;67m▀[38;2;232;112;121;48;2;157;72;75m▀[38;2;225;113;116;48;2;222;115;120m▀[38;2;224;114;121;48;2;225;112;120m▀[38;2;152;66;81;48;2;203;98;112m▀[38;2;173;141;145;48;2;138;52;68m▀[0m
[38;2;165;147;145;48;2;159;139;138m▀[38;2;218;173;153;48;2;209;160;139m▀[38;2;248;201;180;48;2;247;200;177m▀[38;2;248;202;182;48;2;249;201;181m▀[38;2;247;205;182;48;2;246;204;181m▀[38;2;247;205;181;48;2;247;205;181m▀▀[38;2;249;205;180;48;2;249;205;180m▀[38;2;247;210;178;48;2;247;208;179m▀[38;2;253;234;184;48;2;248;226;178m▀[38;2;246;201;179;48;2;253;228;185m▀[38;2;242;106;151;48;2;237;119;149m▀[38;2;241;160;163;48;2;244;119;159m▀[38;2;250;245;175;48;2;245;163;170m▀[38;2;252;245;174;48;2;242;168;167m▀[38;2;247;205;182;48;2;242;162;171m▀[38;2;234;114;148;48;2;237;111;164m▀[38;2;246;201;175;48;2;236;160;163m▀[38;2;241;171;160;48;2;250;211;189m▀[38;2;242;117;152;48;2;240;111;153m▀[38;2;251;223;182;48;2;238;120;153m▀[38;2;253;234;186;48;2;237;123;155m▀[38;2;253;230;188;48;2;237;115;150m▀[38;2;243;145;159;48;2;239;112;153m▀[38;2;240;114;149;48;2;243;108;160m▀[38;2;250;221;183;48;2;239;174;166m▀[38;2;253;242;176;48;2;254;241;176m▀[38;2;236;174;165;48;2;252;231;177m▀[38;2;234;113;151;48;2;247;215;175m▀[38;2;236;138;152;48;2;253;238;177m▀[38;2;247;205;174;48;2;246;225;172m▀[38;2;254;237;187;48;2;222;186;150m▀[38;2;241;189;166;48;2;252;241;186m▀[38;2;229;115;144;48;2;247;216;172m▀[38;2;240;108;160;48;2;245;199;174m▀[38;2;237;128;155;48;2;253;229;187m▀[38;2;250;223;182;48;2;241;218;176m▀[38;2;232;197;166;48;2;195;120;112m▀[38;2;170;80;84;48;2;210;112;121m▀[38;2;173;77;85;48;2;186;90;100m▀[38;2;168;72;77;48;2;190;79;93m▀[38;2;175;85;86;48;2;220;109;122m▀[38;2;242;215;180;48;2;189;123;101m▀[38;2;252;239;183;48;2;252;239;183m▀[38;2;239;127;154;48;2;237;141;157m▀[38;2;245;110;155;48;2;247;106;155m▀[38;2;248;211;184;48;2;246;197;176m▀[38;2;241;190;155;48;2;241;208;163m▀[38;2;222;112;116;48;2;205;133;112m▀[38;2;184;114;103;48;2;242;211;174m▀[38;2;245;230;172;48;2;253;240;184m▀[38;2;253;241;182;48;2;254;240;179m▀[38;2;253;233;186;48;2;254;241;176m▀[38;2;250;210;170;48;2;251;247;176m▀[38;2;243;163;157;48;2;245;198;177m▀[38;2;240;114;152;48;2;236;114;151m▀[38;2;244;211;174;48;2;251;220;182m▀[38;2;214;165;137;48;2;211;167;136m▀[38;2;177;74;87;48;2;167;79;89m▀[38;2;207;158;126;48;2;227;198;158m▀[38;2;251;239;181;48;2;246;205;176m▀[38;2;237;189;162;48;2;242;110;156m▀[38;2;241;152;167;48;2;253;103;162m▀[38;2;239;129;155;48;2;249;107;160m▀[38;2;243;111;155;48;2;246;105;160m▀[38;2;245;107;157;48;2;246;106;158m▀[38;2;244;107;153;48;2;245;108;153m▀[38;2;245;104;151;48;2;243;107;149m▀[38;2;244;105;154;48;2;243;129;154m▀[38;2;242;105;153;48;2;238;158;168m▀[38;2;232;119;144;48;2;243;202;175m▀[38;2;250;227;179;48;2;253;238;185m▀[38;2;231;164;147;48;2;199;129;115m▀[38;2;228;115;116;48;2;226;112;116m▀[38;2;222;117;116;48;2;230;111;115m▀[38;2;91;23;22;48;2;174;86;89m▀[38;2;156;83;82;48;2;60;6;5m▀[38;2;225;114;121;48;2;179;89;94m▀[38;2;229;109;124;48;2;228;112;123m▀[38;2;173;64;87;48;2;192;84;104m▀[0m
[38;2;159;134;131;48;2;161;137;136m▀[38;2;205;154;134;48;2;210;154;137m▀[38;2;232;182;158;48;2;211;157;132m▀[38;2;250;201;179;48;2;242;189;167m▀[38;2;248;203;180;48;2;249;202;179m▀[38;2;248;204;181;48;2;248;202;179m▀[38;2;248;205;181;48;2;249;204;181m▀▀[38;2;248;206;181;48;2;250;205;182m▀[38;2;250;214;184;48;2;249;208;181m▀[38;2;254;238;183;48;2;253;237;179m▀[38;2;238;153;161;48;2;244;195;167m▀[38;2;247;103;164;48;2;247;107;152m▀[38;2;238;117;154;48;2;241;162;169m▀[38;2;235;124;150;48;2;254;232;184m▀[38;2;238;127;154;48;2;254;235;183m▀[38;2;238;118;153;48;2;248;204;182m▀[38;2;236;121;150;48;2;232;115;146m▀[38;2;251;226;190;48;2;247;195;182m▀[38;2;236;141;156;48;2;243;186;177m▀[38;2;240;116;154;48;2;235;117;149m▀[38;2;240;161;166;48;2;250;210;173m▀[38;2;243;181;170;48;2;254;243;177m▀[38;2;249;209;191;48;2;254;242;178m▀[38;2;240;127;154;48;2;244;167;167m▀[38;2;236;130;150;48;2;247;105;154m▀[38;2;252;235;180;48;2;242;190;169m▀[38;2;238;223;160;48;2;245;226;180m▀[38;2;206;163;132;48;2;179;95;92m▀[38;2;225;165;143;48;2;211;107;117m▀[38;2;183;95;97;48;2;178;80;90m▀[38;2;176;85;91;48;2;176;84;95m▀[38;2;171;130;106;48;2;150;100;94m▀[38;2;248;226;173;48;2;251;196;171m▀[38;2;249;228;173;48;2;247;199;167m▀[38;2;238;214;175;48;2;182;142;125m▀[38;2;151;96;82;48;2;149;91;86m▀[38;2;223;121;124;48;2;212;107;116m▀[38;2;217;100;111;48;2;227;109;120m▀[38;2;161;63;71;48;2;182;82;87m▀[38;2;186;81;92;48;2;149;66;71m▀[38;2;193;85;99;48;2;177;85;95m▀[38;2;219;123;128;48;2;198;102;107m▀[38;2;251;233;182;48;2;251;231;181m▀[38;2;239;150;153;48;2;243;159;161m▀[38;2;244;106;153;48;2;241;105;153m▀[38;2;245;185;172;48;2;241;181;168m▀[38;2;244;213;166;48;2;244;214;164m▀[38;2;215;156;132;48;2;216;157;134m▀[38;2;254;234;185;48;2;254;234;184m▀[38;2;238;155;145;48;2;239;149;154m▀[38;2;232;136;145;48;2;241;108;150m▀[38;2;241;164;165;48;2;247;103;156m▀[38;2;247;190;181;48;2;240;107;159m▀[38;2;245;154;164;48;2;247;103;161m▀[38;2;241;130;159;48;2;242;115;155m▀[38;2;252;239;184;48;2;234;166;159m▀[38;2;240;215;164;48;2;250;230;179m▀[38;2;175;111;98;48;2;230;192;159m▀[38;2;228;199;163;48;2;208;164;146m▀[38;2;242;198;169;48;2;250;240;185m▀[38;2;236;113;155;48;2;243;204;173m▀[38;2;243;111;152;48;2;251;213;177m▀[38;2;236;124;153;48;2;254;233;190m▀[38;2;238;152;155;48;2;252;239;181m▀[38;2;242;175;170;48;2;251;230;177m▀[38;2;245;203;175;48;2;239;202;156m▀[38;2;252;229;180;48;2;234;178;152m▀[38;2;254;234;183;48;2;164;111;101m▀[38;2;253;234;186;48;2;181;98;99m▀[38;2;249;224;178;48;2;222;118;119m▀[38;2;229;168;137;48;2;224;116;118m▀[38;2;213;110;114;48;2;227;115;121m▀[38;2;199;88;97;48;2;183;73;85m▀[38;2;225;115;121;48;2;222;116;124m▀[38;2;225;117;126;48;2;225;113;123m▀[38;2;118;57;57;48;2;170;87;89m▀[38;2;122;86;82;48;2;175;153;146m▀[38;2;190;106;114;48;2;144;104;103m▀[38;2;208;103;119;48;2;206;110;125m▀[0m
[38;2;162;141;142;48;2;172;154;155m▀[38;2;210;150;136;48;2;207;148;135m▀[38;2;212;155;132;48;2;214;155;133m▀[38;2;215;157;138;48;2;213;154;135m▀[38;2;239;189;167;48;2;210;156;135m▀[38;2;249;200;180;48;2;222;170;151m▀[38;2;248;201;181;48;2;242;192;171m▀[38;2;248;203;182;48;2;247;198;177m▀[38;2;250;204;184;48;2;249;201;181m▀[38;2;248;205;181;48;2;250;201;180m▀[38;2;248;226;175;48;2;249;211;175m▀[38;2;254;228;182;48;2;253;242;180m▀[38;2;246;115;148;48;2;240;158;163m▀[38;2;239;125;152;48;2;243;106;159m▀[38;2;252;227;183;48;2;240;158;165m▀[38;2;252;243;173;48;2;240;178;164m▀[38;2;253;225;189;48;2;239;148;160m▀[38;2;238;123;157;48;2;245;109;154m▀[38;2;236;154;164;48;2;237;121;145m▀[38;2;252;225;192;48;2;252;226;189m▀[38;2;236;120;150;48;2;239;157;163m▀[38;2;239;161;163;48;2;235;122;149m▀[38;2;254;238;184;48;2;250;226;180m▀[38;2;250;237;168;48;2;255;241;169m▀[38;2;247;208;178;48;2;252;233;179m▀[38;2;238;112;158;48;2;234;132;153m▀[38;2;235;140;160;48;2;235;119;147m▀[38;2;254;236;186;48;2;253;224;180m▀[38;2;206;145;123;48;2;218;159;138m▀[38;2;196;96;105;48;2;185;82;94m▀[38;2;181;80;96;48;2;180;82;100m▀[38;2;143;65;74;48;2;132;89;89m▀[38;2;211;169;154;48;2;249;237;225m▀[38;2;248;199;184;48;2;254;245;233m▀[38;2;220;186;172;48;2;181;172;165m▀[38;2;207;186;173;48;2;245;245;233m▀[38;2;185;149;145;48;2;237;221;214m▀[38;2;192;92;103;48;2;157;76;85m▀[38;2;226;109;123;48;2;214;103;117m▀[38;2;195;90;102;48;2;204;94;107m▀[38;2;137;60;65;48;2;171;79;89m▀[38;2;177;85;98;48;2;148;69;76m▀[38;2;181;87;90;48;2;179;85;92m▀[38;2;243;214;169;48;2;207;142;133m▀[38;2;246;201;174;48;2;251;235;183m▀[38;2;226;133;149;48;2;253;238;185m▀[38;2;246;210;182;48;2;252;235;185m▀[38;2;241;207;163;48;2;218;160;134m▀[38;2;205;128;114;48;2;216;107;114m▀[38;2;240;215;159;48;2;187;98;97m▀[38;2;253;238;180;48;2;204;141;131m▀[38;2;249;217;182;48;2;224;187;157m▀[38;2;242;181;175;48;2;247;230;181m▀[38;2;239;146;153;48;2;253;237;185m▀[38;2;238;115;149;48;2;252;227;181m▀[38;2;248;103;162;48;2;245;200;176m▀[38;2;239;109;156;48;2;243;196;172m▀[38;2;239;191;165;48;2;250;240;182m▀[38;2;234;205;169;48;2;203;176;141m▀[38;2;173;84;98;48;2;166;73;90m▀[38;2;208;154;132;48;2;177;82;91m▀[38;2;222;176;154;48;2;176;80;89m▀[38;2;215;168;149;48;2;170;75;86m▀[38;2;187;135;117;48;2;143;54;66m▀[38;2;172;95;91;48;2;161;70;87m▀[38;2;187;91;94;48;2;174;72;94m▀[38;2;223;112;115;48;2;224;110;117m▀[38;2;227;114;121;48;2;227;113;121m▀[38;2;138;50;70;48;2;142;52;72m▀[38;2;145;55;77;48;2;142;53;76m▀[38;2;223;110;119;48;2;198;87;97m▀[38;2;228;113;119;48;2;228;114;121m▀[38;2;228;114;119;48;2;229;114;118m▀[38;2;204;90;105;48;2;226;111;124m▀[38;2;193;88;99;48;2;159;57;69m▀[38;2;227;115;119;48;2;225;115;118m▀[38;2;227;117;124;48;2;228;113;120m▀[38;2;140;94;94;48;2;158;80;87m▀[38;2;247;242;236;48;2;236;227;226m▀[38;2;151;110;114;48;2;236;231;228m▀[0m
[38;2;180;161;161;48;2;120;96;113m▀[38;2;202;153;136;48;2;118;89;103m▀[38;2;212;159;132;48;2;140;98;97m▀[38;2;211;157;136;48;2;149;104;103m▀[38;2;213;155;136;48;2;188;132;119m▀[38;2;213;155;137;48;2;214;156;140m▀[38;2;209;155;132;48;2;213;155;134m▀[38;2;214;159;137;48;2;213;155;133m▀[38;2;218;163;139;48;2;212;155;134m▀[38;2;217;164;141;48;2;220;164;143m▀[38;2;215;169;141;48;2;222;174;149m▀[38;2;247;227;178;48;2;230;202;158m▀[38;2;249;211;172;48;2;253;236;185m▀[38;2;237;113;149;48;2;243;187;168m▀[38;2;248;103;162;48;2;237;155;157m▀[38;2;236;107;159;48;2;241;176;171m▀[38;2;232;112;154;48;2;251;219;186m▀[38;2;239;140;159;48;2;253;240;183m▀[38;2;234;161;151;48;2;251;243;180m▀[38;2;253;235;178;48;2;247;232;172m▀[38;2;247;205;174;48;2;253;234;179m▀[38;2;236;117;141;48;2;237;174;161m▀[38;2;241;194;170;48;2;246;215;175m▀[38;2;229;215;153;48;2;222;195;152m▀[38;2;251;240;181;48;2;225;179;146m▀[38;2;239;191;164;48;2;253;236;182m▀[38;2;235;170;165;48;2;253;237;186m▀[38;2;252;237;187;48;2;219;187;143m▀[38;2;215;147;132;48;2;179;92;91m▀[38;2;183;78;93;48;2;176;82;95m▀[38;2;165;77;94;48;2;134;70;81m▀[38;2;187;162;157;48;2;238;227;218m▀[38;2;253;248;233;48;2;253;247;233m▀[38;2;253;249;234;48;2;254;250;232m▀[38;2;240;237;222m▀[38;2;252;249;235;48;2;253;250;233m▀[38;2;250;249;235;48;2;251;251;235m▀[38;2;164;112;114;48;2;196;174;167m▀[38;2;194;93;106;48;2;178;86;96m▀[38;2;214;103;116;48;2;208;96;113m▀[38;2;188;87;99;48;2;193;89;103m▀[38;2;127;48;53;48;2;124;44;50m▀[38;2;181;91;99;48;2;163;75;82m▀[38;2;181;89;93;48;2;187;88;98m▀[38;2;195;120;108;48;2;188;88;99m▀[38;2;216;142;130;48;2;206;102;112m▀[38;2;214;130;124;48;2;221;103;113m▀[38;2;210;107;111;48;2;211;103;109m▀[38;2;213;101;112;48;2;204;100;108m▀[38;2;195;86;99;48;2;194;91;99m▀[38;2;191;86;97;48;2;188;89;98m▀[38;2;178;80;85;48;2;184;89;96m▀[38;2;160;78;77;48;2;156;68;73m▀[38;2;196;130;120;48;2;193;89;98m▀[38;2;203;173;135;48;2;154;84;89m▀[38;2;252;244;197;48;2;248;235;223m▀[38;2;253;249;198;48;2;255;247;231m▀[38;2;251;249;199;48;2;254;247;230m▀[38;2;204;188;173;48;2;252;248;234m▀[38;2;144;70;81;48;2;156;107;111m▀[38;2;176;77;94;48;2;175;73;91m▀[38;2;180;79;95;48;2;184;79;97m▀[38;2;179;78;91;48;2;182;79;94m▀[38;2;138;55;65;48;2;141;54;66m▀[38;2;167;74;90;48;2;172;77;90m▀[38;2;168;67;85;48;2;171;70;85m▀[38;2;218;105;113;48;2;205;94;103m▀[38;2;224;110;118;48;2;222;110;118m▀[38;2;144;58;67;48;2;152;63;74m▀[38;2;144;59;81;48;2;144;58;78m▀[38;2;163;65;85;48;2;151;55;77m▀[38;2;225;114;123;48;2;214;107;118m▀[38;2;230;114;118;48;2;231;113;118m▀[38;2;229;113;118;48;2;228;110;113m▀[38;2;166;61;77;48;2;187;81;97m▀[38;2;202;99;115;48;2;172;69;88m▀[38;2;228;112;120;48;2;228;113;121m▀[38;2;206;108;112;48;2;222;119;122m▀[38;2;185;157;160;48;2;157;114;117m▀[38;2;254;253;250;48;2;253;252;248m▀[0m
[38;2;132;109;131;48;2;130;107;131m▀[38;2;132;108;133;48;2;132;108;132m▀[38;2;135;109;133;48;2;133;110;133m▀[38;2;141;109;135;48;2;132;108;135m▀[38;2;125;93;109;48;2;131;108;135m▀[38;2;111;77;90;48;2;122;103;128m▀[38;2;145;104;98;48;2;95;78;92m▀[38;2;207;154;139;48;2;93;63;66m▀[38;2;214;163;141;48;2;171;126;111m▀[38;2;225;173;152;48;2;225;176;154m▀[38;2;224;175;150;48;2;223;172;150m▀[38;2;223;178;148;48;2;226;174;151m▀[38;2;236;212;165;48;2;228;175;148m▀[38;2;251;241;184;48;2;220;177;145m▀[38;2;255;241;185;48;2;221;176;143m▀[38;2;254;239;185;48;2;223;174;142m▀[38;2;241;223;171;48;2;227;174;147m▀[38;2;225;200;151;48;2;230;173;153m▀[38;2;146;96;82;48;2;123;56;63m▀[38;2;140;72;74;48;2;138;50;77m▀[38;2;215;186;156;48;2;135;52;82m▀[38;2;250;226;184;48;2;139;57;70m▀[38;2;251;219;186;48;2;211;112;115m▀[38;2;160;105;92;48;2;134;45;54m▀[38;2;211;112;116;48;2;205;104;116m▀[38;2;203;105;110;48;2;186;84;95m▀[38;2;164;83;84;48;2;154;70;75m▀[38;2;139;54;60;48;2;142;55;64m▀[38;2;176;79;87;48;2;178;76;91m▀[38;2;179;85;100;48;2;167;74;89m▀[38;2;141;114;110;48;2;197;177;171m▀[38;2;253;248;235;48;2;252;248;234m▀[38;2;255;248;231;48;2;253;248;232m▀[38;2;255;250;231;48;2;255;249;232m▀[48;2;255;250;231m▀[38;2;254;247;229;48;2;254;247;229m▀[38;2;254;247;231;48;2;254;245;231m▀[38;2;245;235;223;48;2;240;226;213m▀[38;2;154;89;94;48;2;160;115;112m▀[38;2;195;90;104;48;2;174;84;94m▀[38;2;198;97;108;48;2;178;78;91m▀[38;2;149;69;73;48;2;157;73;80m▀[38;2;152;81;84;48;2;152;107;104m▀[38;2;199;88;103;48;2;184;92;103m▀[38;2;199;88;105;48;2;204;95;110m▀[38;2;201;91;107;48;2;204;93;108m▀[38;2;213;103;113;48;2;207;99;108m▀[38;2;209;102;110;48;2;209;103;109m▀[38;2;204;97;106;48;2;207;99;107m▀[38;2;200;91;104;48;2;204;94;105m▀[38;2;201;92;105;48;2;204;96;107m▀[38;2;196;91;103;48;2;199;93;107m▀[38;2;153;74;78;48;2;143;65;70m▀[38;2;194;90;103;48;2;199;93;108m▀[38;2;156;82;90;48;2;157;83;90m▀[38;2;241;229;219;48;2;240;227;217m▀[38;2;254;249;231;48;2;253;248;230m▀▀[38;2;253;249;236;48;2;253;248;235m▀[38;2;199;186;175;48;2;250;245;231m▀[38;2;164;75;87;48;2;155;97;100m▀[38;2;185;79;95;48;2;185;83;98m▀[38;2;185;80;97;48;2;188;81;99m▀[38;2;158;66;79;48;2;173;77;91m▀[38;2;169;73;88;48;2;159;65;78m▀[38;2;175;74;89;48;2;179;77;91m▀[38;2;195;88;97;48;2;186;82;94m▀[38;2;216;110;117;48;2;209;106;118m▀[38;2;159;61;75;48;2;159;60;76m▀[38;2;150;56;77;48;2;153;58;77m▀[38;2;156;61;83;48;2;160;65;88m▀[38;2;198;91;104;48;2;183;78;94m▀[38;2;229;113;120;48;2;226;112;118m▀[38;2;228;111;118;48;2;226;110;116m▀[38;2;196;89;106;48;2;208;98;114m▀[38;2;147;48;75;48;2;148;49;75m▀[38;2;225;111;121;48;2;202;92;102m▀[38;2;226;116;122;48;2;229;116;122m▀[38;2;169;89;100;48;2;180;94;102m▀[38;2;250;242;241;48;2;229;220;219m▀[0m
[38;2;130;108;131;48;2;131;110;135m▀[38;2;132;109;134m▀[38;2;132;109;135;48;2;132;110;134m▀▀[38;2;131;109;135;48;2;132;109;135m▀[38;2;131;112;134;48;2;132;111;134m▀[38;2;98;83;101;48;2;121;102;123m▀[38;2;96;79;94;48;2;90;75;96m▀[38;2;91;68;77;48;2;88;77;96m▀[38;2;126;89;84;48;2;94;72;84m▀[38;2;227;176;156;48;2;98;72;74m▀[38;2;227;173;152;48;2;220;171;152m▀[38;2;229;174;154;48;2;226;174;150m▀[38;2;226;171;151;48;2;225;172;150m▀[48;2;227;172;151m▀[38;2;226;171;150;48;2;227;173;150m▀[38;2;227;172;152;48;2;225;173;153m▀[38;2;196;140;137;48;2;141;84;85m▀[38;2;130;48;69;48;2;138;53;76m▀[38;2;140;52;80;48;2;141;52;75m▀[38;2;140;50;81;48;2;149;48;71m▀[38;2;162;62;82;48;2;207;96;108m▀[38;2;212;108;116;48;2;208;104;110m▀[38;2;131;38;54;48;2;132;40;56m▀[38;2;195;95;111;48;2;182;85;104m▀[38;2;174;73;88;48;2;167;69;87m▀[38;2;134;53;61;48;2;111;34;43m▀[38;2;145;61;71;48;2;147;66;77m▀[38;2;179;77;94;48;2;175;86;98m▀[38;2;140;76;80;48;2;151;106;105m▀[38;2;240;235;222;48;2;252;246;232m▀[38;2;252;248;232;48;2;253;247;232m▀[38;2;250;249;234;48;2;238;229;218m▀[38;2;254;247;234;48;2;193;171;164m▀[38;2;233;219;207;48;2;207;192;183m▀[38;2;191;164;157;48;2;248;244;232m▀[38;2;184;165;154;48;2;251;249;232m▀[38;2;195;178;166;48;2;251;248;231m▀[38;2;213;192;182;48;2;244;238;223m▀[38;2;171;96;102;48;2;141;85;87m▀[38;2;203;103;116;48;2;211;112;125m▀[38;2;199;104;115;48;2;210;109;122m▀[38;2;189;150;147;48;2;173;129;126m▀[38;2;162;96;100;48;2;171;143;139m▀[38;2;209;101;111;48;2;216;114;119m▀[38;2;210;101;108;48;2;218;110;115m▀[38;2;208;101;107;48;2;214;110;114m▀[38;2;209;102;108m▀[38;2;209;101;107;48;2;214;109;113m▀[38;2;208;102;107;48;2;213;108;112m▀[38;2;207;102;107;48;2;214;108;112m▀[38;2;200;99;105;48;2;203;103;108m▀[38;2;120;46;50;48;2;103;32;35m▀[38;2;205;98;110;48;2;213;105;113m▀[38;2;160;86;92;48;2;165;89;95m▀[38;2;240;228;219;48;2;246;234;225m▀[38;2;254;248;234;48;2;254;248;234m▀[38;2;254;249;231;48;2;254;249;231m▀[38;2;254;249;230;48;2;254;249;230m▀[38;2;255;248;232;48;2;255;249;230m▀[38;2;185;156;151;48;2;239;226;214m▀[38;2;181;88;101;48;2;156;86;93m▀[38;2;188;86;100;48;2;190;88;102m▀[38;2;184;87;98;48;2;189;89;102m▀[38;2;151;63;73;48;2;147;62;71m▀[38;2;181;80;94;48;2;185;84;98m▀[38;2;186;79;93;48;2;186;79;94m▀[38;2;204;96;113;48;2;196;87;105m▀[38;2;159;62;77;48;2;157;62;76m▀[38;2;153;59;77;48;2;159;67;82m▀[38;2;168;65;86;48;2;174;69;89m▀[38;2;177;70;88;48;2;176;69;90m▀[38;2;222;112;118;48;2;220;110;118m▀[38;2;224;111;116;48;2;223;111;118m▀[38;2;207;99;111;48;2;206;98;111m▀[38;2;151;54;77;48;2;155;58;81m▀[38;2;177;75;92;48;2;161;62;82m▀[38;2;230;114;121;48;2;228;113;121m▀[38;2;213;110;117;48;2;224;119;124m▀[38;2;203;170;174;48;2;179;143;143m▀[0m
[38;2;101;83;107;48;2;96;79;103m▀[38;2;99;80;102;48;2;98;79;102m▀[38;2;99;79;100;48;2;96;78;97m▀[38;2;99;78;97;48;2;75;55;73m▀[38;2;105;83;102;48;2;77;57;74m▀[38;2;112;91;111;48;2;76;55;74m▀[38;2;119;100;122;48;2;77;57;71m▀[38;2;113;95;117;48;2;74;56;71m▀[38;2;90;75;94;48;2;98;80;96m▀[38;2;87;72;92;48;2;115;96;115m▀[38;2;84;69;85;48;2;102;82;101m▀[38;2;111;76;75;48;2;85;51;57m▀[38;2;224;177;154;48;2;98;54;51m▀[38;2;222;172;148;48;2;146;94;88m▀[38;2;225;171;148;48;2;159;102;97m▀[38;2;227;173;152;48;2;142;79;79m▀[38;2;188;135;126;48;2;119;45;59m▀[38;2;122;49;66;48;2;145;49;85m▀[38;2;143;50;79;48;2;181;72;93m▀[38;2;146;53;69;48;2;218;111;117m▀[38;2;206;93;111;48;2;226;112;118m▀[38;2;226;110;126;48;2;225;110;116m▀[38;2;207;102;109;48;2;208;104;109m▀[38;2;130;39;54;48;2;132;41;55m▀[38;2;165;69;89;48;2;158;64;83m▀[38;2;167;70;89;48;2;158;67;86m▀[38;2;130;71;74;48;2;161;122;123m▀[38;2;162;70;83;48;2;154;75;83m▀[38;2;176;85;97;48;2;158;80;88m▀[38;2;183;153;150;48;2;223;207;199m▀[38;2;252;248;234;48;2;221;208;199m▀[38;2;251;247;234;48;2;131;109;104m▀[38;2;246;233;224;48;2;76;25;27m▀[38;2;205;187;179;48;2;62;5;9m▀[38;2;188;171;163;48;2;59;3;7m▀[38;2;204;190;181;48;2;58;2;6m▀[38;2;238;228;217;48;2;64;7;11m▀[38;2;235;228;216;48;2;82;28;29m▀[38;2;146;129;121;48;2;179;141;136m▀[38;2;220;198;190;48;2;241;234;218m▀[38;2;190;106;115;48;2;187;144;142m▀[38;2;216;118;129;48;2;225;134;144m▀[38;2;166;114;111;48;2;178;116;112m▀[38;2;223;210;206;48;2;234;218;216m▀[38;2;182;104;111;48;2;167;118;119m▀[38;2;220;119;123;48;2;226;132;133m▀[38;2;219;120;120;48;2;227;131;129m▀[38;2;216;117;119;48;2;224;128;127m▀[38;2;221;118;121;48;2;223;126;126m▀[38;2;217;114;117;48;2;222;125;125m▀[38;2;223;112;118;48;2;221;121;123m▀[38;2;194;99;104;48;2;179;102;104m▀[38;2;110;48;48;48;2;161;114;112m▀[38;2;208;112;115;48;2;207;124;122m▀[38;2;173;101;107;48;2;175;116;117m▀[38;2;251;237;227;48;2;254;245;230m▀[38;2;253;247;230;48;2;253;248;229m▀[38;2;253;248;229;48;2;253;248;230m▀[48;2;253;248;229m▀[38;2;253;247;231;48;2;253;247;231m▀[38;2;253;247;233;48;2;252;249;233m▀[38;2;170;118;119;48;2;195;170;163m▀[38;2;195;92;105;48;2;193;93;105m▀[38;2;195;93;105;48;2;200;93;107m▀[38;2;143;58;66;48;2;136;52;61m▀[38;2;187;87;100;48;2;193;91;105m▀[38;2;189;81;97;48;2;191;84;100m▀[38;2;191;84;100;48;2;190;83;99m▀[38;2;156;65;75;48;2;151;63;71m▀[38;2;165;75;87;48;2;172;83;93m▀[38;2;177;73;91;48;2;182;78;95m▀[38;2;175;70;85;48;2;179;73;90m▀[38;2;215;102;114;48;2;211;102;113m▀[38;2;223;109;117;48;2;217;108;116m▀[38;2;202;94;105;48;2;192;86;100m▀[38;2;158;62;84;48;2;168;69;90m▀[38;2;156;58;79;48;2;162;66;86m▀[38;2;220;106;117;48;2;205;95;107m▀[38;2;227;117;122;48;2;226;114;119m▀[38;2;179;125;130;48;2;173;112;116m▀[0m
[38;2;92;77;100;48;2;91;76;99m▀[38;2;92;77;98;48;2;89;73;95m▀[38;2;93;76;95;48;2;91;74;90m▀[38;2;91;74;92;48;2;94;77;92m▀[38;2;89;73;92;48;2;91;76;91m▀[38;2;89;74;91;48;2;84;68;84m▀[38;2;90;74;89;48;2;79;54;74m▀[38;2;92;71;88;48;2;73;46;67m▀[38;2;87;64;78;48;2;71;42;59m▀[38;2;68;43;59;48;2;68;39;55m▀[38;2;99;73;88;48;2;86;59;75m▀[38;2;116;86;100;48;2;52;26;43m▀[38;2;105;69;84;48;2;91;59;74m▀[38;2;60;8;15;48;2;69;11;19m▀[38;2;123;48;57;48;2;189;96;101m▀[38;2;151;57;71;48;2;226;115;120m▀[38;2;185;79;98;48;2;224;115;118m▀[38;2;218;108;125;48;2;222;112;115m▀[38;2;225;114;124;48;2;220;109;116m▀[38;2;227;113;118;48;2;226;112;118m▀[38;2;227;112;118;48;2;227;111;119m▀[38;2;225;111;116;48;2;227;111;118m▀[38;2;211;105;113;48;2;212;106;113m▀[38;2;132;43;57;48;2;134;45;59m▀[38;2;156;66;84;48;2;156;67;85m▀[38;2;139;69;83;48;2;145;80;92m▀[38;2;195;175;174;48;2;213;194;195m▀[38;2;160;79;89;48;2;168;85;99m▀[38;2;161;90;96;48;2;108;44;49m▀[38;2;152;128;121;48;2;50;6;4m▀[38;2;62;15;15;48;2;55;4;3m▀[38;2;57;6;6;48;2;53;2;2m▀[38;2;56;4;3;48;2;59;7;9m▀[48;2;60;9;12m▀[38;2;57;4;4;48;2;54;3;4m▀[38;2;58;6;4;48;2;86;40;38m▀[38;2;67;7;6;48;2;143;108;104m▀[38;2;86;4;9;48;2;109;53;50m▀[38;2;107;7;14;48;2;93;11;10m▀[38;2;123;44;47;48;2;127;28;30m▀[38;2;195;149;146;48;2;139;45;41m▀[38;2;199;130;132;48;2;179;111;101m▀[38;2;220;144;142;48;2;226;169;160m▀[38;2;196;178;174;48;2;184;152;151m▀[38;2;183;161;156;48;2;231;218;211m▀[38;2;224;148;143;48;2;192;135;130m▀[38;2;230;141;135;48;2;240;156;147m▀[38;2;229;140;132;48;2;241;154;145m▀[38;2;227;138;130;48;2;239;153;143m▀[38;2;228;137;130;48;2;234;149;139m▀[38;2;226;133;133;48;2;231;150;145m▀[38;2;171;110;112;48;2;171;125;124m▀[38;2;177;143;140;48;2;184;162;158m▀[38;2;220;135;135;48;2;214;141;143m▀[38;2;184;140;139;48;2;201;174;167m▀[38;2;254;247;235;48;2;249;251;233m▀[38;2;252;248;232;48;2;252;248;231m▀[38;2;253;248;230;48;2;253;248;230m▀[38;2;253;248;229;48;2;253;248;229m▀▀[38;2;251;250;232;48;2;253;248;232m▀[38;2;235;225;213;48;2;252;246;232m▀[38;2;176;92;100;48;2;180;111;115m▀[38;2;204;100;114;48;2;194;99;111m▀[38;2;118;44;50;48;2;103;32;37m▀[38;2;195;94;107;48;2;197;96;108m▀[38;2;193;86;101;48;2;196;89;104m▀[38;2;191;85;100;48;2;196;90;105m▀[38;2;148;60;69;48;2;148;60;69m▀[38;2;185;86;100;48;2;188;85;98m▀[38;2;186;81;98;48;2;187;82;98m▀[38;2;183;78;96;48;2;186;81;99m▀[38;2;205;100;106;48;2;201;97;104m▀[38;2;214;109;113;48;2;208;104;109m▀[38;2;181;77;92;48;2;161;61;76m▀[38;2;172;70;89;48;2;179;78;93m▀[38;2;170;69;88;48;2;177;74;91m▀[38;2;195;89;102;48;2;190;83;98m▀[38;2;224;112;117;48;2;220;110;117m▀[38;2;176;104;110;48;2;172;101;106m▀[0m
[38;2;92;71;88;48;2;89;69;86m▀[38;2;75;55;70;48;2;120;99;118m▀[38;2;72;50;62;48;2;134;110;133m▀[38;2;79;56;68;48;2;133;109;134m▀[38;2;92;62;78;48;2;132;109;134m▀[38;2;104;75;92;48;2;131;110;135m▀[38;2;117;93;116;48;2;130;110;135m▀[38;2;128;104;126;48;2;132;110;133m▀[38;2;135;108;130;48;2;111;88;111m▀[38;2;106;78;97;48;2;82;58;80m▀[38;2;78;53;71;48;2;89;68;89m▀[38;2;89;65;83;48;2;89;70;90m▀[38;2;73;39;53;48;2;78;47;61m▀[38;2;84;26;34;48;2;99;33;45m▀[38;2;183;85;95;48;2;163;64;80m▀[38;2;229;114;117;48;2;231;113;121m▀[38;2;226;115;114;48;2;227;113;114m▀[38;2;224;113;114;48;2;227;112;117m▀[38;2;207;94;105;48;2;191;79;93m▀[38;2;228;113;118;48;2;228;113;118m▀[38;2;230;111;119;48;2;230;112;119m▀[38;2;229;109;117;48;2;228;108;116m▀[38;2;221;106;117;48;2;223;107;117m▀[38;2;137;49;63;48;2;142;52;66m▀[38;2;161;70;87;48;2;166;75;93m▀[38;2;133;77;86;48;2;170;126;132m▀[38;2;149;119;122;48;2;202;187;184m▀[38;2;137;53;70;48;2;114;44;57m▀[38;2;75;14;19;48;2;62;5;11m▀[38;2;54;4;5;48;2;50;7;12m▀[38;2;55;3;11;48;2;55;31;55m▀[38;2;58;19;35;48;2;57;45;80m▀[38;2;72;45;77;48;2;58;49;91m▀[38;2;81;55;87;48;2;64;53;96m▀[38;2;78;48;66;48;2;70;54;95m▀[38;2;57;17;25;48;2;79;51;81m▀[38;2;121;96;96;48;2;60;13;30m▀[38;2;251;246;237;48;2;186;164;170m▀[38;2;222;210;201;48;2;251;243;246m▀[38;2;163;113;109;48;2;251;241;242m▀[38;2;140;48;47;48;2;237;218;216m▀[38;2;188;129;117;48;2;183;132;134m▀[38;2;192;155;148;48;2;199;165;161m▀[38;2;188;151;150;48;2;198;165;165m▀[38;2;245;240;231;48;2;210;197;192m▀[38;2;179;142;133;48;2;185;165;155m▀[38;2;245;172;160;48;2;244;190;173m▀[38;2;246;170;157;48;2;244;186;169m▀[38;2;244;168;156;48;2;242;185;168m▀[38;2;241;165;152m▀[38;2;237;167;158;48;2;215;163;153m▀[38;2;174;150;142;48;2;203;192;184m▀[38;2;192;169;165;48;2;189;164;160m▀[38;2;188;131;132;48;2;181;154;148m▀[38;2;237;227;213;48;2;253;245;230m▀[38;2;253;248;232;48;2;254;247;232m▀[38;2;255;248;232;48;2;255;248;232m▀[38;2;254;249;231;48;2;254;249;231m▀[38;2;254;249;229m▀[38;2;254;249;230;48;2;254;249;230m▀[48;2;254;248;231m▀[38;2;254;248;232;48;2;255;248;232m▀[38;2;189;147;143;48;2;203;173;166m▀[38;2;183;95;103;48;2;171;98;105m▀[38;2;124;54;56;48;2;168;106;109m▀[38;2;203;102;114;48;2;207;104;114m▀[38;2;199;92;105;48;2;203;95;109m▀[38;2;199;94;106;48;2;192;89;101m▀[38;2;150;63;69;48;2;164;73;79m▀[38;2;190;87;99;48;2;192;88;98m▀[38;2;190;84;99;48;2;192;86;101m▀[38;2;187;83;98;48;2;192;85;101m▀[38;2;201;96;105;48;2;202;96;108m▀[38;2;198;95;102;48;2;192;90;100m▀[38;2;157;58;71;48;2;152;58;67m▀[38;2;179;78;93;48;2;183;82;96m▀[38;2;178;76;93;48;2;181;80;96m▀[38;2;187;81;97;48;2;186;80;96m▀[38;2;215;108;115;48;2;211;105;115m▀[38;2;171;102;105;48;2;171;106;108m▀[0m
[38;2;133;111;134;48;2;133;111;134m▀[38;2;133;109;133;48;2;133;110;134m▀[38;2;133;109;135;48;2;133;111;134m▀▀[38;2;131;109;135;48;2;133;110;134m▀[38;2;129;110;134;48;2;133;111;135m▀[38;2;130;110;135;48;2;106;87;111m▀[38;2;110;90;114;48;2;107;88;112m▀[38;2;92;72;95;48;2;130;110;135m▀[38;2;105;86;109;48;2;129;109;134m▀[38;2;88;72;94;48;2;89;73;97m▀[38;2;86;71;92;48;2;89;74;97m▀[38;2;91;66;81;48;2;96;73;91m▀[38;2;84;24;36;48;2;89;33;48m▀[38;2;124;46;55;48;2;111;33;45m▀[38;2;226;116;121;48;2;207;96;105m▀[38;2;228;113;115;48;2;228;112;120m▀[38;2;229;113;117;48;2;228;112;119m▀[38;2;177;69;87;48;2;184;78;94m▀[38;2;218;108;124;48;2;189;81;98m▀[38;2;228;112;119;48;2;223;110;117m▀[38;2;225;111;116;48;2;221;109;114m▀[38;2;215;110;111;48;2;214;109;111m▀[38;2;149;62;70;48;2;164;73;81m▀[38;2;169;84;99;48;2;167;85;98m▀[38;2;184;143;146;48;2;152;110;110m▀[38;2;102;68;68;48;2;51;6;7m▀[38;2;100;40;47;48;2;85;26;33m▀[38;2;51;8;11;48;2;46;17;31m▀[38;2;48;29;50;48;2;34;31;61m▀[38;2;41;37;68;48;2;35;35;66m▀[38;2;46;42;74;48;2;38;37;68m▀[38;2;47;45;77;48;2;42;41;73m▀[38;2;53;49;81;48;2;48;46;78m▀[38;2;57;52;86;48;2;50;46;81m▀[38;2;59;52;83;48;2;54;48;80m▀[38;2;66;42;64;48;2;67;46;69m▀[38;2;88;56;63;48;2;56;20;26m▀[38;2;246;233;236;48;2;192;177;176m▀[38;2;244;245;245;48;2;252;253;252m▀[38;2;246;244;243;48;2;254;254;252m▀[38;2;253;240;241m▀[38;2;228;208;203;48;2;253;249;240m▀[38;2;197;176;169;48;2;251;247;231m▀[38;2;189;167;164;48;2;162;143;138m▀[38;2;221;208;203;48;2;238;227;222m▀[38;2;212;178;162;48;2;183;168;152m▀[38;2;251;200;183;48;2;250;215;196m▀[38;2;249;198;181;48;2;251;212;194m▀[38;2;247;195;180;48;2;247;211;197m▀[38;2;183;147;139;48;2;171;151;142m▀[38;2;243;235;228;48;2;240;240;230m▀[38;2;165;137;133;48;2;165;153;143m▀[38;2;223;210;199;48;2;253;250;233m▀[38;2;253;246;233;48;2;254;245;234m▀[38;2;254;247;234;48;2;206;195;185m▀[38;2;251;244;229;48;2;190;182;170m▀[38;2;238;233;217;48;2;244;239;226m▀[38;2;253;248;233;48;2;249;245;233m▀[48;2;230;226;214m▀[38;2;254;248;233;48;2;254;246;233m▀[38;2;255;247;234;48;2;254;248;236m▀[38;2;219;196;189;48;2;216;197;194m▀[38;2;166;129;131;48;2;203;190;187m▀[38;2;181;134;137;48;2;181;124;130m▀[38;2;211;110;117;48;2;212;111;118m▀[38;2;207;101;108;48;2;206;105;111m▀[38;2;166;75;80;48;2;157;71;75m▀[38;2;195;96;102;48;2;202;98;106m▀[38;2;198;93;102;48;2;202;96;106m▀[38;2;195;89;101;48;2;199;93;104m▀[38;2;195;86;102;48;2;199;89;104m▀[38;2;200;92;107;48;2;198;88;103m▀[38;2;186;90;101;48;2;176;85;94m▀[38;2;142;58;64;48;2;143;60;65m▀[38;2;184;85;97;48;2;188;88;100m▀[38;2;184;81;98;48;2;189;84;101m▀[38;2;187;80;96;48;2;190;83;98m▀[38;2;210;104;114;48;2;200;104;112m▀[38;2;170;116;123;48;2;173;133;139m▀[0m
[38;2;132;108;132;48;2;130;106;130m▀[38;2;132;109;133;48;2;132;109;133m▀[38;2;132;111;134;48;2;132;113;135m▀[38;2;133;110;132;48;2;120;98;119m▀[38;2;131;106;131;48;2;87;65;86m▀[38;2;95;72;96;48;2;96;72;94m▀[38;2;104;81;105;48;2;115;93;117m▀[38;2;133;110;136;48;2;133;110;136m▀▀[38;2;131;110;135;48;2;134;110;136m▀[38;2;99;81;105;48;2;110;92;114m▀[38;2;91;75;99;48;2;94;77;99m▀[38;2;90;78;94;48;2;92;78;97m▀[38;2;81;41;52;48;2;92;52;68m▀[38;2;100;27;40;48;2;101;29;46m▀[38;2;167;73;87;48;2;138;46;66m▀[38;2;226;112;123;48;2;205;98;106m▀[38;2;225;110;118;48;2;219;107;114m▀[38;2;194;89;102;48;2;209;102;115m▀[38;2;148;53;75;48;2;138;46;67m▀[38;2;215;105;119;48;2;180;72;89m▀[38;2;217;106;109;48;2;215;105;111m▀[38;2;212;105;110;48;2;210;104;110m▀[38;2;181;89;94;48;2;197;103;109m▀[38;2;159;80;87;48;2;150;73;78m▀[38;2;81;22;25;48;2;66;8;10m▀[38;2;57;2;6;48;2;52;9;11m▀[38;2;69;13;22;48;2;108;71;78m▀[38;2;55;42;48;48;2;43;31;53m▀[38;2;90;93;102;48;2;52;55;76m▀[38;2;32;34;64;48;2;32;32;65m▀[38;2;34;35;68;48;2;32;33;66m▀[38;2;37;36;67;48;2;32;36;66m▀[38;2;41;39;73;48;2;31;30;60m▀[38;2;68;62;99;48;2;89;80;103m▀[38;2;48;43;70;48;2;108;104;111m▀[38;2;127;119;135;48;2;253;251;251m▀[38;2;139;115;117;48;2;251;248;247m▀[38;2;125;104;102;48;2;155;139;135m▀[38;2;251;254;253;48;2;251;251;250m▀[38;2;254;254;254;48;2;254;255;255m▀[38;2;255;254;254;48;2;254;254;254m▀[38;2;253;251;242;48;2;253;251;244m▀[38;2;251;248;232;48;2;251;248;233m▀[38;2;249;244;232;48;2;254;248;235m▀[38;2;198;191;183;48;2;235;227;217m▀[38;2;187;174;164;48;2;196;187;179m▀[38;2;250;226;207;48;2;240;226;207m▀[38;2;249;222;203;48;2;249;235;216m▀[38;2;219;196;183;48;2;175;165;152m▀[38;2;209;200;186;48;2;252;246;229m▀[38;2;196;191;180;48;2;254;249;234m▀[38;2;246;240;226;48;2;253;249;234m▀[38;2;243;237;222;48;2;220;215;199m▀[38;2;179;166;154;48;2;245;240;226m▀[38;2;226;214;201;48;2;254;248;235m▀[38;2;253;245;233;48;2;254;247;235m▀[38;2;254;246;233;48;2;214;206;196m▀[38;2;189;181;173;48;2;82;51;50m▀[38;2;219;212;204;48;2;67;32;33m▀[38;2;238;230;220;48;2;51;9;8m▀[38;2;239;231;224;48;2;71;24;25m▀[38;2;203;187;185;48;2;140;86;86m▀[38;2;249;245;234;48;2;187;153;143m▀[38;2;178;117;120;48;2;158;87;87m▀[38;2;213;112;118;48;2;201;103;109m▀[38;2;186;90;95;48;2;147;58;62m▀[38;2;150;62;65;48;2;167;79;83m▀[38;2;207;101;110;48;2;208;101;109m▀[38;2;206;98;106;48;2;209;99;110m▀[38;2;205;95;108;48;2;208;98;108m▀[38;2;202;92;106;48;2;205;95;107m▀[38;2;200;90;103;48;2;204;96;111m▀[38;2;136;59;63;48;2;93;21;24m▀[38;2;138;57;63;48;2;137;58;64m▀[38;2;189;89;102;48;2;193;91;104m▀[38;2;194;87;104;48;2;195;88;105m▀[38;2;195;84;101;48;2;197;87;102m▀[38;2;191;98;107;48;2;166;84;92m▀[38;2;188;161;165;48;2;221;210;211m▀[0m
[38;2;132;108;132;48;2;131;109;132m▀[38;2;131;108;131;48;2;129;108;130m▀[38;2;109;91;112;48;2;97;79;101m▀[38;2;93;76;95;48;2;90;73;92m▀[38;2;93;71;92;48;2;100;81;101m▀[38;2;100;78;99;48;2;101;82;102m▀[38;2;124;104;127;48;2;130;110;133m▀[38;2;131;108;134;48;2;131;108;134m▀[38;2;132;109;135;48;2;132;109;135m▀[38;2;133;110;134;48;2;130;108;131m▀[38;2;120;102;122;48;2;128;110;130m▀[38;2;95;79;98;48;2;96;80;99m▀[38;2;97;80;99;48;2;101;81;102m▀[38;2;92;67;85;48;2;97;75;94m▀[38;2;101;32;53;48;2;103;33;57m▀[38;2;117;43;63;48;2;106;31;55m▀[38;2;150;60;79;48;2;140;51;74m▀[38;2;214;105;118;48;2;173;69;87m▀[38;2;214;104;119;48;2;206;98;115m▀[38;2;148;57;70;48;2;168;74;89m▀[38;2;155;63;75;48;2;152;62;75m▀[38;2;190;87;102;48;2;172;72;89m▀[38;2;204;102;113;48;2;194;94;106m▀[38;2;201;105;115;48;2;200;104;114m▀[38;2;134;55;62;48;2;139;56;66m▀[38;2;64;2;6;48;2;67;2;8m▀[38;2;89;54;53;48;2;138;101;105m▀[38;2;114;98;98;48;2;113;97;101m▀[38;2;34;31;62;48;2;35;32;63m▀[38;2;31;31;66;48;2;32;32;68m▀[38;2;37;29;63;48;2;45;36;67m▀[38;2;80;56;80;48;2;222;176;178m▀[38;2;63;35;66;48;2;223;173;169m▀[38;2;167;145;147;48;2;232;182;176m▀[38;2;117;85;94;48;2;143;108;115m▀[38;2;203;199;199;48;2;240;237;236m▀[38;2;255;255;253;48;2;254;255;252m▀[38;2;255;254;252;48;2;255;255;252m▀[38;2;235;235;231;48;2;254;254;252m▀[38;2;252;253;251m▀[38;2;255;255;255;48;2;255;255;255m▀▀[38;2;253;250;244;48;2;254;250;242m▀[38;2;253;247;232;48;2;253;247;232m▀[38;2;253;248;232;48;2;254;249;231m▀[38;2;253;245;232;48;2;253;247;231m▀[38;2;232;225;214;48;2;252;245;233m▀[38;2;211;202;191;48;2;199;193;183m▀[38;2;226;217;209;48;2;186;178;169m▀[38;2;200;193;184;48;2;252;244;233m▀[38;2;255;248;232;48;2;254;248;231m▀[38;2;255;249;231;48;2;254;249;230m▀[38;2;253;249;233;48;2;248;241;224m▀[38;2;247;250;233;48;2;197;179;172m▀[38;2;250;247;233;48;2;211;180;180m▀[38;2;246;243;232;48;2;125;83;83m▀[38;2;146;126;118;48;2;64;6;12m▀[38;2;58;18;17;48;2;53;6;6m▀[38;2;64;16;17;48;2;51;3;3m▀[38;2;55;6;6;48;2;50;2;2m▀[38;2;58;4;3;48;2;66;15;13m▀[38;2;77;5;7;48;2;85;17;17m▀[38;2;110;18;21;48;2;101;11;16m▀[38;2;175;102;102;48;2;142;68;71m▀[38;2;200;117;120;48;2;210;127;132m▀[38;2;187;96;98;48;2;177;91;92m▀[38;2;182;91;92;48;2;188;93;94m▀[38;2;184;88;91;48;2;204;104;106m▀[38;2;209;103;109;48;2;211;104;110m▀[38;2;209;102;108;48;2;210;103;109m▀[38;2;208;101;109;48;2;211;102;110m▀[38;2;207;97;111;48;2;209;102;119m▀[38;2;168;78;88;48;2;116;63;67m▀[38;2;96;42;43;48;2;174;156;150m▀[38;2;138;62;67;48;2;139;65;69m▀[38;2;199;94;107;48;2;203;97;106m▀[38;2;197;94;106;48;2;201;97;105m▀[38;2;197;89;101;48;2;202;97;109m▀[38;2;161;86;94;48;2;165;117;120m▀[38;2;249;242;243;48;2;253;253;253m▀[0m
[38;2;149;131;152;48;2;222;206;220m▀[38;2;130;110;133;48;2;131;113;135m▀[38;2;102;84;106;48;2;123;105;127m▀[38;2;101;83;105;48;2;107;89;111m▀[38;2;101;82;104;48;2;106;87;109m▀[38;2;107;88;110;48;2;124;105;127m▀[38;2;129;110;132;48;2;130;110;135m▀[38;2;129;110;133m▀[38;2;130;110;135;48;2;129;109;134m▀[38;2;129;109;134;48;2;120;100;125m▀[38;2;129;110;132;48;2;105;85;110m▀[38;2;103;84;106;48;2;100;81;103m▀[38;2;102;81;102;48;2;101;81;103m▀[38;2;101;79;98;48;2;104;82;102m▀[38;2;99;36;58;48;2;98;35;60m▀[38;2;107;31;53;48;2;118;39;64m▀[38;2;138;49;74;48;2;119;35;57m▀[38;2;148;54;72;48;2;150;58;79m▀[38;2;175;73;93;48;2;159;60;81m▀[38;2;192;93;113;48;2;173;75;94m▀[38;2;145;55;71;48;2;163;70;88m▀[38;2;173;76;92;48;2;166;73;87m▀[38;2;182;85;97;48;2;187;92;103m▀[38;2;197;99;112;48;2;198;100;113m▀[38;2;145;61;71;48;2;145;59;69m▀[38;2;75;10;17;48;2;85;17;24m▀[38;2;174;142;146;48;2;186;152;155m▀[38;2;148;132;137;48;2;204;191;191m▀[38;2;39;38;60;48;2;156;155;158m▀[38;2;44;42;83;48;2;115;116;140m▀[38;2;43;44;85;48;2;55;60;115m▀[38;2;98;64;89;48;2;35;39;80m▀[38;2;237;187;187;48;2;81;75;99m▀[38;2;246;195;194;48;2;127;117;144m▀[38;2;95;58;70;48;2;55;57;99m▀[38;2;225;217;223;48;2;87;108;140m▀[38;2;253;253;252;48;2;183;188;191m▀[38;2;253;253;253;48;2;229;228;226m▀[38;2;254;254;252;48;2;239;239;237m▀[48;2;253;254;252m▀[38;2;255;255;254;48;2;255;255;254m▀[38;2;254;254;247;48;2;252;252;242m▀[38;2;254;248;234;48;2;253;247;231m▀[38;2;254;247;231;48;2;254;247;231m▀[38;2;254;248;233;48;2;254;248;232m▀[38;2;255;247;234;48;2;255;248;233m▀[38;2;253;248;236;48;2;253;246;234m▀[38;2;188;184;172;48;2;198;193;181m▀[38;2;224;219;208;48;2;253;246;233m▀[38;2;254;247;234;48;2;253;248;233m▀[38;2;253;248;232;48;2;253;248;231m▀[38;2;253;247;229;48;2;253;247;232m▀[38;2;253;245;227;48;2;253;244;236m▀[38;2;246;234;226;48;2;180;135;126m▀[38;2;137;74;74;48;2;117;26;21m▀[38;2;103;13;10;48;2;148;87;83m▀[38;2;73;14;17;48;2;224;204;198m▀[38;2;114;78;77;48;2;254;248;236m▀[38;2;185;165;158;48;2;253;249;236m▀[38;2;233;217;208;48;2;254;247;235m▀[38;2;246;238;223;48;2;254;247;233m▀[38;2;247;239;224;48;2;253;246;232m▀[38;2;233;218;204;48;2;192;177;168m▀[38;2;148;98;96;48;2;115;61;63m▀[38;2;143;73;75;48;2;141;71;73m▀[38;2;222;132;131;48;2;224;134;132m▀[38;2;186;93;92;48;2;192;96;97m▀[38;2;217;117;119;48;2;217;117;119m▀[38;2;213;107;113;48;2;217;111;116m▀[38;2;214;106;111;48;2;216;107;113m▀[38;2;213;103;110;48;2;198;108;109m▀[38;2;165;77;90;48;2;147;112;111m▀[38;2;187;176;172;48;2;252;252;249m▀[38;2;188;173;173;48;2;184;165;167m▀[38;2;149;71;72;48;2;166;82;84m▀[38;2;205;99;106;48;2;208;103;108m▀[38;2;208;98;106;48;2;209;100;108m▀[38;2;193;96;108;48;2;160;94;101m▀[38;2;192;167;169;48;2;243;238;238m▀[38;2;252;254;254;48;2;254;251;254m▀[0m
[38;2;233;145;153;48;2;238;134;157m▀[38;2;205;192;204;48;2;232;159;178m▀[38;2;124;108;129;48;2;189;172;190m▀[38;2;129;111;133;48;2;127;109;132m▀[38;2;131;111;134;48;2;129;111;134m▀[38;2;131;111;136;48;2;123;105;129m▀[48;2;109;89;114m▀[38;2;123;103;131;48;2;99;79;105m▀[38;2;107;87;112;48;2;100;80;107m▀[38;2;101;81;106;48;2;101;81;106m▀[38;2;100;80;105;48;2;100;82;106m▀[38;2;100;81;103;48;2;100;82;104m▀[38;2;101;81;104;48;2;99;82;104m▀[38;2;105;83;102;48;2;103;84;102m▀[38;2;95;36;60;48;2;85;29;48m▀[38;2;113;38;61;48;2;106;38;57m▀[38;2;99;32;48;48;2;130;101;105m▀[38;2;147;63;82;48;2;134;87;94m▀[38;2;160;66;84;48;2;161;71;87m▀[38;2;166;69;87;48;2;173;74;91m▀[38;2;179;77;95;48;2;180;77;93m▀[38;2;149;61;73;48;2;179;88;99m▀[38;2;167;77;86;48;2;164;78;85m▀[38;2;178;83;91;48;2;201;109;114m▀[38;2;209;112;121;48;2;219;120;125m▀[38;2;127;47;49;48;2;190;113;111m▀[38;2;181;135;133;48;2;141;94;89m▀[38;2;253;251;248;48;2;246;242;239m▀[38;2;235;232;236;48;2;190;185;191m▀[38;2;117;125;144;48;2;73;83;104m▀[38;2;64;88;136;48;2;62;108;147m▀[38;2;91;128;186;48;2;123;187;239m▀[38;2;37;65;121;48;2;121;187;225m▀[38;2;37;62;115;48;2;98;167;199m▀[38;2;41;90;129;48;2;119;202;224m▀[38;2;121;207;234;48;2;122;215;237m▀[38;2;120;180;212;48;2;135;211;240m▀[38;2;50;35;48;48;2;45;45;52m▀[38;2;167;155;156;48;2;203;192;189m▀[38;2;251;254;250;48;2;253;253;246m▀[38;2;255;253;244;48;2;255;250;240m▀[38;2;254;249;230;48;2;253;248;229m▀[38;2;254;250;231;48;2;254;249;230m▀[38;2;254;249;230m▀[38;2;254;249;229m▀[38;2;254;249;230;48;2;254;249;229m▀[38;2;254;248;231m▀[38;2;255;249;233;48;2;255;250;231m▀[38;2;254;248;232;48;2;254;248;232m▀[38;2;254;249;231;48;2;254;249;231m▀[38;2;254;249;229;48;2;254;249;230m▀[38;2;254;249;230;48;2;254;249;227m▀[38;2;233;217;207;48;2;205;176;164m▀[38;2;126;58;58;48;2;230;212;204m▀[38;2;201;166;160;48;2;253;245;232m▀[38;2;254;246;232;48;2;253;248;230m▀[38;2;255;249;232;48;2;254;249;230m▀[38;2;254;248;231m▀[38;2;253;246;230;48;2;254;246;229m▀[38;2;252;247;230;48;2;252;243;226m▀[38;2;253;247;233;48;2;250;241;224m▀[38;2;215;209;198;48;2;231;221;210m▀[38;2;164;145;141;48;2;203;184;181m▀[38;2;99;44;46;48;2;93;35;36m▀[38;2;179;107;110;48;2;219;143;146m▀[38;2;219;129;130;48;2;193;105;107m▀[38;2;201;105;105;48;2;224;125;128m▀[38;2;216;118;118;48;2;220;120;123m▀[38;2;217;112;117;48;2;218;116;121m▀[38;2;212;109;117;48;2;125;55;57m▀[38;2;136;85;95;48;2;199;185;187m▀[38;2;241;240;235;48;2;249;253;249m▀[38;2;253;255;249;48;2;253;254;250m▀[38;2;173;147;148;48;2;165;132;132m▀[38;2;192;102;105;48;2;203;109;113m▀[38;2;213;101;109;48;2;214;101;109m▀[38;2;211;104;118;48;2;180;92;104m▀[38;2;170;130;136;48;2;226;210;213m▀[38;2;254;253;254;48;2;254;253;254m▀[38;2;254;253;253;48;2;254;253;253m▀[0m
[38;2;226;188;197;48;2;141;81;96m▀[38;2;227;128;152;48;2;234;189;196m▀[38;2;233;179;196;48;2;224;126;141m▀[38;2;165;146;166;48;2;239;186;204m▀[38;2;104;89;110;48;2;134;120;138m▀[38;2;98;81;103;48;2;95;80;102m▀[38;2;98;80;104;48;2;97;81;103m▀[38;2;100;80;105;48;2;99;81;103m▀[38;2;101;81;106;48;2;101;81;106m▀[38;2;100;82;106;48;2;100;82;106m▀[48;2;100;82;105m▀▀[48;2;100;82;106m▀[38;2;101;81;101;48;2;99;80;102m▀[38;2;117;80;89;48;2;206;193;194m▀[38;2;93;57;61;48;2;143;125;117m▀[38;2;244;237;228;48;2;206;174;154m▀[38;2;204;176;171;48;2;229;180;166m▀[38;2;135;64;71;48;2;152;101;96m▀[38;2;173;80;91;48;2;157;80;84m▀[38;2;181;81;96;48;2;183;85;97m▀[38;2;185;90;102;48;2;189;92;102m▀[38;2;172;85;90;48;2;196;105;111m▀[38;2;191;100;102;48;2;177;88;90m▀[38;2;220;121;125;48;2;215;120;121m▀[38;2;227;147;142;48;2;221;144;136m▀[38;2;187;143;140;48;2;187;137;129m▀[38;2;201;181;183;48;2;235;219;217m▀[38;2;252;251;252;48;2;233;219;223m▀[38;2;162;148;160;48;2;253;249;250m▀[38;2;82;100;134;48;2;157;142;151m▀[38;2;127;203;237;48;2;122;162;173m▀[38;2;133;213;235;48;2;152;230;237m▀[38;2;151;227;245;48;2;163;237;246m▀[38;2;157;235;250;48;2;177;231;248m▀[38;2;151;226;245;48;2;143;189;211m▀[38;2;119;170;199;48;2;92;105;118m▀[38;2;71;65;68;48;2;215;224;216m▀[38;2;249;248;236;48;2;253;249;234m▀[38;2;253;252;239;48;2;252;249;233m▀[38;2;254;249;235;48;2;253;247;232m▀[38;2;255;249;231;48;2;255;249;231m▀[38;2;254;249;230;48;2;252;248;231m▀[38;2;254;249;231m▀[38;2;254;249;230;48;2;254;248;232m▀[48;2;254;248;231m▀[38;2;254;249;229;48;2;254;249;229m▀[38;2;255;250;231;48;2;255;250;231m▀[38;2;254;249;230;48;2;254;249;230m▀[38;2;254;248;232;48;2;254;248;232m▀[38;2;254;249;231m▀[38;2;250;246;228m▀[38;2;244;238;220;48;2;254;250;232m▀[38;2;254;248;232;48;2;253;248;231m▀[38;2;253;248;228;48;2;254;249;229m▀[38;2;254;249;229;48;2;255;250;230m▀[38;2;254;247;230;48;2;251;249;230m▀[38;2;251;242;223;48;2;243;227;213m▀[38;2;250;234;218;48;2;248;229;215m▀[38;2;246;220;207;48;2;247;219;205m▀[38;2;253;230;216;48;2;252;227;214m▀[38;2;239;222;208;48;2;249;228;216m▀[38;2;162;130;131;48;2;130;94;93m▀[38;2;128;70;69;48;2;183;125;123m▀[38;2;229;154;155;48;2;186;115;115m▀[38;2;192;109;111;48;2;221;142;146m▀[38;2;222;127;129;48;2;199;120;124m▀[38;2;218;122;124;48;2;134;57;56m▀[38;2;125;60;57;48;2;154;79;82m▀[38;2;107;66;69;48;2;182;164;164m▀[38;2;251;250;248;48;2;255;255;253m▀[38;2;251;255;253;48;2;253;255;254m▀[38;2;254;253;250;48;2;247;244;243m▀[38;2;167;119;121;48;2;158;99;101m▀[38;2;211;106;112;48;2;209;106;113m▀[38;2;218;101;113;48;2;185;110;113m▀[38;2;178;133;140;48;2;232;223;223m▀[38;2;252;253;251;48;2;251;253;253m▀[38;2;255;254;252;48;2;255;255;253m▀[38;2;254;253;251;48;2;255;255;254m▀[0m
[38;2;146;48;73;48;2;139;54;74m▀[38;2;151;97;108;48;2;136;55;75m▀[38;2;235;190;197;48;2;168;113;127m▀[38;2;224;126;150;48;2;233;185;194m▀[38;2;235;194;208;48;2;232;122;144m▀[38;2;121;105;121;48;2;229;188;199m▀[38;2;98;81;98;48;2;105;78;83m▀[38;2;99;81;102;48;2;78;44;53m▀[38;2;97;83;104;48;2;84;57;72m▀[38;2;98;82;106;48;2;95;72;87m▀[38;2;100;82;103;48;2;98;78;92m▀[38;2;100;81;103;48;2;99;79;92m▀[38;2;100;82;103;48;2;87;69;78m▀[38;2;99;82;101;48;2;109;96;102m▀[38;2;226;221;224;48;2;250;248;248m▀[38;2;148;124;115;48;2;157;137;131m▀[38;2;251;196;173;48;2;239;190;167m▀[38;2;250;195;173;48;2;252;196;170m▀[38;2;197;158;138;48;2;220;174;151m▀[38;2;155;108;98;48;2;215;171;153m▀[38;2;180;87;92;48;2;151;95;91m▀[38;2;192;94;102;48;2;192;96;104m▀[38;2;201;104;109;48;2;202;106;109m▀[38;2;214;118;123;48;2;211;113;117m▀[38;2;178;92;94;48;2;224;131;135m▀[38;2;215;141;136;48;2;173;102;100m▀[38;2;230;160;153;48;2;215;158;147m▀[38;2;199;176;168;48;2;190;151;144m▀[38;2;254;245;235;48;2;243;233;220m▀[38;2;252;249;238;48;2;253;249;232m▀[38;2;252;248;245;48;2;252;250;234m▀[38;2;190;189;195;48;2;253;248;236m▀[38;2;119;143;148;48;2;236;230;222m▀[38;2;112;135;143;48;2;223;212;209m▀[38;2;79;79;84;48;2;244;231;219m▀[38;2;92;91;90;48;2;252;235;223m▀[38;2;180;173;163;48;2;250;230;218m▀[38;2;253;248;234;48;2;246;228;216m▀[38;2;254;248;232;48;2;255;245;230m▀[38;2;255;250;231;48;2;254;247;230m▀[38;2;254;249;229;48;2;254;249;229m▀[38;2;255;250;230;48;2;252;247;227m▀[38;2;252;248;229;48;2;252;246;228m▀[38;2;247;252;233;48;2;204;182;170m▀[38;2;249;249;232;48;2;200;156;142m▀[38;2;240;228;214;48;2;217;153;142m▀[38;2;232;219;206;48;2;219;156;146m▀[38;2;244;235;221;48;2;204;145;136m▀[38;2;252;248;232;48;2;174;144;136m▀[38;2;252;249;232;48;2;246;240;225m▀[38;2;254;248;232;48;2;253;247;231m▀[38;2;254;248;230;48;2;254;249;231m▀[38;2;253;248;229;48;2;254;249;229m▀▀[38;2;254;249;230;48;2;254;249;231m▀[38;2;255;250;231;48;2;254;248;231m▀[38;2;254;249;232;48;2;254;248;232m▀[38;2;254;247;231m▀[38;2;253;247;229;48;2;255;249;233m▀[38;2;253;245;227;48;2;254;248;232m▀[38;2;252;245;228;48;2;254;248;235m▀[38;2;254;247;232;48;2;224;219;208m▀[38;2;160;133;130;48;2;143;115;111m▀[38;2;184;136;134;48;2;133;85;87m▀[38;2;203;148;147;48;2;149;114;111m▀[38;2;236;204;199;48;2;220;171;175m▀[38;2;197;169;165;48;2;237;193;204m▀[38;2;201;129;128;48;2;163;110;109m▀[38;2;152;102;112;48;2;214;198;201m▀[38;2;248;246;244;48;2;254;254;252m▀[38;2;253;255;251;48;2;253;255;252m▀[38;2;253;255;252;48;2;253;255;254m▀[38;2;215;202;203;48;2;181;148;150m▀[38;2;189;97;104;48;2;218;142;143m▀[38;2;208;129;130;48;2;178;142;137m▀[38;2;193;175;173;48;2;252;247;248m▀[38;2;255;254;253;48;2;255;254;252m▀[38;2;255;255;255;48;2;255;254;254m▀[48;2;254;255;255m▀[38;2;254;255;254;48;2;252;255;254m▀[0m
[38;2;146;53;79;48;2;148;58;84m▀[38;2;146;55;80;48;2;101;48;61m▀[38;2;110;43;59;48;2;185;169;170m▀[38;2;211;197;196;48;2;253;253;249m▀[38;2;234;185;192;48;2;223;216;214m▀[38;2;222;130;150;48;2;235;183;196m▀[38;2;236;187;198;48;2;224;127;151m▀[38;2;145;90;103;48;2;239;188;199m▀[38;2;108;35;56;48;2;155;104;119m▀[38;2;89;31;50;48;2;116;41;64m▀[38;2;87;27;51;48;2;122;36;62m▀[38;2;84;27;44;48;2;121;41;63m▀[38;2;160;144;148;48;2;198;182;186m▀[38;2;249;247;247;48;2;254;253;253m▀[38;2;254;254;253;48;2;253;254;252m▀[38;2;236;232;227;48;2;254;254;251m▀[38;2;155;122;108;48;2;215;205;203m▀[38;2;249;199;170;48;2;155;117;103m▀[38;2;249;197;171;48;2;242;193;170m▀[38;2;218;172;153;48;2;249;198;172m▀[38;2;208;160;146;48;2;248;196;171m▀[38;2;147;91;85;48;2;237;192;172m▀[38;2;189;108;108;48;2;151;97;91m▀[38;2;212;114;117;48;2;194;113;115m▀[38;2;220;125;127;48;2;218;127;127m▀[38;2;226;142;142;48;2;229;137;137m▀[38;2;140;87;81;48;2;224;154;152m▀[38;2;200;153;148;48;2;159;131;121m▀[38;2;195;171;164;48;2;164;138;130m▀[38;2;253;246;233;48;2;207;194;182m▀[38;2;255;250;231;48;2;254;248;232m▀[38;2;253;248;229;48;2;253;248;229m▀[38;2;244;235;217;48;2;251;240;224m▀[38;2;248;224;208;48;2;241;218;203m▀[38;2;253;225;208;48;2;253;226;211m▀[38;2;237;210;194;48;2;251;226;212m▀[38;2;253;229;215;48;2;247;235;217m▀[38;2;242;221;208;48;2;251;242;225m▀[38;2;249;237;221;48;2;254;246;229m▀[38;2;254;247;229;48;2;254;247;229m▀[38;2;253;249;230;48;2;254;248;230m▀[38;2;252;247;229;48;2;209;201;184m▀[38;2;193;166;153;48;2;228;190;178m▀[38;2;236;168;154;48;2;252;193;178m▀[38;2;249;172;151;48;2;252;181;161m▀[38;2;252;171;150;48;2;252;171;150m▀[38;2;255;171;148;48;2;254;171;148m▀[38;2;254;172;150;48;2;254;171;146m▀[38;2;220;164;148;48;2;250;178;153m▀[38;2;153;114;107;48;2;201;150;137m▀[38;2;250;244;228;48;2;246;239;223m▀[38;2;253;248;232;48;2;253;248;232m▀[38;2;253;248;230;48;2;253;248;229m▀[38;2;254;249;230m▀▀[38;2;253;248;229m▀[38;2;254;248;232;48;2;254;249;230m▀[48;2;254;249;231m▀[38;2;254;249;233;48;2;254;249;236m▀[38;2;254;249;236;48;2;250;245;234m▀[38;2;211;205;194;48;2;231;225;215m▀[38;2;154;148;140;48;2;249;245;237m▀[38;2;234;227;222;48;2;244;244;236m▀[38;2;159;143;140;48;2;233;200;205m▀[38;2;230;194;194;48;2;221;149;164m▀[38;2;216;160;168;48;2;216;196;196m▀[38;2;201;171;177;48;2;157;143;144m▀[38;2;176;159;158;48;2;248;252;250m▀[38;2;254;255;250;48;2;254;254;252m▀[38;2;255;255;252;48;2;255;255;254m▀[38;2;252;254;253;48;2;254;254;253m▀[38;2;244;243;241;48;2;207;187;194m▀[38;2;194;142;132;48;2;190;151;149m▀[38;2;193;137;137;48;2;231;223;222m▀[38;2;240;236;233;48;2;253;254;253m▀[38;2;253;254;252;48;2;253;253;253m▀[38;2;255;255;255;48;2;255;255;255m▀▀▀▀[0m
[38;2;113;75;86;48;2;254;250;252m▀[38;2;216;209;210;48;2;253;253;253m▀[38;2;254;254;251;48;2;253;254;253m▀[38;2;253;253;249;48;2;241;237;236m▀[38;2;154;118;124;48;2;184;106;114m▀[38;2;159;110;121;48;2;218;120;127m▀[38;2;237;188;195;48;2;197;135;132m▀[38;2;228;124;143;48;2;240;193;197m▀[38;2;238;181;195;48;2;228;128;147m▀[38;2;183;140;150;48;2;236;163;169m▀[38;2;196;102;123;48;2;229;185;185m▀[38;2;153;71;89;48;2;137;98;101m▀[38;2;226;222;218;48;2;252;252;247m▀[38;2;255;255;252;48;2;254;254;251m▀[38;2;255;255;251;48;2;254;255;251m▀[38;2;254;254;250;48;2;246;243;240m▀[38;2;202;180;182;48;2;179;140;148m▀[38;2;157;95;104;48;2;194;144;154m▀[38;2;140;82;83;48;2;175;122;127m▀[38;2;146;96;90;48;2;154;107;110m▀[38;2;151;102;92;48;2;101;64;65m▀[38;2;137;93;84;48;2;92;56;60m▀[38;2;86;45;41;48;2;99;61;65m▀[38;2;87;44;42;48;2;120;81;83m▀[38;2;183;118;115;48;2;118;70;75m▀[38;2;227;138;136;48;2;158;91;95m▀[38;2;237;152;147;48;2;231;150;144m▀[38;2;214;157;147;48;2;231;167;153m▀[38;2;197;178;171;48;2;200;162;159m▀[38;2;187;171;162;48;2;210;203;190m▀[38;2;201;196;182;48;2;250;247;230m▀[38;2;251;246;230;48;2;251;246;231m▀[38;2;253;248;230;48;2;253;247;234m▀[38;2;251;245;227;48;2;254;247;234m▀[38;2;252;246;227;48;2;255;247;234m▀[38;2;254;248;229m▀[38;2;254;249;230;48;2;254;249;230m▀▀▀▀[38;2;249;248;229;48;2;235;224;210m▀[38;2;197;173;160;48;2;219;178;169m▀[38;2;252;202;190;48;2;254;202;189m▀[38;2;255;202;184;48;2;255;204;187m▀[38;2;254;200;180;48;2;254;201;184m▀[38;2;250;190;171;48;2;254;200;182m▀[38;2;249;175;152;48;2;251;197;178m▀[38;2;252;172;150;48;2;249;174;162m▀[38;2;253;172;155;48;2;239;171;152m▀[38;2;208;171;166;48;2;208;187;180m▀[38;2;255;249;234;48;2;255;249;234m▀[38;2;254;248;231;48;2;254;248;231m▀[38;2;253;248;229;48;2;253;248;229m▀▀▀[38;2;253;248;228;48;2;255;247;229m▀[38;2;254;249;230;48;2;254;247;229m▀[38;2;255;249;229;48;2;254;247;230m▀[38;2;255;249;237;48;2;253;248;238m▀[38;2;254;247;237;48;2;206;200;193m▀[38;2;249;242;232;48;2;188;173;168m▀[38;2;229;215;210;48;2;227;175;184m▀[38;2;238;194;202;48;2;224;157;173m▀[38;2;219;150;170;48;2;194;183;185m▀[38;2;213;198;201;48;2;177;165;166m▀[38;2;160;147;150;48;2;252;245;244m▀[38;2;249;252;250;48;2;235;202;200m▀[38;2;250;254;252;48;2;237;168;174m▀[38;2;252;253;254;48;2;243;216;225m▀[38;2;252;254;255;48;2;252;251;252m▀[38;2;244;243;242;48;2;197;195;193m▀[38;2;177;150;156;48;2;246;245;244m▀[38;2;234;229;229;48;2;254;254;253m▀[38;2;253;254;254;48;2;254;254;254m▀[38;2;255;255;255;48;2;255;255;255m▀[38;2;254;254;254m▀[38;2;255;255;255;48;2;254;254;254m▀[48;2;255;255;255m▀▀▀[0m
[38;2;253;254;253;48;2;252;249;250m▀[38;2;254;253;253;48;2;249;247;244m▀[38;2;252;253;254;48;2;239;202;205m▀[38;2;197;176;182;48;2;236;153;167m▀[38;2;213;125;136;48;2;243;194;200m▀[38;2;227;115;119;48;2;215;128;129m▀[38;2;205;103;108;48;2;214;104;111m▀[38;2;211;133;141;48;2;233;111;122m▀[38;2;243;196;204;48;2;210;120;124m▀[38;2;232;139;147;48;2;237;192;202m▀[38;2;234;144;152;48;2;231;162;178m▀[38;2;243;225;226;48;2;226;134;145m▀[38;2;252;253;250;48;2;240;206;213m▀[38;2;253;254;252;48;2;253;251;252m▀[38;2;254;254;252;48;2;254;253;253m▀[38;2;213;209;208;48;2;218;215;215m▀[38;2;241;239;237;48;2;228;226;225m▀[38;2;233;227;225;48;2;253;252;251m▀[38;2;219;196;201;48;2;254;251;254m▀[38;2;174;141;151;48;2;254;250;253m▀[38;2;93;61;69;48;2;232;226;226m▀[38;2;94;62;68;48;2;121;101;104m▀[38;2;96;63;66;48;2;94;63;66m▀[38;2;105;69;72;48;2;135;98;102m▀[38;2;132;91;97;48;2;118;79;84m▀[38;2;143;95;98;48;2;130;89;94m▀[38;2;129;77;73;48;2;139;98;101m▀[38;2;190;133;124;48;2;127;84;83m▀[38;2;234;181;173;48;2;138;89;87m▀[38;2;192;165;157;48;2;190;154;145m▀[38;2;162;150;138;48;2;195;169;162m▀[38;2;239;231;219;48;2;61;34;31m▀[38;2;254;248;235;48;2;104;89;82m▀[48;2;185;175;166m▀[48;2;247;240;229m▀[38;2;254;248;233;48;2;254;251;237m▀[38;2;255;249;232;48;2;254;251;234m▀[38;2;253;248;229;48;2;252;249;231m▀[38;2;254;248;230;48;2;253;249;231m▀[38;2;254;248;233;48;2;253;249;235m▀[38;2;226;209;198;48;2;236;219;211m▀[38;2;233;191;180;48;2;227;185;176m▀[38;2;254;201;188;48;2;253;203;188m▀[38;2;255;202;186;48;2;254;204;186m▀[38;2;254;201;183;48;2;255;203;185m▀[48;2;254;202;184m▀[38;2;251;204;186;48;2;253;198;184m▀[38;2;251;192;180;48;2;242;200;185m▀[38;2;204;153;139;48;2;194;174;161m▀[38;2;240;231;229;48;2;253;249;235m▀[38;2;253;250;235;48;2;253;250;235m▀[38;2;252;249;232;48;2;254;248;235m▀[38;2;253;249;232;48;2;254;248;234m▀[38;2;254;248;232;48;2;255;247;234m▀[48;2;244;237;226m▀[38;2;254;246;231;48;2;178;167;158m▀[38;2;254;245;232;48;2;87;73;66m▀[38;2;211;202;192;48;2;117;101;98m▀[38;2;130;118;115;48;2;228;193;199m▀[38;2;195;181;180;48;2;215;141;161m▀[38;2;223;157;171;48;2;239;200;209m▀[38;2;227;170;183;48;2;245;242;240m▀[38;2;201;194;193;48;2;251;250;248m▀[38;2;209;208;206;48;2;253;252;252m▀[38;2;252;253;251;48;2;252;254;252m▀[38;2;243;220;225;48;2;239;212;218m▀[38;2;228;143;156;48;2;240;137;155m▀[38;2;242;125;151;48;2;235;130;146m▀[38;2;226;139;162;48;2;245;120;143m▀[38;2;250;234;238;48;2;237;140;154m▀[38;2;236;192;200;48;2;247;115;135m▀[38;2;241;210;216;48;2;236;123;139m▀[38;2;254;253;252;48;2;247;237;237m▀[38;2;254;254;253;48;2;254;254;254m▀[38;2;255;255;255;48;2;255;255;255m▀▀▀▀▀▀[0m
[38;2;232;143;163;48;2;244;128;139m▀[38;2;242;191;199;48;2;241;131;145m▀[38;2;232;124;141;48;2;236;154;160m▀[38;2;248;119;139;48;2;243;123;142m▀[38;2;231;152;163;48;2;231;156;172m▀[38;2;217;155;154;48;2;197;137;141m▀[38;2;215;102;107;48;2;220;108;113m▀[38;2;230;114;118;48;2;217;111;115m▀[38;2;214;118;119;48;2;146;94;97m▀[38;2;137;90;96;48;2;231;224;227m▀[38;2;241;237;239;48;2;253;251;253m▀[38;2;237;191;203;48;2;194;187;191m▀[38;2;221;128;148;48;2;241;222;226m▀[38;2;230;166;185;48;2;233;154;168m▀[38;2;251;237;241;48;2;227;129;144m▀[38;2;247;245;243;48;2;235;191;192m▀[38;2;151;133;134;48;2;211;185;182m▀[38;2;194;170;174;48;2;203;141;156m▀[38;2;252;250;249;48;2;153;105;118m▀[38;2;250;254;251;48;2;197;172;177m▀[38;2;245;229;229;48;2;241;199;206m▀[38;2;238;200;204;48;2;251;192;202m▀[38;2;146;108;114;48;2;247;199;205m▀[38;2;130;89;93;48;2;167;127;133m▀[38;2;137;96;100;48;2;138;97;101m▀[38;2;127;86;90;48;2;141;100;104m▀[38;2;122;83;87;48;2;116;77;80m▀[38;2;136;97;99;48;2;111;74;74m▀[38;2;143;100;101;48;2;139;98;101m▀[38;2;119;82;79;48;2;123;81;81m▀[38;2;176;140;128;48;2;236;192;164m▀[38;2;166;133;119;48;2;249;198;169m▀[38;2;150;117;102;48;2;252;196;169m▀[38;2;153;117;107;48;2;251;194;170m▀[38;2;101;67;61;48;2;251;197;175m▀[38;2;106;84;80;48;2;230;187;167m▀[38;2;162;142;137;48;2;167;131;116m▀[38;2;213;197;190;48;2;51;14;9m▀[38;2;248;239;228;48;2;53;13;12m▀[38;2;253;249;235;48;2;78;44;41m▀[38;2;252;246;235;48;2;100;76;71m▀[38;2;224;195;190;48;2;123;97;94m▀[38;2;251;222;202;48;2;143;116;108m▀[38;2;250;219;200;48;2;159;133;127m▀[38;2;253;216;201;48;2;163;141;135m▀[38;2;254;215;202;48;2;162;140;135m▀[38;2;245;208;198;48;2;149;111;111m▀[38;2;192;170;158;48;2;143;117;115m▀[38;2;248;240;224;48;2;121;95;93m▀[38;2;254;246;234;48;2;95;65;66m▀[38;2;252;245;235;48;2;56;26;26m▀[38;2;224;213;205;48;2;71;39;41m▀[38;2;170;153;147;48;2;121;100;98m▀[38;2;114;85;83;48;2;176;167;163m▀[38;2;61;30;30;48;2;241;234;231m▀[38;2;106;86;85;48;2;240;195;202m▀[38;2;198;176;176;48;2;219;135;157m▀[38;2;229;166;178;48;2;233;184;192m▀[38;2;218;150;168;48;2;252;247;248m▀[38;2;247;226;234;48;2;254;253;252m▀[38;2;253;255;251;48;2;255;255;252m▀[38;2;253;255;253;48;2;255;255;254m▀[38;2;255;255;255;48;2;255;255;255m▀[38;2;254;254;254m▀[38;2;254;255;253;48;2;254;254;253m▀[38;2;251;242;242;48;2;254;253;250m▀[38;2;231;136;150;48;2;237;169;176m▀[38;2;242;144;156;48;2;245;125;142m▀[38;2;246;123;140;48;2;246;119;137m▀[38;2;242;142;151;48;2;238;129;141m▀[38;2;243;131;146;48;2;233;129;143m▀[38;2;241;121;142;48;2;237;192;192m▀[38;2;247;237;238;48;2;253;253;251m▀[38;2;253;254;254;48;2;252;254;254m▀[38;2;255;255;255;48;2;255;255;255m▀▀▀▀▀▀[0m
[38;2;239;150;154;48;2;248;119;133m▀[38;2;245;118;132;48;2;250;117;133m▀[38;2;246;135;148;48;2;247;120;135m▀[38;2;240;119;136;48;2;236;135;146m▀[38;2;241;190;200;48;2;220;198;204m▀[38;2;159;92;107;48;2;179;160;164m▀[38;2;150;86;89;48;2;242;241;239m▀[38;2;170;143;137;48;2;250;253;250m▀[38;2;247;244;240;48;2;253;253;251m▀[38;2;253;253;252;48;2;245;244;242m▀[38;2;229;225;226;48;2;123;102;107m▀[38;2;189;174;177;48;2;174;139;146m▀[38;2;251;248;244;48;2;212;174;184m▀[38;2;254;251;243;48;2;245;211;219m▀[38;2;239;206;204;48;2;249;237;238m▀[38;2;229;133;148;48;2;252;237;244m▀[38;2;228;145;160;48;2;234;182;197m▀[38;2;240;195;212;48;2;218;131;149m▀[38;2;217;178;189;48;2;230;151;170m▀[38;2;182;122;137;48;2;240;191;205m▀[38;2;170;110;122;48;2;230;188;198m▀[38;2;183;138;145;48;2;193;132;145m▀[38;2;242;196;204;48;2;148;98;107m▀[38;2;245;197;205;48;2;189;144;152m▀[38;2;169;130;136;48;2;243;199;206m▀[38;2;136;97;100;48;2;156;121;124m▀[38;2;134;99;103;48;2;133;98;102m▀[38;2;98;62;66;48;2;107;71;75m▀[38;2;122;81;85;48;2;98;60;65m▀[38;2;140;94;98;48;2;112;72;75m▀[38;2;159;114;111;48;2;122;81;80m▀[38;2;238;187;166;48;2;208;165;144m▀[38;2;254;195;168;48;2;199;154;124m▀[38;2;254;193;166;48;2;229;177;149m▀[38;2;254;193;165;48;2;254;192;164m▀[38;2;244;193;166;48;2;249;194;168m▀[38;2;161;123;105;48;2;237;194;169m▀[38;2;205;169;152;48;2;192;156;140m▀[38;2;83;46;44;48;2;98;62;63m▀[38;2;106;66;67;48;2;102;62;66m▀[38;2;94;56;57;48;2;113;73;76m▀[38;2;80;40;43;48;2;100;54;61m▀[38;2;96;54;56;48;2;147;89;99m▀[38;2;139;89;93;48;2;193;131;139m▀[38;2;84;35;37;48;2;176;120;127m▀[38;2;141;110;108;48;2;152;123;121m▀[38;2;141;119;122;48;2;249;247;246m▀[38;2;158;140;144;48;2;253;254;254m▀[38;2;177;161;161m▀[38;2;202;191;188;48;2;253;253;251m▀[38;2;236;232;229;48;2;252;246;246m▀[38;2;254;252;252;48;2;238;201;210m▀[38;2;254;248;251;48;2;221;144;158m▀[38;2;242;203;215;48;2;227;147;161m▀[38;2;221;142;155;48;2;242;212;220m▀[38;2;229;154;166;48;2;251;251;252m▀[38;2;247;230;234;48;2;252;253;252m▀[38;2;254;252;251;48;2;247;235;238m▀[38;2;254;254;252;48;2;249;244;245m▀[38;2;254;254;253;48;2;253;254;254m▀[38;2;255;255;255;48;2;255;255;255m▀▀▀▀▀▀[38;2;248;227;232;48;2;253;250;252m▀[38;2;236;126;140;48;2;236;200;211m▀[38;2;237;117;140;48;2;249;231;235m▀[38;2;232;157;169;48;2;254;251;249m▀[38;2;247;228;230;48;2;254;254;252m▀[38;2;253;252;251;48;2;253;254;252m▀[38;2;253;255;252;48;2;253;255;253m▀[38;2;253;255;253;48;2;253;255;254m▀[38;2;255;255;255;48;2;254;255;255m▀▀[48;2;255;255;255m▀▀▀▀[0m
[38;2;237;125;134;48;2;246;224;222m▀[38;2;250;118;135;48;2;235;157;171m▀[38;2;249;119;134;48;2;233;123;133m▀[38;2;243;174;189;48;2;240;191;199m▀[38;2;254;254;254;48;2;255;255;255m▀[38;2;255;255;255m▀[38;2;254;254;254m▀[48;2;254;254;254m▀[38;2;252;250;251;48;2;185;178;181m▀[38;2;132;114;120;48;2;187;175;179m▀[38;2;199;166;176;48;2;253;251;251m▀[38;2;242;206;217;48;2;253;252;251m▀[38;2;218;186;192;48;2;254;248;249m▀[38;2;192;163;168;48;2;248;237;236m▀[38;2;196;164;171;48;2;242;201;209m▀[38;2;192;169;172;48;2;249;192;207m▀[38;2;196;179;181;48;2;247;198;208m▀[38;2;216;190;193;48;2;229;180;191m▀[38;2;237;173;188;48;2;234;192;201m▀[38;2;224;132;152;48;2;247;223;222m▀[38;2;227;149;161;48;2;235;192;195m▀[38;2;239;195;194;48;2;225;146;159m▀[38;2;220;191;192;48;2;220;127;150m▀[38;2;213;164;174;48;2;232;164;182m▀[38;2;163;111;119;48;2;242;196;206m▀[38;2;197;166;167;48;2;203;179;180m▀[38;2;136;109;110;48;2;148;121;123m▀[38;2;99;68;71;48;2;121;92;94m▀[38;2;82;50;52;48;2;114;80;86m▀[38;2;88;55;58;48;2;116;80;83m▀[38;2;109;80;79;48;2;127;88;93m▀[38;2;153;127;124;48;2;145;134;160m▀[38;2;239;189;172;48;2;142;133;138m▀[38;2;248;192;170;48;2;218;182;162m▀[38;2;251;192;164;48;2;251;198;169m▀[38;2;251;193;162;48;2;251;195;166m▀[38;2;229;185;151;48;2;197;169;149m▀[38;2;177;150;147;48;2;184;169;178m▀[38;2;123;97;103;48;2;137;117;126m▀[38;2;98;58;67;48;2;89;51;61m▀[38;2;112;70;78;48;2;127;86;95m▀[38;2;92;47;54;48;2;113;76;82m▀[38;2;179;125;135;48;2;195;161;166m▀[38;2;164;108;119;48;2;172;140;143m▀[38;2;190;128;137;48;2;241;228;224m▀[38;2;205;162;170;48;2;247;225;221m▀[38;2;188;181;180;48;2;232;185;185m▀[38;2;253;249;248;48;2;226;141;153m▀[38;2;248;227;229;48;2;224;131;153m▀[38;2;229;179;190;48;2;234;173;188m▀[38;2;219;134;148;48;2;248;226;231m▀[38;2;223;154;166;48;2;253;252;251m▀[38;2;243;214;215;48;2;253;254;251m▀[38;2;253;251;248;48;2;253;255;252m▀[38;2;255;255;253;48;2;255;255;253m▀[38;2;255;255;255;48;2;255;255;255m▀[38;2;252;244;243;48;2;247;226;231m▀[38;2;223;138;148;48;2;238;131;148m▀[38;2;231;159;176;48;2;241;129;141m▀[38;2;249;232;236;48;2;232;140;148m▀[38;2;249;236;238;48;2;222;139;145m▀[38;2;252;253;254;48;2;252;241;244m▀[38;2;252;255;254;48;2;255;255;255m▀[38;2;255;255;255m▀▀▀▀[38;2;254;254;253;48;2;255;255;254m▀[38;2;255;255;253;48;2;255;255;253m▀▀[38;2;255;255;255;48;2;255;255;255m▀▀[38;2;253;255;254m▀▀[38;2;252;254;253;48;2;252;243;246m▀[38;2;253;253;254;48;2;229;162;184m▀[38;2;254;252;254;48;2;243;223;231m▀[48;2;250;253;254m▀[38;2;255;255;255;48;2;255;255;255m▀▀[0m
[38;2;254;252;253;48;2;254;254;254m▀[38;2;254;253;254;48;2;254;255;254m▀[38;2;249;233;239;48;2;253;254;254m▀[38;2;243;230;234m▀[38;2;253;255;254;48;2;255;255;254m▀[38;2;255;255;255;48;2;255;255;253m▀[38;2;255;255;254;48;2;254;254;253m▀[38;2;251;251;251;48;2;248;247;247m▀[38;2;152;143;147;48;2;183;173;177m▀[38;2;253;252;253;48;2;253;253;253m▀[38;2;252;253;252;48;2;253;252;251m▀[38;2;249;238;238;48;2;243;226;226m▀[38;2;236;207;212;48;2;234;180;189m▀[38;2;224;162;176;48;2;236;157;175m▀[38;2;247;216;224;48;2;240;204;214m▀[38;2;247;189;206;48;2;250;240;243m▀[38;2;243;209;216;48;2;253;252;251m▀[38;2;250;231;234;48;2;251;238;241m▀[38;2;254;246;245;48;2;232;190;200m▀[38;2;255;249;248;48;2;231;186;196m▀[38;2;253;243;244;48;2;250;195;208m▀[38;2;249;226;231;48;2;249;192;206m▀[38;2;246;212;220;48;2;250;191;206m▀[38;2;235;183;195;48;2;241;197;206m▀[38;2;229;146;165;48;2;173;136;142m▀[38;2;236;191;198;48;2;219;211;209m▀[38;2;125;105;104;48;2;160;139;139m▀[38;2;139;111;115;48;2;179;159;160m▀[38;2;117;85;90;48;2;245;231;234m▀[38;2;140;101;108;48;2;154;136;138m▀[38;2;138;97;101;48;2;137;98;102m▀[38;2;129;115;135;48;2;135;115;124m▀[38;2;161;172;209;48;2;138;140;148m▀[38;2;127;111;122;48;2;217;216;218m▀[38;2;183;152;150;48;2;233;226;221m▀[38;2;160;133;135;48;2;217;208;207m▀[38;2;175;182;179;48;2;157;149;152m▀[38;2;234;241;246;48;2;237;230;236m▀[38;2;134;116;122;48;2;184;170;174m▀[38;2;157;137;140;48;2;222;169;182m▀[38;2;186;163;166;48;2;215;142;161m▀[38;2;220;195;196;48;2;216;143;159m▀[38;2;242;197;200;48;2;230;163;173m▀[38;2;234;167;176;48;2;238;191;196m▀[38;2;225;133;152;48;2;249;226;234m▀[38;2;229;135;154;48;2;241;219;228m▀[38;2;235;173;186;48;2;241;208;214m▀[38;2;228;192;201;48;2;232;204;210m▀[38;2;252;242;245;48;2;244;230;233m▀[38;2;253;252;253;48;2;252;254;252m▀[38;2;254;255;254;48;2;254;255;254m▀[38;2;255;255;255;48;2;255;255;255m▀[38;2;254;254;254;48;2;254;254;254m▀[38;2;255;255;254;48;2;255;255;255m▀[38;2;254;255;254;48;2;254;255;254m▀[38;2;253;255;253;48;2;253;255;253m▀[38;2;250;231;235;48;2;251;235;240m▀[38;2;235;123;142;48;2;229;125;147m▀[38;2;250;122;136;48;2;232;156;168m▀[38;2;236;123;134;48;2;242;217;216m▀[38;2;239;182;196;48;2;253;251;249m▀[38;2;253;251;252;48;2;254;253;254m▀[38;2;255;255;255;48;2;255;255;255m▀▀▀▀▀▀[38;2;255;255;253;48;2;255;255;254m▀▀[38;2;254;254;252;48;2;252;243;244m▀[38;2;253;254;254;48;2;240;192;202m▀[38;2;253;245;248;48;2;221;140;157m▀[38;2;242;201;213;48;2;231;144;160m▀[38;2;225;138;149;48;2;241;200;208m▀[38;2;230;143;152;48;2;253;249;246m▀[38;2;244;230;234;48;2;251;254;251m▀[38;2;250;254;254;48;2;254;254;254m▀[38;2;254;255;255;48;2;254;255;255m▀[38;2;255;255;255;48;2;255;255;255m▀[0m
[38;2;252;254;255;48;2;251;254;255m▀[38;2;254;255;254;48;2;253;255;254m▀[38;2;255;255;253;48;2;255;255;253m▀▀[38;2;255;255;254;48;2;255;255;254m▀[38;2;255;255;255;48;2;255;255;255m▀[48;2;254;255;255m▀[48;2;254;255;254m▀[38;2;209;206;207;48;2;253;252;253m▀[38;2;216;215;216;48;2;191;191;190m▀[38;2;241;216;221;48;2;222;218;213m▀[38;2;221;127;138;48;2;237;193;190m▀[38;2;237;123;134;48;2;235;161;174m▀[38;2;246;133;148;48;2;236;166;180m▀[38;2;242;184;198;48;2;237;206;215m▀[38;2;253;252;250;48;2;251;253;251m▀[38;2;252;254;252;48;2;252;254;253m▀[38;2;236;209;217;48;2;207;178;185m▀[38;2;218;143;161;48;2;214;139;156m▀[38;2;233;159;174;48;2;243;171;185m▀[38;2;254;190;203;48;2;234;158;172m▀[38;2;232;167;179;48;2;217;140;152m▀[38;2;219;142;158;48;2;181;117;127m▀[38;2;182;107;122;48;2;215;159;167m▀[38;2;217;160;169;48;2;143;110;110m▀[38;2;159;121;124;48;2;170;153;147m▀[38;2;124;104;102;48;2;238;233;227m▀[38;2;240;233;231;48;2;142;130;128m▀[38;2;166;150;153;48;2;222;213;213m▀[38;2;197;169;175;48;2;207;118;145m▀[38;2;153;120;122;48;2;221;146;167m▀[38;2;152;123;128;48;2;211;137;160m▀[38;2;187;173;174;48;2;203;121;143m▀[38;2;98;82;83;48;2;219;188;194m▀[38;2;129;115;112;48;2;86;67;67m▀[38;2;176;166;162;48;2;212;201;199m▀[38;2;228;221;219;48;2;254;246;240m▀[38;2;111;100;100;48;2;237;231;223m▀[38;2;150;132;133;48;2;182;169;167m▀[38;2;214;193;196;48;2;197;173;176m▀[38;2;250;219;225;48;2;210;167;176m▀[38;2;236;204;210;48;2;240;184;196m▀[38;2;218;193;197;48;2;212;149;164m▀[38;2;214;202;204;48;2;208;185;189m▀[38;2;254;255;254;48;2;255;255;253m▀[38;2;251;248;250;48;2;254;255;254m▀[38;2;248;221;232;48;2;252;252;253m▀[38;2;229;168;177;48;2;237;177;186m▀[38;2;227;166;174;48;2;238;132;158m▀[38;2;246;236;234;48;2;222;137;159m▀[38;2;251;252;250;48;2;234;204;212m▀[38;2;252;254;254;48;2;251;253;253m▀[38;2;255;254;253;48;2;254;254;253m▀[38;2;254;254;254;48;2;254;254;254m▀[38;2;255;255;254;48;2;254;255;254m▀[38;2;255;255;253m▀[38;2;254;252;251;48;2;254;254;252m▀[38;2;247;242;240;48;2;254;253;252m▀[38;2;254;253;253;48;2;254;254;254m▀[38;2;254;255;255;48;2;252;255;254m▀[38;2;255;255;255;48;2;255;255;255m▀▀▀▀[38;2;254;255;255;48;2;253;254;254m▀[38;2;254;254;254;48;2;251;243;244m▀[48;2;243;205;210m▀[38;2;254;251;252;48;2;227;151;165m▀[38;2;249;231;237;48;2;226;136;148m▀[38;2;236;179;194;48;2;235;182;192m▀[38;2;222;134;150;48;2;250;233;236m▀[38;2;231;158;173;48;2;253;251;251m▀[38;2;245;214;218;48;2;252;254;253m▀[38;2;249;249;246;48;2;250;254;252m▀[38;2;253;255;252;48;2;252;255;252m▀[38;2;254;255;252;48;2;254;255;253m▀[38;2;254;255;254;48;2;254;255;254m▀[38;2;254;255;255;48;2;254;255;255m▀[38;2;255;255;255;48;2;255;255;255m▀▀[0m
[38;2;253;253;254;48;2;248;233;238m▀[38;2;253;254;255;48;2;253;246;251m▀[38;2;255;255;254;48;2;254;253;254m▀[48;2;255;254;254m▀[38;2;253;253;251;48;2;253;253;251m▀[38;2;254;254;252;48;2;199;193;193m▀[38;2;253;253;251;48;2;176;168;168m▀[38;2;254;254;252;48;2;178;168;169m▀[48;2;172;162;163m▀[38;2;253;254;250;48;2;169;158;159m▀[38;2;188;183;179;48;2;166;145;146m▀[38;2;207;186;184;48;2;113;75;81m▀[38;2;246;212;221;48;2;181;134;146m▀[38;2;246;213;224;48;2;246;196;211m▀[38;2;254;253;253;48;2;251;246;247m▀[38;2;254;253;251;48;2;255;254;253m▀[38;2;254;254;252;48;2;254;254;252m▀[38;2;238;201;209;48;2;245;207;215m▀[38;2;199;124;140;48;2;242;173;188m▀[38;2;248;179;190;48;2;205;135;145m▀[38;2;223;146;156;48;2;228;155;166m▀[38;2;192;118;127;48;2;198;126;134m▀[38;2;206;155;159;48;2;190;164;161m▀[38;2;180;157;152;48;2;252;247;233m▀[38;2;249;243;233;48;2;253;247;234m▀[38;2;252;246;234;48;2;254;247;232m▀[38;2;217;214;206;48;2;211;206;196m▀[38;2;241;233;231;48;2;220;215;209m▀[38;2;205;176;184;48;2;232;222;219m▀[38;2;221;100;140;48;2;209;150;167m▀[38;2;230;66;121;48;2;226;68;122m▀[38;2;228;65;119;48;2;233;75;129m▀[38;2;221;104;139;48;2;201;127;150m▀[38;2;184;130;142;48;2;210;194;194m▀[38;2;192;179;178;48;2;241;232;228m▀[38;2;219;210;204;48;2;196;183;176m▀[38;2;229;222;213;48;2;254;244;235m▀[38;2;252;246;236;48;2;253;247;235m▀[38;2;236;228;222;48;2;253;244;237m▀[38;2;199;177;178;48;2;187;164;163m▀[38;2;204;162;171;48;2;245;218;222m▀[38;2;227;182;192;48;2;197;139;153m▀[38;2;218;146;164;48;2;206;137;156m▀[38;2;216;192;196;48;2;241;214;221m▀[38;2;254;255;253;48;2;254;253;251m▀[38;2;255;255;255;48;2;254;254;254m▀[38;2;253;254;254;48;2;253;254;254m▀[38;2;234;204;212;48;2;252;251;252m▀[38;2;234;165;182;48;2;217;195;200m▀[38;2;241;195;207;48;2;178;169;170m▀[38;2;252;248;246;48;2;254;253;253m▀[38;2;252;253;252;48;2;254;253;254m▀[38;2;254;254;254;48;2;255;252;253m▀[38;2;254;255;255;48;2;255;253;254m▀[38;2;254;255;254;48;2;254;253;254m▀[38;2;254;255;255;48;2;254;253;253m▀[38;2;253;254;254;48;2;254;252;253m▀[38;2;254;255;254;48;2;254;248;250m▀[38;2;254;254;254;48;2;247;228;235m▀[38;2;254;254;253;48;2;243;197;210m▀[38;2;253;254;253;48;2;236;172;183m▀[38;2;254;252;252;48;2;223;142;157m▀[38;2;250;237;239;48;2;223;139;154m▀[38;2;238;199;210;48;2;228;169;177m▀[38;2;227;158;167;48;2;241;211;214m▀[38;2;217;136;147;48;2;253;244;242m▀[38;2;231;163;172;48;2;253;253;251m▀[38;2;245;208;211;48;2;254;254;253m▀[38;2;254;249;250;48;2;254;255;255m▀[38;2;254;254;254;48;2;254;254;254m▀▀▀[48;2;255;255;255m▀[38;2;255;255;253m▀[48;2;255;255;253m▀▀[38;2;255;255;255;48;2;255;255;255m▀▀▀▀[0m
[38;2;220;127;141;48;2;251;240;241m▀[38;2;227;134;148;48;2;224;189;197m▀[38;2;233;162;176;48;2;243;189;199m▀[38;2;241;187;196;48;2;237;166;178m▀[38;2;240;206;212;48;2;228;142;153m▀[38;2;231;210;211;48;2;226;127;146m▀[38;2;248;238;239;48;2;228;126;147m▀[38;2;251;251;251;48;2;226;142;157m▀[38;2;254;253;253;48;2;231;162;173m▀[38;2;254;254;253;48;2;238;175;185m▀[38;2;253;250;253;48;2;243;193;202m▀[38;2;243;198;215;48;2;246;203;210m▀[38;2;196;147;162;48;2;243;213;216m▀[38;2;152;107;118;48;2;238;212;216m▀[38;2;230;210;215;48;2;210;186;187m▀[38;2;252;251;251;48;2;237;226;225m▀[38;2;253;253;254;48;2;253;238;244m▀[38;2;248;217;226;48;2;252;233;238m▀[38;2;246;192;203;48;2;242;208;215m▀[38;2;235;178;186;48;2;226;157;171m▀[38;2;201;128;140;48;2;220;140;154m▀[38;2;185;115;124;48;2;172;98;108m▀[38;2;193;170;164;48;2;176;122;128m▀[38;2;252;246;234;48;2;211;184;179m▀[38;2;250;247;234;48;2;189;169;163m▀[38;2;216;209;198;48;2;229;201;198m▀[38;2;231;222;208;48;2;170;140;136m▀[38;2;153;141;131;48;2;156;122;120m▀[38;2;225;216;210;48;2;160;125;128m▀[38;2;209;196;194;48;2;175;150;155m▀[38;2;216;159;179;48;2;130;109;120m▀[38;2;206;145;166;48;2;139;124;133m▀[38;2;209;183;189;48;2;158;145;146m▀[38;2;246;236;234;48;2;95;65;67m▀[38;2;144;126;120;48;2;126;96;95m▀[38;2;227;209;202;48;2;125;99;91m▀[38;2;218;204;196;48;2;217;186;171m▀[38;2;253;242;233;48;2;198;165;152m▀[38;2;248;241;235;48;2;142;109;109m▀[38;2;169;140;142;48;2;218;195;194m▀[38;2;249;232;233;48;2;221;179;188m▀[38;2;196;171;175;48;2;223;139;157m▀[38;2;230;202;207;48;2;232;131;150m▀[38;2;250;230;237;48;2;228;136;151m▀[38;2;253;250;251;48;2;223;145;151m▀[38;2;255;251;253;48;2;227;149;158m▀[38;2;254;252;253;48;2;227;150;160m▀[38;2;252;247;249;48;2;226;151;161m▀[38;2;170;156;161;48;2;226;145;157m▀[38;2;248;244;244;48;2;229;137;150m▀[38;2;254;246;246;48;2;223;128;140m▀[38;2;253;240;240;48;2;225;130;140m▀[38;2;250;228;230;48;2;226;137;157m▀[38;2;244;207;212;48;2;232;155;173m▀[38;2;240;187;195;48;2;234;176;191m▀[38;2;233;166;178;48;2;241;197;208m▀[38;2;224;144;157;48;2;249;218;226m▀[38;2;222;131;149;48;2;253;240;244m▀[38;2;225;141;158;48;2;254;250;251m▀[38;2;231;163;176;48;2;252;253;251m▀[38;2;241;191;205;48;2;252;254;253m▀[38;2;250;227;233;48;2;252;254;252m▀[38;2;254;248;248;48;2;254;253;251m▀[38;2;254;253;251m▀[38;2;254;254;254;48;2;254;254;254m▀[38;2;255;255;255;48;2;255;255;255m▀[38;2;254;254;254;48;2;254;254;254m▀[38;2;255;255;255;48;2;255;255;255m▀[48;2;254;254;254m▀[38;2;254;254;254m▀[38;2;255;255;254;48;2;254;255;252m▀[38;2;254;255;254;48;2;252;255;252m▀[38;2;255;255;255;48;2;255;255;255m▀▀▀[38;2;255;255;253;48;2;255;255;253m▀[38;2;255;255;255;48;2;255;255;255m▀▀▀▀[0m
[38;2;205;196;196;48;2;186;176;174m▀[38;2;204;166;175;48;2;235;194;204m▀[38;2;253;240;247;48;2;252;236;244m▀[38;2;210;178;180;48;2;200;144;154m▀[38;2;236;203;208;48;2;238;175;192m▀[38;2;249;218;225;48;2;253;188;207m▀[38;2;248;220;225;48;2;247;219;226m▀[38;2;244;212;217;48;2;252;254;255m▀[38;2;242;193;203;48;2;254;254;255m▀[38;2;235;179;185;48;2;253;253;254m▀[38;2;237;164;174;48;2;253;253;252m▀[38;2;234;145;159;48;2;250;237;239m▀[38;2;230;134;149;48;2;243;215;221m▀[38;2;223;127;140;48;2;249;216;225m▀[38;2;230;124;144;48;2;253;213;223m▀[38;2;228;126;143;48;2;251;216;225m▀[38;2;228;127;142;48;2;249;222;228m▀[38;2;219;123;137;48;2;252;232;235m▀[38;2;232;187;195;48;2;218;198;200m▀[38;2;221;160;170;48;2;156;101;109m▀[38;2;228;141;157;48;2;176;109;122m▀[38;2;226;140;155;48;2;181;114;126m▀[38;2;196;123;135;48;2;158;96;107m▀[38;2;176;131;134;48;2;131;74;83m▀[38;2;125;83;85;48;2;179;114;124m▀[38;2;141;94;99;48;2;231;168;179m▀[38;2;208;158;164;48;2;248;188;198m▀[38;2;249;193;203;48;2;247;192;203m▀[38;2;250;194;204;48;2;217;179;185m▀[38;2;195;165;173;48;2;163;145;152m▀[38;2;145;139;149;48;2;170;175;190m▀[38;2;171;177;184;48;2;145;140;158m▀[38;2;101;80;91;48;2;96;80;100m▀[38;2;103;78;87;48;2;135;124;141m▀[38;2;136;119;130;48;2;145;136;149m▀[38;2;114;93;95;48;2;153;114;122m▀[38;2;101;63;65;48;2;175;118;130m▀[38;2;75;35;35;48;2;197;181;180m▀[38;2;156;115;118;48;2;228;222;219m▀[38;2;168;125;132;48;2;97;56;62m▀[38;2;209;173;181;48;2;151;118;125m▀[38;2;243;207;216;48;2;164;129;137m▀[38;2;252;224;229;48;2;155;126;134m▀[38;2;239;211;213;48;2;158;134;140m▀[38;2;222;191;195;48;2;199;193;192m▀[38;2;226;197;203;48;2;243;240;240m▀[38;2;243;215;224;48;2;254;254;254m▀[38;2;246;219;228;48;2;252;254;251m▀[38;2;247;224;230;48;2;252;254;252m▀[38;2;252;231;236m▀[38;2;254;241;246;48;2;252;254;254m▀[38;2;254;246;251;48;2;254;254;254m▀[38;2;254;252;255;48;2;254;255;255m▀[38;2;254;253;255;48;2;255;254;254m▀[38;2;254;254;254;48;2;254;255;255m▀[38;2;253;255;254;48;2;252;255;254m▀[38;2;255;255;253;48;2;255;255;253m▀▀[38;2;255;255;252m▀[38;2;255;255;253;48;2;255;255;255m▀[38;2;255;255;255m▀▀[38;2;254;254;254m▀▀[38;2;255;255;255m▀▀▀▀▀▀▀▀▀▀▀▀▀▀▀▀[0m
[38;2;191;173;174;48;2;203;188;188m▀[38;2;236;192;202;48;2;226;182;192m▀[38;2;253;239;246;48;2;253;240;245m▀[38;2;201;144;154;48;2;209;149;162m▀[38;2;237;176;187;48;2;229;168;178m▀[38;2;253;191;205;48;2;253;191;204m▀[38;2;246;210;215;48;2;226;185;192m▀[38;2;219;212;209;48;2;187;151;158m▀[38;2;177;150;153;48;2;249;195;206m▀[38;2;200;172;176;48;2;249;193;206m▀[38;2;203;185;188;48;2;250;193;207m▀[38;2;227;206;209;48;2;232;180;194m▀[38;2;246;194;207;48;2;206;160;171m▀[38;2;250;191;205;48;2;205;158;168m▀[38;2;252;191;206;48;2;219;170;179m▀[38;2;252;190;206;48;2;246;195;204m▀[38;2;251;194;208;48;2;253;192;206m▀[38;2;250;240;241;48;2;247;210;219m▀[38;2;254;252;250;48;2;254;253;251m▀[38;2;241;236;236;48;2;254;254;253m▀[38;2;196;170;175;48;2;250;244;246m▀[38;2;192;146;154;48;2;217;187;195m▀[38;2;219;167;176;48;2;231;182;194m▀[38;2;225;167;177;48;2;227;180;191m▀[38;2;216;148;160;48;2;234;196;199m▀[38;2;207;138;151;48;2;237;205;209m▀[38;2;209;141;153;48;2;202;159;167m▀[38;2;214;155;165;48;2;149;111;120m▀[38;2;170;141;148;48;2;134;120;136m▀[38;2;161;146;166;48;2;143;144;173m▀[38;2;152;146;169;48;2;177;188;207m▀[38;2;79;72;85;48;2;183;195;200m▀[38;2;142;131;144;48;2;193;200;206m▀[38;2;74;63;78;48;2;171;179;185m▀[38;2;108;92;106;48;2;179;177;185m▀[38;2;174;136;144;48;2;137;126;125m▀[38;2;202;168;176;48;2;243;241;240m▀[38;2;251;251;248;48;2;252;252;249m▀[38;2;225;214;213;48;2;186;158;162m▀[38;2;195;130;145;48;2;192;141;153m▀[38;2;133;107;111;48;2;175;146;151m▀[38;2;252;249;249;48;2;177;170;169m▀[38;2;252;254;253;48;2;251;253;252m▀[38;2;253;254;254;48;2;253;254;254m▀[38;2;254;254;254;48;2;254;254;254m▀[38;2;254;253;251;48;2;254;253;251m▀[38;2;255;255;253;48;2;255;255;253m▀[38;2;255;255;254;48;2;254;254;253m▀[38;2;255;255;253;48;2;255;255;253m▀▀[38;2;253;255;254;48;2;253;255;252m▀[38;2;255;255;255;48;2;255;255;253m▀[48;2;255;255;255m▀[38;2;254;254;254;48;2;254;254;254m▀[38;2;254;255;255;48;2;254;255;255m▀[38;2;253;255;254;48;2;253;255;254m▀[38;2;255;255;253;48;2;255;255;253m▀[38;2;255;255;255;48;2;255;255;255m▀▀▀▀▀▀▀▀▀▀▀▀▀▀▀▀▀▀▀▀▀▀▀[0m
[38;2;218;210;209;48;2;243;239;237m▀[38;2;204;166;175;48;2;185;148;156m▀[38;2;252;240;243;48;2;250;231;237m▀[38;2;220;164;175;48;2;234;190;199m▀[38;2;215;159;166;48;2;201;147;157m▀[38;2;250;192;202;48;2;242;187;198m▀[38;2;194;143;154;48;2;204;147;160m▀[38;2;248;193;207;48;2;254;191;207m▀[38;2;253;190;206;48;2;254;192;205m▀[38;2;254;191;207;48;2;255;192;205m▀[38;2;253;189;205;48;2;253;190;205m▀[38;2;248;200;212;48;2;250;208;219m▀[38;2;244;204;215;48;2;246;228;233m▀[38;2;245;211;219;48;2;245;222;229m▀[38;2;226;180;190;48;2;251;194;207m▀[38;2;196;150;160;48;2;253;195;206m▀[38;2;201;150;162;48;2;239;186;197m▀[38;2;244;193;205;48;2;195;146;155m▀[38;2;248;222;227;48;2;208;164;172m▀[38;2;254;251;250;48;2;238;211;215m▀[38;2;253;253;252;48;2;250;238;240m▀[38;2;237;221;226;48;2;253;249;251m▀[38;2;222;185;194;48;2;235;216;222m▀[38;2;221;186;194;48;2;224;200;204m▀[38;2;219;190;193;48;2;215;192;197m▀[38;2;242;226;228;48;2;205;182;188m▀[38;2;189;176;177;48;2;152;137;143m▀[38;2;158;158;160;48;2;203;201;207m▀[38;2;174;184;194;48;2;203;213;222m▀[38;2;200;213;222;48;2;232;241;252m▀[38;2;228;241;254;48;2;231;241;252m▀[38;2;230;240;250;48;2;194;200;212m▀[38;2;162;169;181;48;2;157;149;172m▀[38;2;238;244;250;48;2;127;118;132m▀[38;2;202;197;202;48;2;73;61;70m▀[38;2;139;129;131;48;2;84;68;72m▀[38;2;206;186;192;48;2;190;165;170m▀[38;2;246;205;216;48;2;217;169;181m▀[38;2;203;151;164;48;2;195;145;157m▀[38;2;251;198;211;48;2;250;195;209m▀[38;2;247;228;231;48;2;244;202;212m▀[38;2;130;115;117;48;2;165;138;143m▀[38;2;251;251;250;48;2;240;236;235m▀[38;2;254;254;254;48;2;253;254;252m▀[38;2;255;255;253;48;2;254;254;253m▀[38;2;255;255;255;48;2;255;255;255m▀▀▀▀▀▀▀▀▀▀▀▀▀▀▀▀▀▀▀▀▀▀▀▀▀▀▀▀▀▀▀▀▀▀▀[0m
[38;2;252;251;248;48;2;253;253;251m▀[38;2;179;146;155;48;2;185;157;166m▀[38;2;249;222;231;48;2;244;204;217m▀[38;2;247;217;227;48;2;249;233;239m▀[38;2;188;133;148;48;2;191;136;152m▀[38;2;252;196;208;48;2;254;195;209m▀[38;2;192;133;143;48;2;242;181;192m▀[38;2;229;152;166;48;2;201;123;137m▀[38;2;239;170;181;48;2;232;150;164m▀[38;2;253;187;197;48;2;231;150;164m▀[38;2;253;192;200;48;2;236;161;174m▀[38;2;249;207;213;48;2;242;179;189m▀[38;2;246;229;229;48;2;243;186;196m▀[38;2;248;227;230;48;2;237;182;193m▀[38;2;247;197;205;48;2;231;166;176m▀[38;2;254;187;198;48;2;231;149;165m▀[38;2;242;171;183;48;2;233;145;163m▀[38;2;231;157;170;48;2;228;142;159m▀[38;2;210;137;151;48;2;192;124;135m▀[38;2;193;142;150;48;2;212;166;171m▀[38;2;247;195;204;48;2;249;194;204m▀[38;2;246;209;216;48;2;254;190;206m▀[38;2;251;237;238;48;2;249;190;205m▀[38;2;254;252;252;48;2;248;209;220m▀[38;2;253;249;251;48;2;239;226;231m▀[38;2;194;179;187;48;2;146;130;141m▀[38;2;104;90;102;48;2;70;59;75m▀[38;2;99;90;102;48;2;74;61;78m▀[38;2;156;147;159;48;2;74;61;79m▀[38;2;108;98;114;48;2;74;61;78m▀[38;2;146;135;149;48;2;77;64;82m▀[38;2;84;73;89;48;2;74;62;79m▀[38;2;69;55;74;48;2;74;64;81m▀[38;2;76;64;81;48;2;74;63;81m▀[38;2;76;63;78;48;2;77;61;79m▀[38;2;71;46;50;48;2;56;26;30m▀[38;2;176;145;151;48;2;146;112;119m▀[38;2;189;137;149;48;2;206;158;169m▀[38;2;192;159;161;48;2;247;238;235m▀[38;2;238;192;197;48;2;183;158;159m▀[38;2;250;192;201;48;2;236;183;190m▀[38;2;209;162;172;48;2;206;157;165m▀[38;2;201;192;192;48;2;185;171;172m▀[38;2;251;253;253;48;2;250;253;254m▀[38;2;254;255;254;48;2;254;255;255m▀[38;2;255;255;255;48;2;255;255;255m▀▀[38;2;255;255;253;48;2;255;255;253m▀[38;2;255;255;255;48;2;255;255;255m▀▀▀▀▀▀▀▀▀▀▀▀▀▀▀▀▀▀▀▀▀▀▀▀▀▀▀▀▀▀▀▀[0m
[38;2;254;254;254;48;2;254;254;254m▀[38;2;218;211;213;48;2;251;250;251m▀[38;2;207;168;179;48;2;171;146;152m▀[38;2;250;237;238;48;2;243;219;224m▀[38;2;203;160;170;48;2;247;228;230m▀[38;2;234;176;191;48;2;193;147;156m▀[38;2;253;189;203;48;2;253;192;206m▀[38;2;230;162;174;48;2;253;191;203m▀[38;2;218;159;167;48;2;225;164;173m▀[38;2;252;193;200;48;2;209;151;159m▀[38;2;253;191;202;48;2;251;191;201m▀[38;2;254;190;205;48;2;253;191;205m▀[48;2;255;189;206m▀[38;2;254;190;204m▀[38;2;254;191;203;48;2;253;191;206m▀[38;2;254;191;202;48;2;251;195;206m▀[38;2;250;193;202;48;2;199;160;167m▀[38;2;203;158;162;48;2;200;183;184m▀[38;2;196;149;156;48;2;244;223;226m▀[38;2;247;192;203;48;2;247;194;207m▀[38;2;250;191;205;48;2;249;190;205m▀[38;2;253;191;206;48;2;253;190;206m▀[38;2;250;192;206;48;2;250;193;205m▀[38;2;246;192;205;48;2;222;177;185m▀[38;2;187;160;166;48;2;137;111;117m▀[38;2;89;72;86;48;2;106;87;105m▀[38;2;75;63;82;48;2;76;62;84m▀[38;2;73;62;81m▀[38;2;75;62;80;48;2;75;63;83m▀[48;2;74;63;83m▀[38;2;76;62;81;48;2;73;60;80m▀[38;2;73;64;81;48;2;75;61;81m▀[38;2;71;65;79;48;2;76;56;69m▀[38;2;76;58;72;48;2;148;117;106m▀[38;2;112;82;92;48;2;235;190;173m▀[38;2;89;45;49;48;2;155;92;97m▀[38;2;133;99;104;48;2;131;97;103m▀[38;2;213;194;197;48;2;221;208;211m▀[38;2;253;254;248;48;2;251;253;250m▀[38;2;251;248;243;48;2;250;224;230m▀[38;2;219;170;180;48;2;250;195;208m▀[38;2;221;170;179;48;2;196;146;156m▀[38;2;142;117;122;48;2;186;152;160m▀[38;2;251;251;251;48;2;219;216;215m▀[38;2;253;255;254;48;2;253;255;254m▀▀▀▀[38;2;255;255;255;48;2;255;255;255m▀▀▀▀▀▀▀▀▀▀▀▀▀▀▀▀▀▀▀▀▀▀▀▀▀▀▀▀▀▀▀▀[0m
[38;2;254;255;252;48;2;253;255;252m▀[38;2;254;254;252;48;2;252;255;252m▀[38;2;206;196;195;48;2;251;252;249m▀[38;2;210;174;182;48;2;175;156;161m▀[38;2;247;237;235;48;2;225;197;200m▀[38;2;216;189;193;48;2;249;240;237m▀[38;2;209;161;172;48;2;201;168;174m▀[38;2;253;192;207;48;2;210;138;157m▀[38;2;253;189;202;48;2;247;181;195m▀[38;2;245;181;193;48;2;253;189;204m▀[38;2;214;156;169;48;2;250;190;203m▀[38;2;219;174;184;48;2;247;211;218m▀[38;2;234;181;194;48;2;234;223;225m▀[38;2;234;179;194;48;2;228;219;222m▀[38;2;200;156;167;48;2;247;239;242m▀[38;2;181;155;160;48;2;253;253;251m▀[38;2;219;216;215;48;2;253;254;252m▀[38;2;254;254;252;48;2;254;254;254m▀[38;2;254;254;254;48;2;254;254;255m▀[38;2;251;245;247;48;2;255;254;255m▀[38;2;245;219;227;48;2;253;253;254m▀[38;2;245;195;209;48;2;233;221;225m▀[38;2;232;185;191;48;2;184;161;171m▀[38;2;152;127;137;48;2;134;109;130m▀[38;2;110;90;109;48;2;132;111;134m▀[38;2;126;108;129;48;2;126;108;131m▀[38;2;92;78;101;48;2;114;100;123m▀[38;2;74;59;82;48;2;89;75;98m▀[38;2;76;60;84;48;2;78;59;81m▀[38;2;72;65;81;48;2;92;63;63m▀[38;2;76;62;74;48;2;171;134;125m▀[38;2;95;67;68;48;2;244;193;174m▀[38;2;198;158;141;48;2;252;196;166m▀[38;2;244;197;172;48;2;251;196;166m▀[38;2;225;176;154;48;2;208;161;141m▀[38;2;172;102;106;48;2;181;112;118m▀[38;2;149;108;116;48;2;152;109;117m▀[38;2;237;229;228;48;2;241;228;229m▀[38;2;249;233;234;48;2;248;195;207m▀[38;2;249;195;209;48;2;252;193;209m▀[38;2;237;186;199;48;2;192;145;157m▀[38;2;199;157;167;48;2;242;203;215m▀[38;2;247;220;229;48;2;242;224;229m▀[38;2;170;157;160;48;2;141;110;119m▀[38;2;253;254;254;48;2;251;252;251m▀[38;2;253;255;254;48;2;253;255;254m▀▀▀[38;2;255;255;255;48;2;255;255;255m▀▀▀▀▀▀▀▀▀▀▀▀▀▀▀▀▀▀▀▀▀▀▀▀▀▀▀▀▀▀▀▀[0m
[?25h